// Auto-generated from platforms/android/app/src/main/res/mipmap/icon.png
// (128x128 GC RGBA8 BTI blob: the Dusklight hero icon).
alignas(32) const u8 l_dusklightLogo[] = {
    0x06, 0x01, 0x00, 0x80, 0x00, 0x80, 0x00, 0x00, 0x00, 0x00, 0x00, 0x00, 0x00, 0x00, 0x00, 0x00,
    0x00, 0x00, 0x00, 0x00, 0x01, 0x01, 0x00, 0x00, 0x01, 0x00, 0x00, 0x00, 0x00, 0x00, 0x00, 0x20,
    0x00, 0x00, 0x00, 0x00, 0x00, 0x00, 0x00, 0x00, 0x00, 0x00, 0x00, 0x00, 0x00, 0x00, 0x00, 0x00,
    0x00, 0x00, 0x00, 0x00, 0x00, 0x00, 0x00, 0x00, 0x00, 0x00, 0x00, 0x00, 0x00, 0x00, 0x00, 0x00,
    0x00, 0x00, 0x00, 0x00, 0x00, 0x00, 0x00, 0x00, 0x00, 0x00, 0x00, 0x00, 0x00, 0x00, 0x00, 0x00,
    0x00, 0x00, 0x00, 0x00, 0x00, 0x00, 0x00, 0x00, 0x00, 0x00, 0x00, 0x00, 0x00, 0x00, 0x00, 0x00,
    0x00, 0x00, 0x00, 0x00, 0x00, 0x00, 0x00, 0x00, 0x00, 0x00, 0x00, 0x00, 0x00, 0x00, 0x00, 0x00,
    0x00, 0x00, 0x00, 0x00, 0x00, 0x00, 0x00, 0x00, 0x00, 0x00, 0x00, 0x00, 0x00, 0x00, 0x00, 0x00,
    0x00, 0x00, 0x00, 0x00, 0x00, 0x00, 0x00, 0x00, 0x00, 0x00, 0x00, 0x00, 0x00, 0x00, 0x00, 0x00,
    0x00, 0x00, 0x00, 0x00, 0x00, 0x00, 0x00, 0x00, 0x00, 0x00, 0x00, 0x00, 0x00, 0x00, 0x00, 0x00,
    0x00, 0x00, 0x00, 0x00, 0x00, 0x00, 0x00, 0x00, 0x00, 0x00, 0x00, 0x00, 0x00, 0x00, 0x00, 0x00,
    0x00, 0x00, 0x00, 0x00, 0x00, 0x00, 0x00, 0x00, 0x00, 0x00, 0x00, 0x00, 0x00, 0x00, 0x00, 0x00,
    0x00, 0x00, 0x00, 0x00, 0x00, 0x00, 0x00, 0x00, 0x00, 0x00, 0x00, 0x00, 0x00, 0x00, 0x00, 0x00,
    0x00, 0x00, 0x00, 0x00, 0x00, 0x00, 0x00, 0x00, 0x00, 0x00, 0x00, 0x00, 0x00, 0x00, 0x00, 0x00,
    0x00, 0x00, 0x00, 0x00, 0x00, 0x00, 0x00, 0x00, 0x00, 0x00, 0x00, 0x00, 0x00, 0x00, 0x00, 0x00,
    0x00, 0x00, 0x00, 0x00, 0x00, 0x00, 0x00, 0x00, 0x00, 0x00, 0x00, 0x00, 0x00, 0x00, 0x00, 0x00,
    0x00, 0x00, 0x00, 0x00, 0x00, 0x00, 0x00, 0x00, 0x00, 0x00, 0x00, 0x00, 0x00, 0x00, 0x00, 0x00,
    0x00, 0x00, 0x00, 0x00, 0x00, 0x00, 0x00, 0x00, 0x00, 0x00, 0x00, 0x00, 0x00, 0x00, 0x00, 0x00,
    0x00, 0x00, 0x00, 0x00, 0x00, 0x00, 0x00, 0x00, 0x00, 0x00, 0x00, 0x00, 0x00, 0x00, 0x00, 0x00,
    0x00, 0x00, 0x00, 0x00, 0x00, 0x00, 0x00, 0x00, 0x00, 0x00, 0x00, 0x00, 0x00, 0x00, 0x00, 0x00,
    0x00, 0x00, 0x00, 0x00, 0x00, 0x00, 0x00, 0x00, 0x00, 0x00, 0x00, 0x00, 0x00, 0x00, 0x00, 0x00,
    0x00, 0x00, 0x00, 0x00, 0x00, 0x00, 0x00, 0x00, 0x00, 0x00, 0x00, 0x00, 0x00, 0x00, 0x00, 0x00,
    0x00, 0x00, 0x00, 0x00, 0x00, 0x00, 0x00, 0x00, 0x00, 0x00, 0x00, 0x00, 0x00, 0x00, 0x00, 0x00,
    0x00, 0x00, 0x00, 0x00, 0x00, 0x00, 0x00, 0x00, 0x00, 0x00, 0x00, 0x00, 0x00, 0x00, 0x00, 0x00,
    0x00, 0x00, 0x00, 0x00, 0x00, 0x00, 0x00, 0x00, 0x00, 0x00, 0x00, 0x00, 0x00, 0x00, 0x00, 0x00,
    0x00, 0x00, 0x00, 0x00, 0x00, 0x00, 0x00, 0x00, 0x00, 0x00, 0x00, 0x00, 0x00, 0x00, 0x00, 0x00,
    0x00, 0x00, 0x00, 0x00, 0x00, 0x00, 0x00, 0x00, 0x00, 0x00, 0x00, 0x00, 0x00, 0x00, 0x00, 0x00,
    0x00, 0x00, 0x00, 0x00, 0x00, 0x00, 0x00, 0x00, 0x00, 0x00, 0x00, 0x00, 0x00, 0x00, 0x00, 0x00,
    0x00, 0x00, 0x00, 0x00, 0x00, 0x00, 0x00, 0x00, 0x00, 0x00, 0x00, 0x00, 0x00, 0x00, 0x00, 0x00,
    0x00, 0x00, 0x00, 0x00, 0x00, 0x00, 0x00, 0x00, 0x00, 0x00, 0x00, 0x00, 0x00, 0x00, 0x00, 0x00,
    0x00, 0x00, 0x00, 0x00, 0x00, 0x00, 0x00, 0x00, 0x00, 0x00, 0x00, 0x00, 0x00, 0x00, 0x00, 0x00,
    0x00, 0x00, 0x00, 0x00, 0x00, 0x00, 0x00, 0x00, 0x00, 0x00, 0x00, 0x00, 0x00, 0x00, 0x00, 0x00,
    0x00, 0x00, 0x00, 0x00, 0x00, 0x00, 0x00, 0x00, 0x00, 0x00, 0x00, 0x00, 0x00, 0x00, 0x00, 0x00,
    0x00, 0x00, 0x00, 0x00, 0x00, 0x00, 0x00, 0x00, 0x00, 0x00, 0x00, 0x00, 0x00, 0x00, 0x00, 0x00,
    0x00, 0x00, 0x00, 0x00, 0x00, 0x00, 0x00, 0x00, 0x00, 0x00, 0x00, 0x00, 0x00, 0x00, 0x00, 0x00,
    0x00, 0x00, 0x00, 0x00, 0x00, 0x00, 0x00, 0x00, 0x00, 0x00, 0x00, 0x00, 0x00, 0x00, 0x02, 0x00,
    0x00, 0x00, 0x00, 0x00, 0x00, 0x00, 0x00, 0x00, 0x00, 0x00, 0x00, 0x00, 0x00, 0x00, 0x00, 0x00,
    0x00, 0x00, 0x00, 0x00, 0x00, 0x00, 0x00, 0x00, 0x00, 0x00, 0x00, 0x00, 0x00, 0x00, 0x00, 0x00,
    0x00, 0x00, 0x00, 0x00, 0x00, 0x00, 0x00, 0x00, 0x00, 0x00, 0x00, 0x00, 0x00, 0x00, 0x00, 0x00,
    0x00, 0x00, 0x01, 0x00, 0x04, 0x00, 0x01, 0x00, 0x03, 0x00, 0x00, 0x00, 0x00, 0x00, 0x00, 0x01,
    0x00, 0x00, 0x00, 0x00, 0x00, 0x00, 0x00, 0x00, 0x00, 0x00, 0x00, 0x00, 0x00, 0x00, 0x00, 0x00,
    0x00, 0x00, 0x00, 0x00, 0x00, 0x00, 0x00, 0x00, 0x00, 0x00, 0x00, 0x00, 0x00, 0x00, 0x01, 0x01,
    0x00, 0x00, 0x00, 0x00, 0x00, 0x00, 0x00, 0x00, 0x02, 0x00, 0x03, 0x00, 0x04, 0x00, 0x04, 0x00,
    0x00, 0x00, 0x00, 0x00, 0x00, 0x00, 0x00, 0x00, 0x24, 0x15, 0x56, 0x0E, 0x80, 0x09, 0x9B, 0x08,
    0x00, 0x00, 0x00, 0x00, 0x00, 0x00, 0x00, 0x00, 0x00, 0x00, 0x00, 0x00, 0x00, 0x00, 0x00, 0x00,
    0x00, 0x00, 0x00, 0x00, 0x00, 0x00, 0x00, 0x00, 0x15, 0x1C, 0x0E, 0x14, 0x0B, 0x0F, 0x08, 0x0B,
    0x00, 0x00, 0x00, 0x00, 0x00, 0x00, 0x00, 0x00, 0x03, 0x00, 0x04, 0x00, 0x04, 0x00, 0x03, 0x00,
    0x00, 0x00, 0x00, 0x00, 0x00, 0x00, 0x00, 0x00, 0xA6, 0x06, 0x9A, 0x08, 0x7B, 0x0A, 0x48, 0x0A,
    0x00, 0x00, 0x00, 0x00, 0x00, 0x00, 0x00, 0x00, 0x00, 0x00, 0x00, 0x00, 0x00, 0x00, 0x00, 0x00,
    0x00, 0x01, 0x00, 0x00, 0x00, 0x00, 0x00, 0x00, 0x07, 0x09, 0x09, 0x0B, 0x0C, 0x10, 0x0A, 0x11,
    0x00, 0x00, 0x00, 0x00, 0x00, 0x00, 0x00, 0x00, 0x01, 0x00, 0x00, 0x00, 0x00, 0x00, 0x00, 0x00,
    0x00, 0x00, 0x03, 0x00, 0x00, 0x00, 0x00, 0x00, 0x0C, 0x15, 0x00, 0x00, 0x01, 0x00, 0x00, 0x00,
    0x00, 0x00, 0x00, 0x00, 0x00, 0x00, 0x00, 0x00, 0x00, 0x00, 0x00, 0x00, 0x00, 0x00, 0x00, 0x00,
    0x00, 0x00, 0x00, 0x00, 0x00, 0x00, 0x00, 0x00, 0x15, 0x2A, 0x00, 0x00, 0x00, 0x00, 0x00, 0x00,
    0x00, 0x00, 0x00, 0x00, 0x00, 0x00, 0x00, 0x00, 0x00, 0x00, 0x00, 0x00, 0x00, 0x00, 0x00, 0x00,
    0x00, 0x00, 0x00, 0x00, 0x00, 0x00, 0x00, 0x00, 0x00, 0x00, 0x00, 0x00, 0x00, 0x00, 0x00, 0x00,
    0x00, 0x00, 0x00, 0x00, 0x00, 0x00, 0x00, 0x00, 0x00, 0x00, 0x00, 0x00, 0x00, 0x00, 0x00, 0x00,
    0x00, 0x00, 0x00, 0x00, 0x00, 0x00, 0x00, 0x00, 0x00, 0x00, 0x00, 0x00, 0x00, 0x00, 0x00, 0x00,
    0x00, 0x00, 0x00, 0x00, 0x00, 0x00, 0x00, 0x00, 0x00, 0x00, 0x00, 0x00, 0x00, 0x00, 0x00, 0x00,
    0x00, 0x00, 0x00, 0x00, 0x00, 0x00, 0x00, 0x00, 0x00, 0x00, 0x00, 0x00, 0x00, 0x00, 0x00, 0x00,
    0x00, 0x00, 0x00, 0x00, 0x00, 0x00, 0x00, 0x00, 0x00, 0x00, 0x00, 0x00, 0x00, 0x00, 0x00, 0x00,
    0x00, 0x00, 0x00, 0x00, 0x00, 0x00, 0x00, 0x00, 0x00, 0x00, 0x00, 0x00, 0x00, 0x00, 0x00, 0x00,
    0x00, 0x00, 0x00, 0x00, 0x00, 0x00, 0x00, 0x00, 0x00, 0x00, 0x00, 0x00, 0x00, 0x00, 0x00, 0x00,
    0x00, 0x00, 0x00, 0x00, 0x00, 0x00, 0x00, 0x00, 0x00, 0x00, 0x00, 0x00, 0x00, 0x00, 0x00, 0x00,
    0x00, 0x00, 0x00, 0x00, 0x00, 0x00, 0x00, 0x00, 0x00, 0x00, 0x00, 0x00, 0x00, 0x00, 0x00, 0x00,
    0x00, 0x00, 0x00, 0x00, 0x00, 0x00, 0x00, 0x00, 0x00, 0x00, 0x00, 0x00, 0x00, 0x00, 0x00, 0x00,
    0x00, 0x00, 0x00, 0x00, 0x00, 0x00, 0x00, 0x00, 0x00, 0x00, 0x00, 0x00, 0x00, 0x00, 0x00, 0x00,
    0x00, 0x00, 0x00, 0x00, 0x00, 0x00, 0x00, 0x00, 0x00, 0x00, 0x00, 0x00, 0x00, 0x00, 0x00, 0x00,
    0x00, 0x00, 0x00, 0x00, 0x00, 0x00, 0x00, 0x00, 0x00, 0x00, 0x00, 0x00, 0x00, 0x00, 0x00, 0x00,
    0x00, 0x00, 0x00, 0x00, 0x00, 0x00, 0x00, 0x00, 0x00, 0x00, 0x00, 0x00, 0x00, 0x00, 0x00, 0x00,
    0x00, 0x00, 0x00, 0x00, 0x00, 0x00, 0x00, 0x00, 0x00, 0x00, 0x00, 0x00, 0x00, 0x00, 0x00, 0x00,
    0x00, 0x00, 0x00, 0x00, 0x00, 0x00, 0x00, 0x00, 0x00, 0x00, 0x00, 0x00, 0x00, 0x00, 0x00, 0x00,
    0x00, 0x00, 0x00, 0x00, 0x00, 0x00, 0x00, 0x00, 0x00, 0x00, 0x00, 0x00, 0x00, 0x00, 0x00, 0x00,
    0x00, 0x00, 0x00, 0x00, 0x00, 0x00, 0x00, 0x00, 0x00, 0x00, 0x00, 0x00, 0x00, 0x00, 0x00, 0x00,
    0x00, 0x00, 0x00, 0x00, 0x00, 0x00, 0x00, 0x00, 0x00, 0x00, 0x00, 0x00, 0x00, 0x00, 0x00, 0x00,
    0x00, 0x00, 0x00, 0x00, 0x00, 0x00, 0x00, 0x00, 0x00, 0x00, 0x00, 0x00, 0x00, 0x00, 0x00, 0x00,
    0x00, 0x00, 0x00, 0x00, 0x00, 0x00, 0x00, 0x00, 0x00, 0x00, 0x00, 0x00, 0x00, 0x00, 0x00, 0x00,
    0x00, 0x00, 0x00, 0x00, 0x00, 0x00, 0x00, 0x00, 0x00, 0x00, 0x00, 0x00, 0x00, 0x00, 0x00, 0x00,
    0x00, 0x00, 0x00, 0x00, 0x00, 0x00, 0x00, 0x00, 0x00, 0x00, 0x00, 0x00, 0x00, 0x00, 0x01, 0x00,
    0x00, 0x00, 0x00, 0x00, 0x03, 0x00, 0x00, 0x00, 0x00, 0x00, 0x01, 0x00, 0x00, 0x00, 0x0C, 0x15,
    0x00, 0x00, 0x00, 0x00, 0x00, 0x00, 0x00, 0x00, 0x00, 0x00, 0x00, 0x00, 0x00, 0x00, 0x00, 0x00,
    0x00, 0x00, 0x00, 0x00, 0x00, 0x00, 0x00, 0x00, 0x00, 0x00, 0x00, 0x00, 0x00, 0x00, 0x15, 0x2A,
    0x00, 0x00, 0x00, 0x00, 0x00, 0x00, 0x00, 0x00, 0x03, 0x00, 0x04, 0x00, 0x04, 0x00, 0x03, 0x00,
    0x00, 0x00, 0x00, 0x00, 0x00, 0x00, 0x00, 0x00, 0x48, 0x0A, 0x7B, 0x0A, 0x9A, 0x08, 0xA6, 0x06,
    0x00, 0x00, 0x00, 0x00, 0x00, 0x00, 0x00, 0x00, 0x00, 0x00, 0x00, 0x00, 0x00, 0x00, 0x00, 0x00,
    0x00, 0x00, 0x00, 0x00, 0x00, 0x00, 0x00, 0x01, 0x0A, 0x11, 0x0C, 0x10, 0x09, 0x0B, 0x07, 0x09,
    0x00, 0x00, 0x00, 0x00, 0x00, 0x00, 0x00, 0x00, 0x04, 0x00, 0x04, 0x00, 0x03, 0x00, 0x02, 0x00,
    0x00, 0x00, 0x00, 0x00, 0x00, 0x00, 0x00, 0x00, 0x9B, 0x08, 0x80, 0x09, 0x56, 0x0E, 0x24, 0x15,
    0x00, 0x00, 0x00, 0x00, 0x00, 0x00, 0x00, 0x00, 0x00, 0x00, 0x00, 0x00, 0x00, 0x00, 0x00, 0x00,
    0x00, 0x00, 0x00, 0x00, 0x00, 0x00, 0x00, 0x00, 0x08, 0x0B, 0x0B, 0x0F, 0x0E, 0x14, 0x15, 0x1C,
    0x00, 0x00, 0x00, 0x00, 0x00, 0x00, 0x00, 0x00, 0x00, 0x00, 0x00, 0x00, 0x00, 0x00, 0x00, 0x00,
    0x01, 0x00, 0x04, 0x00, 0x01, 0x00, 0x00, 0x00, 0x00, 0x01, 0x00, 0x00, 0x00, 0x00, 0x03, 0x00,
    0x00, 0x00, 0x00, 0x00, 0x00, 0x00, 0x00, 0x00, 0x00, 0x00, 0x00, 0x00, 0x00, 0x00, 0x00, 0x00,
    0x00, 0x00, 0x00, 0x00, 0x00, 0x00, 0x00, 0x00, 0x01, 0x01, 0x00, 0x00, 0x00, 0x00, 0x00, 0x00,
    0x00, 0x00, 0x00, 0x00, 0x00, 0x00, 0x00, 0x00, 0x00, 0x00, 0x00, 0x00, 0x00, 0x00, 0x00, 0x00,
    0x00, 0x00, 0x00, 0x00, 0x00, 0x00, 0x00, 0x00, 0x02, 0x00, 0x00, 0x00, 0x00, 0x00, 0x00, 0x00,
    0x00, 0x00, 0x00, 0x00, 0x00, 0x00, 0x00, 0x00, 0x00, 0x00, 0x00, 0x00, 0x00, 0x00, 0x00, 0x00,
    0x00, 0x00, 0x00, 0x00, 0x00, 0x00, 0x00, 0x00, 0x00, 0x00, 0x00, 0x00, 0x00, 0x00, 0x00, 0x00,
    0x00, 0x00, 0x00, 0x00, 0x00, 0x00, 0x00, 0x00, 0x00, 0x00, 0x00, 0x00, 0x00, 0x00, 0x00, 0x00,
    0x00, 0x00, 0x00, 0x00, 0x00, 0x00, 0x00, 0x00, 0x00, 0x00, 0x00, 0x00, 0x00, 0x00, 0x00, 0x00,
    0x00, 0x00, 0x00, 0x00, 0x00, 0x00, 0x00, 0x00, 0x00, 0x00, 0x00, 0x00, 0x00, 0x00, 0x00, 0x00,
    0x00, 0x00, 0x00, 0x00, 0x00, 0x00, 0x00, 0x00, 0x00, 0x00, 0x00, 0x00, 0x00, 0x00, 0x00, 0x00,
    0x00, 0x00, 0x00, 0x00, 0x00, 0x00, 0x00, 0x00, 0x00, 0x00, 0x00, 0x00, 0x00, 0x00, 0x00, 0x00,
    0x00, 0x00, 0x00, 0x00, 0x00, 0x00, 0x00, 0x00, 0x00, 0x00, 0x00, 0x00, 0x00, 0x00, 0x00, 0x00,
    0x00, 0x00, 0x00, 0x00, 0x00, 0x00, 0x00, 0x00, 0x00, 0x00, 0x00, 0x00, 0x00, 0x00, 0x00, 0x00,
    0x00, 0x00, 0x00, 0x00, 0x00, 0x00, 0x00, 0x00, 0x00, 0x00, 0x00, 0x00, 0x00, 0x00, 0x00, 0x00,
    0x00, 0x00, 0x00, 0x00, 0x00, 0x00, 0x00, 0x00, 0x00, 0x00, 0x00, 0x00, 0x00, 0x00, 0x00, 0x00,
    0x00, 0x00, 0x00, 0x00, 0x00, 0x00, 0x00, 0x00, 0x00, 0x00, 0x00, 0x00, 0x00, 0x00, 0x00, 0x00,
    0x00, 0x00, 0x00, 0x00, 0x00, 0x00, 0x00, 0x00, 0x00, 0x00, 0x00, 0x00, 0x00, 0x00, 0x00, 0x00,
    0x00, 0x00, 0x00, 0x00, 0x00, 0x00, 0x00, 0x00, 0x00, 0x00, 0x00, 0x00, 0x00, 0x00, 0x00, 0x00,
    0x00, 0x00, 0x00, 0x00, 0x00, 0x00, 0x00, 0x00, 0x00, 0x00, 0x00, 0x00, 0x00, 0x00, 0x00, 0x00,
    0x00, 0x00, 0x00, 0x00, 0x00, 0x00, 0x00, 0x00, 0x00, 0x00, 0x00, 0x00, 0x00, 0x00, 0x00, 0x00,
    0x00, 0x00, 0x00, 0x00, 0x00, 0x00, 0x00, 0x00, 0x00, 0x00, 0x00, 0x00, 0x00, 0x00, 0x00, 0x00,
    0x00, 0x00, 0x00, 0x00, 0x00, 0x00, 0x00, 0x00, 0x00, 0x00, 0x00, 0x00, 0x00, 0x00, 0x00, 0x00,
    0x00, 0x00, 0x00, 0x00, 0x00, 0x00, 0x00, 0x00, 0x00, 0x00, 0x00, 0x00, 0x00, 0x00, 0x00, 0x00,
    0x00, 0x00, 0x00, 0x00, 0x00, 0x00, 0x00, 0x00, 0x00, 0x00, 0x00, 0x00, 0x00, 0x00, 0x00, 0x00,
    0x00, 0x00, 0x00, 0x00, 0x00, 0x00, 0x00, 0x00, 0x00, 0x00, 0x00, 0x00, 0x00, 0x00, 0x00, 0x00,
    0x00, 0x00, 0x00, 0x00, 0x00, 0x00, 0x00, 0x00, 0x00, 0x00, 0x00, 0x00, 0x00, 0x00, 0x00, 0x00,
    0x00, 0x00, 0x00, 0x00, 0x00, 0x00, 0x00, 0x00, 0x00, 0x00, 0x00, 0x00, 0x00, 0x00, 0x00, 0x00,
    0x00, 0x00, 0x00, 0x00, 0x00, 0x00, 0x00, 0x00, 0x00, 0x00, 0x00, 0x00, 0x00, 0x00, 0x00, 0x00,
    0x00, 0x00, 0x00, 0x00, 0x00, 0x00, 0x00, 0x00, 0x00, 0x00, 0x00, 0x00, 0x00, 0x00, 0x00, 0x00,
    0x00, 0x00, 0x00, 0x00, 0x00, 0x00, 0x00, 0x00, 0x00, 0x00, 0x00, 0x00, 0x00, 0x00, 0x00, 0x00,
    0x00, 0x00, 0x00, 0x00, 0x00, 0x00, 0x00, 0x00, 0x00, 0x00, 0x00, 0x00, 0x00, 0x00, 0x00, 0x00,
    0x00, 0x00, 0x00, 0x00, 0x00, 0x00, 0x00, 0x00, 0x00, 0x00, 0x00, 0x00, 0x00, 0x00, 0x00, 0x00,
    0x00, 0x00, 0x00, 0x00, 0x00, 0x00, 0x00, 0x00, 0x00, 0x00, 0x00, 0x00, 0x00, 0x00, 0x00, 0x00,
    0x00, 0x00, 0x00, 0x00, 0x00, 0x00, 0x00, 0x00, 0x00, 0x00, 0x00, 0x00, 0x00, 0x00, 0x00, 0x00,
    0x00, 0x00, 0x00, 0x00, 0x00, 0x00, 0x00, 0x00, 0x00, 0x00, 0x00, 0x00, 0x00, 0x00, 0x00, 0x00,
    0x00, 0x00, 0x00, 0x00, 0x00, 0x00, 0x00, 0x00, 0x00, 0x00, 0x00, 0x00, 0x00, 0x00, 0x00, 0x00,
    0x00, 0x00, 0x00, 0x00, 0x00, 0x00, 0x00, 0x00, 0x00, 0x00, 0x00, 0x00, 0x00, 0x00, 0x00, 0x00,
    0x00, 0x00, 0x00, 0x00, 0x00, 0x00, 0x00, 0x00, 0x00, 0x00, 0x00, 0x00, 0x00, 0x00, 0x00, 0x00,
    0x00, 0x00, 0x00, 0x00, 0x00, 0x00, 0x00, 0x00, 0x00, 0x00, 0x00, 0x00, 0x00, 0x00, 0x00, 0x00,
    0x00, 0x00, 0x00, 0x00, 0x00, 0x00, 0x00, 0x00, 0x00, 0x00, 0x00, 0x00, 0x00, 0x00, 0x00, 0x00,
    0x00, 0x00, 0x00, 0x00, 0x00, 0x00, 0x00, 0x00, 0x00, 0x00, 0x00, 0x00, 0x00, 0x00, 0x00, 0x00,
    0x00, 0x00, 0x00, 0x00, 0x00, 0x00, 0x00, 0x00, 0x00, 0x00, 0x00, 0x00, 0x00, 0x00, 0x00, 0x00,
    0x00, 0x00, 0x00, 0x00, 0x00, 0x00, 0x00, 0x00, 0x00, 0x00, 0x00, 0x00, 0x00, 0x00, 0x00, 0x00,
    0x00, 0x00, 0x00, 0x00, 0x00, 0x00, 0x00, 0x00, 0x00, 0x00, 0x00, 0x00, 0x00, 0x00, 0x00, 0x00,
    0x00, 0x00, 0x00, 0x00, 0x00, 0x00, 0x00, 0x00, 0x00, 0x00, 0x00, 0x00, 0x00, 0x00, 0x00, 0x00,
    0x00, 0x00, 0x00, 0x00, 0x00, 0x00, 0x00, 0x00, 0x00, 0x00, 0x00, 0x00, 0x00, 0x00, 0x00, 0x00,
    0x00, 0x00, 0x00, 0x00, 0x00, 0x00, 0x00, 0x00, 0x00, 0x00, 0x00, 0x00, 0x00, 0x00, 0x00, 0x00,
    0x00, 0x00, 0x00, 0x00, 0x00, 0x00, 0x00, 0x00, 0x00, 0x00, 0x00, 0x00, 0x00, 0x00, 0x00, 0x00,
    0x00, 0x00, 0x00, 0x00, 0x00, 0x00, 0x00, 0x00, 0x00, 0x00, 0x00, 0x00, 0x00, 0x00, 0x00, 0x00,
    0x00, 0x00, 0x00, 0x00, 0x00, 0x00, 0x00, 0x00, 0x00, 0x00, 0x00, 0x00, 0x00, 0x00, 0x00, 0x00,
    0x00, 0x00, 0x00, 0x00, 0x00, 0x00, 0x00, 0x00, 0x00, 0x00, 0x00, 0x00, 0x00, 0x00, 0x00, 0x00,
    0x00, 0x00, 0x00, 0x00, 0x00, 0x00, 0x00, 0x00, 0x00, 0x00, 0x00, 0x00, 0x00, 0x00, 0x00, 0x00,
    0x00, 0x00, 0x00, 0x00, 0x00, 0x00, 0x00, 0x00, 0x00, 0x00, 0x00, 0x00, 0x00, 0x00, 0x00, 0x00,
    0x00, 0x00, 0x00, 0x00, 0x00, 0x00, 0x00, 0x00, 0x00, 0x00, 0x00, 0x00, 0x00, 0x00, 0x00, 0x00,
    0x00, 0x00, 0x00, 0x00, 0x00, 0x00, 0x00, 0x00, 0x00, 0x00, 0x00, 0x00, 0x00, 0x00, 0x00, 0x00,
    0x00, 0x00, 0x00, 0x00, 0x00, 0x00, 0x00, 0x00, 0x00, 0x00, 0x00, 0x00, 0x00, 0x00, 0x00, 0x00,
    0x00, 0x00, 0x00, 0x00, 0x00, 0x00, 0x00, 0x00, 0x00, 0x00, 0x00, 0x00, 0x00, 0x00, 0x00, 0x00,
    0x00, 0x00, 0x00, 0x00, 0x00, 0x00, 0x00, 0x00, 0x00, 0x00, 0x00, 0x00, 0x00, 0x00, 0x00, 0x00,
    0x00, 0x00, 0x00, 0x00, 0x00, 0x00, 0x00, 0x00, 0x00, 0x00, 0x00, 0x00, 0x00, 0x00, 0x00, 0x00,
    0x00, 0x00, 0x00, 0x00, 0x00, 0x00, 0x00, 0x00, 0x00, 0x00, 0x00, 0x00, 0x00, 0x00, 0x00, 0x00,
    0x00, 0x00, 0x00, 0x00, 0x00, 0x00, 0x00, 0x00, 0x00, 0x00, 0x00, 0x00, 0x00, 0x00, 0x00, 0x00,
    0x00, 0x00, 0x00, 0x00, 0x00, 0x00, 0x00, 0x00, 0x00, 0x00, 0x00, 0x00, 0x00, 0x00, 0x00, 0x00,
    0x00, 0x00, 0x00, 0x00, 0x00, 0x00, 0x00, 0x00, 0x00, 0x00, 0x00, 0x00, 0x00, 0x00, 0x00, 0x00,
    0x00, 0x00, 0x00, 0x00, 0x00, 0x00, 0x00, 0x00, 0x00, 0x00, 0x00, 0x00, 0x00, 0x00, 0x00, 0x00,
    0x00, 0x00, 0x00, 0x00, 0x00, 0x00, 0x00, 0x00, 0x00, 0x00, 0x00, 0x00, 0x00, 0x00, 0x00, 0x00,
    0x00, 0x00, 0x00, 0x00, 0x00, 0x00, 0x00, 0x00, 0x00, 0x00, 0x00, 0x00, 0x00, 0x00, 0x00, 0x00,
    0x00, 0x00, 0x00, 0x00, 0x00, 0x00, 0x00, 0x00, 0x00, 0x00, 0x00, 0x00, 0x00, 0x00, 0x00, 0x00,
    0x00, 0x00, 0x00, 0x00, 0x00, 0x00, 0x04, 0x00, 0x00, 0x00, 0x00, 0x00, 0x03, 0x00, 0x00, 0x00,
    0x00, 0x00, 0x00, 0x00, 0x00, 0x00, 0x00, 0x00, 0x00, 0x00, 0x00, 0x00, 0x00, 0x00, 0x00, 0x00,
    0x00, 0x00, 0x00, 0x00, 0x00, 0x00, 0x00, 0x00, 0x00, 0x00, 0x00, 0x00, 0x00, 0x00, 0x00, 0x00,
    0x00, 0x00, 0x01, 0x00, 0x03, 0x00, 0x00, 0x00, 0x02, 0x00, 0x00, 0x00, 0x00, 0x00, 0x21, 0x0F,
    0x00, 0x00, 0x05, 0x33, 0x7A, 0x06, 0xF0, 0x04, 0x32, 0x0A, 0xCA, 0x05, 0xFF, 0x00, 0xFF, 0x00,
    0x00, 0x00, 0x00, 0x00, 0x00, 0x00, 0x00, 0x00, 0x00, 0x00, 0x00, 0x00, 0x00, 0x00, 0x0F, 0x17,
    0x00, 0x00, 0x33, 0x33, 0x06, 0x0A, 0x04, 0x05, 0x0A, 0x0F, 0x05, 0x07, 0x00, 0x00, 0x00, 0x00,
    0x00, 0x00, 0x1C, 0x12, 0x73, 0x08, 0xC7, 0x05, 0x92, 0x06, 0xEF, 0x02, 0xFF, 0x00, 0xFF, 0x00,
    0xFF, 0x00, 0xFF, 0x00, 0xFB, 0x35, 0xFD, 0x88, 0xFB, 0x2F, 0xFE, 0x94, 0xFF, 0xCF, 0xFF, 0xD5,
    0x00, 0x00, 0x12, 0x1B, 0x0B, 0x0F, 0x05, 0x06, 0x06, 0x0A, 0x02, 0x03, 0x00, 0x00, 0x00, 0x00,
    0x00, 0x00, 0x00, 0x00, 0x3A, 0x4D, 0x95, 0xB2, 0x32, 0x45, 0xA2, 0xC3, 0xE2, 0xFF, 0xE6, 0xFF,
    0xF9, 0x00, 0xFF, 0x00, 0xFF, 0x00, 0xFF, 0x00, 0xFF, 0x13, 0xFC, 0x40, 0xFB, 0x67, 0xFB, 0x83,
    0xFE, 0xC2, 0xFF, 0xD9, 0xFF, 0xDA, 0xFF, 0xD9, 0xFF, 0xC9, 0xFF, 0xB9, 0xFF, 0xAD, 0xFF, 0xA8,
    0x00, 0x00, 0x00, 0x00, 0x00, 0x00, 0x00, 0x00, 0x15, 0x1E, 0x45, 0x5A, 0x70, 0x8C, 0x8E, 0xAB,
    0xD3, 0xF3, 0xEC, 0xFF, 0xED, 0xFF, 0xEC, 0xFF, 0xD7, 0xFF, 0xC7, 0xFF, 0xB9, 0xFF, 0xB4, 0xFE,
    0xFF, 0x00, 0xFF, 0x00, 0xFF, 0x00, 0xFF, 0x00, 0xFB, 0x8C, 0xFB, 0x7B, 0xFB, 0x50, 0xFD, 0x12,
    0xFF, 0xDC, 0xFF, 0xE3, 0xFF, 0xDF, 0xFF, 0xB5, 0xFF, 0xA9, 0xFF, 0xAC, 0xFF, 0xBE, 0xFF, 0xCC,
    0x00, 0x00, 0x00, 0x00, 0x00, 0x00, 0x00, 0x00, 0x98, 0xB2, 0x86, 0x9E, 0x57, 0x6C, 0x13, 0x1D,
    0xEF, 0xFF, 0xF5, 0xFF, 0xF0, 0xFF, 0xC4, 0xF1, 0xB5, 0xFE, 0xB9, 0xFA, 0xCD, 0xFA, 0xDC, 0xFF,
    0xE0, 0x04, 0x70, 0x04, 0x00, 0x01, 0x01, 0x00, 0xFF, 0x00, 0xFF, 0x01, 0xA3, 0x03, 0x02, 0x7F,
    0xFD, 0x40, 0xF9, 0x00, 0xFF, 0x01, 0x6F, 0x04, 0xFF, 0xB4, 0xFD, 0x25, 0xFD, 0x00, 0xE2, 0x03,
    0x04, 0x06, 0x06, 0x09, 0x01, 0x01, 0x00, 0x00, 0x00, 0x00, 0x02, 0x02, 0x04, 0x06, 0x7F, 0x7F,
    0x46, 0x66, 0x00, 0x00, 0x02, 0x02, 0x06, 0x09, 0xC4, 0xFF, 0x29, 0x3E, 0x00, 0x00, 0x04, 0x05,
    0x01, 0x00, 0x00, 0x00, 0x00, 0x00, 0x00, 0x00, 0x02, 0x00, 0x01, 0x00, 0x00, 0x00, 0x00, 0x00,
    0x00, 0x00, 0x03, 0x00, 0x00, 0x00, 0x00, 0x00, 0x08, 0x1F, 0x01, 0x00, 0x01, 0x00, 0x00, 0x00,
    0x00, 0x00, 0x00, 0x00, 0x00, 0x00, 0x00, 0x00, 0x00, 0x00, 0x00, 0x00, 0x00, 0x00, 0x00, 0x00,
    0x00, 0x00, 0x00, 0x00, 0x00, 0x00, 0x00, 0x00, 0x1F, 0x1F, 0x00, 0x00, 0x00, 0x00, 0x00, 0x00,
    0x00, 0x00, 0x00, 0x00, 0x00, 0x00, 0x00, 0x00, 0x00, 0x00, 0x00, 0x00, 0x00, 0x00, 0x00, 0x00,
    0x00, 0x00, 0x00, 0x00, 0x00, 0x00, 0x00, 0x00, 0x00, 0x00, 0x00, 0x00, 0x00, 0x00, 0x00, 0x00,
    0x00, 0x00, 0x00, 0x00, 0x00, 0x00, 0x00, 0x00, 0x00, 0x00, 0x00, 0x00, 0x00, 0x00, 0x00, 0x00,
    0x00, 0x00, 0x00, 0x00, 0x00, 0x00, 0x00, 0x00, 0x00, 0x00, 0x00, 0x00, 0x00, 0x00, 0x00, 0x00,
    0x00, 0x00, 0x00, 0x00, 0x00, 0x00, 0x00, 0x00, 0x00, 0x00, 0x00, 0x00, 0x00, 0x00, 0x00, 0x00,
    0x00, 0x00, 0x00, 0x00, 0x00, 0x00, 0x00, 0x00, 0x00, 0x00, 0x00, 0x00, 0x00, 0x00, 0x00, 0x00,
    0x00, 0x00, 0x00, 0x00, 0x00, 0x00, 0x00, 0x00, 0x00, 0x00, 0x00, 0x00, 0x00, 0x00, 0x00, 0x00,
    0x00, 0x00, 0x00, 0x00, 0x00, 0x00, 0x00, 0x00, 0x00, 0x00, 0x00, 0x00, 0x00, 0x00, 0x00, 0x00,
    0x00, 0x00, 0x00, 0x00, 0x00, 0x00, 0x00, 0x00, 0x00, 0x00, 0x00, 0x00, 0x00, 0x00, 0x00, 0x00,
    0x00, 0x00, 0x00, 0x00, 0x00, 0x00, 0x00, 0x00, 0x00, 0x00, 0x00, 0x00, 0x00, 0x00, 0x00, 0x00,
    0x00, 0x00, 0x00, 0x00, 0x00, 0x00, 0x00, 0x00, 0x00, 0x00, 0x00, 0x00, 0x00, 0x00, 0x00, 0x00,
    0x00, 0x00, 0x00, 0x00, 0x00, 0x00, 0x00, 0x00, 0x00, 0x00, 0x00, 0x00, 0x00, 0x00, 0x00, 0x00,
    0x00, 0x00, 0x00, 0x00, 0x00, 0x00, 0x00, 0x00, 0x00, 0x00, 0x00, 0x00, 0x00, 0x00, 0x00, 0x00,
    0x00, 0x00, 0x00, 0x00, 0x00, 0x00, 0x00, 0x00, 0x00, 0x00, 0x00, 0x00, 0x00, 0x00, 0x00, 0x00,
    0x00, 0x00, 0x00, 0x00, 0x00, 0x00, 0x00, 0x00, 0x00, 0x00, 0x00, 0x00, 0x00, 0x00, 0x00, 0x00,
    0x00, 0x00, 0x00, 0x00, 0x00, 0x00, 0x00, 0x00, 0x00, 0x00, 0x00, 0x00, 0x00, 0x00, 0x00, 0x00,
    0x00, 0x00, 0x00, 0x00, 0x00, 0x00, 0x01, 0x00, 0x00, 0x00, 0x00, 0x00, 0x01, 0x00, 0x02, 0x00,
    0x00, 0x00, 0x00, 0x00, 0x03, 0x00, 0x00, 0x00, 0x00, 0x00, 0x01, 0x00, 0x01, 0x00, 0x08, 0x1F,
    0x00, 0x00, 0x00, 0x00, 0x00, 0x00, 0x00, 0x00, 0x00, 0x00, 0x00, 0x00, 0x00, 0x00, 0x00, 0x00,
    0x00, 0x00, 0x00, 0x00, 0x00, 0x00, 0x00, 0x00, 0x00, 0x00, 0x00, 0x00, 0x00, 0x00, 0x1F, 0x1F,
    0x01, 0x00, 0x00, 0x01, 0x70, 0x04, 0xE0, 0x04, 0x02, 0x7F, 0xA3, 0x03, 0xFF, 0x01, 0xFF, 0x00,
    0x6F, 0x04, 0xFF, 0x01, 0xF9, 0x00, 0xFD, 0x40, 0xE2, 0x03, 0xFD, 0x00, 0xFD, 0x25, 0xFF, 0xB4,
    0x00, 0x00, 0x01, 0x01, 0x06, 0x09, 0x04, 0x06, 0x7F, 0x7F, 0x04, 0x06, 0x02, 0x02, 0x00, 0x00,
    0x06, 0x09, 0x02, 0x02, 0x00, 0x00, 0x46, 0x66, 0x04, 0x05, 0x00, 0x00, 0x29, 0x3E, 0xC4, 0xFF,
    0xFF, 0x00, 0xFF, 0x00, 0xFF, 0x00, 0xFF, 0x00, 0xFD, 0x12, 0xFB, 0x50, 0xFB, 0x7B, 0xFB, 0x8C,
    0xFF, 0xB5, 0xFF, 0xDF, 0xFF, 0xE3, 0xFF, 0xDC, 0xFF, 0xCC, 0xFF, 0xBE, 0xFF, 0xAC, 0xFF, 0xA9,
    0x00, 0x00, 0x00, 0x00, 0x00, 0x00, 0x00, 0x00, 0x13, 0x1D, 0x57, 0x6C, 0x86, 0x9E, 0x98, 0xB2,
    0xC4, 0xF1, 0xF0, 0xFF, 0xF5, 0xFF, 0xEF, 0xFF, 0xDC, 0xFF, 0xCD, 0xFA, 0xB9, 0xFA, 0xB5, 0xFE,
    0xFF, 0x00, 0xFF, 0x00, 0xFF, 0x00, 0xF9, 0x00, 0xFB, 0x83, 0xFB, 0x67, 0xFC, 0x40, 0xFF, 0x13,
    0xFF, 0xD9, 0xFF, 0xDA, 0xFF, 0xD9, 0xFE, 0xC2, 0xFF, 0xA8, 0xFF, 0xAD, 0xFF, 0xB9, 0xFF, 0xC9,
    0x00, 0x00, 0x00, 0x00, 0x00, 0x00, 0x00, 0x00, 0x8E, 0xAB, 0x70, 0x8C, 0x45, 0x5A, 0x15, 0x1E,
    0xEC, 0xFF, 0xED, 0xFF, 0xEC, 0xFF, 0xD3, 0xF3, 0xB4, 0xFE, 0xB9, 0xFF, 0xC7, 0xFF, 0xD7, 0xFF,
    0xC7, 0x05, 0x73, 0x08, 0x1C, 0x12, 0x00, 0x00, 0xFF, 0x00, 0xFF, 0x00, 0xEF, 0x02, 0x92, 0x06,
    0xFD, 0x88, 0xFB, 0x35, 0xFF, 0x00, 0xFF, 0x00, 0xFF, 0xD5, 0xFF, 0xCF, 0xFE, 0x94, 0xFB, 0x2F,
    0x05, 0x06, 0x0B, 0x0F, 0x12, 0x1B, 0x00, 0x00, 0x00, 0x00, 0x00, 0x00, 0x02, 0x03, 0x06, 0x0A,
    0x95, 0xB2, 0x3A, 0x4D, 0x00, 0x00, 0x00, 0x00, 0xE6, 0xFF, 0xE2, 0xFF, 0xA2, 0xC3, 0x32, 0x45,
    0x00, 0x00, 0x03, 0x00, 0x01, 0x00, 0x00, 0x00, 0x21, 0x0F, 0x00, 0x00, 0x00, 0x00, 0x02, 0x00,
    0xF0, 0x04, 0x7A, 0x06, 0x05, 0x33, 0x00, 0x00, 0xFF, 0x00, 0xFF, 0x00, 0xCA, 0x05, 0x32, 0x0A,
    0x00, 0x00, 0x00, 0x00, 0x00, 0x00, 0x00, 0x00, 0x0F, 0x17, 0x00, 0x00, 0x00, 0x00, 0x00, 0x00,
    0x04, 0x05, 0x06, 0x0A, 0x33, 0x33, 0x00, 0x00, 0x00, 0x00, 0x00, 0x00, 0x05, 0x07, 0x0A, 0x0F,
    0x00, 0x00, 0x00, 0x00, 0x00, 0x00, 0x00, 0x00, 0x00, 0x00, 0x00, 0x00, 0x00, 0x00, 0x00, 0x00,
    0x04, 0x00, 0x00, 0x00, 0x00, 0x00, 0x00, 0x00, 0x00, 0x00, 0x03, 0x00, 0x00, 0x00, 0x00, 0x00,
    0x00, 0x00, 0x00, 0x00, 0x00, 0x00, 0x00, 0x00, 0x00, 0x00, 0x00, 0x00, 0x00, 0x00, 0x00, 0x00,
    0x00, 0x00, 0x00, 0x00, 0x00, 0x00, 0x00, 0x00, 0x00, 0x00, 0x00, 0x00, 0x00, 0x00, 0x00, 0x00,
    0x00, 0x00, 0x00, 0x00, 0x00, 0x00, 0x00, 0x00, 0x00, 0x00, 0x00, 0x00, 0x00, 0x00, 0x00, 0x00,
    0x00, 0x00, 0x00, 0x00, 0x00, 0x00, 0x00, 0x00, 0x00, 0x00, 0x00, 0x00, 0x00, 0x00, 0x00, 0x00,
    0x00, 0x00, 0x00, 0x00, 0x00, 0x00, 0x00, 0x00, 0x00, 0x00, 0x00, 0x00, 0x00, 0x00, 0x00, 0x00,
    0x00, 0x00, 0x00, 0x00, 0x00, 0x00, 0x00, 0x00, 0x00, 0x00, 0x00, 0x00, 0x00, 0x00, 0x00, 0x00,
    0x00, 0x00, 0x00, 0x00, 0x00, 0x00, 0x00, 0x00, 0x00, 0x00, 0x00, 0x00, 0x00, 0x00, 0x00, 0x00,
    0x00, 0x00, 0x00, 0x00, 0x00, 0x00, 0x00, 0x00, 0x00, 0x00, 0x00, 0x00, 0x00, 0x00, 0x00, 0x00,
    0x00, 0x00, 0x00, 0x00, 0x00, 0x00, 0x00, 0x00, 0x00, 0x00, 0x00, 0x00, 0x00, 0x00, 0x00, 0x00,
    0x00, 0x00, 0x00, 0x00, 0x00, 0x00, 0x00, 0x00, 0x00, 0x00, 0x00, 0x00, 0x00, 0x00, 0x00, 0x00,
    0x00, 0x00, 0x00, 0x00, 0x00, 0x00, 0x00, 0x00, 0x00, 0x00, 0x00, 0x00, 0x00, 0x00, 0x00, 0x00,
    0x00, 0x00, 0x00, 0x00, 0x00, 0x00, 0x00, 0x00, 0x00, 0x00, 0x00, 0x00, 0x00, 0x00, 0x00, 0x00,
    0x00, 0x00, 0x00, 0x00, 0x00, 0x00, 0x00, 0x00, 0x00, 0x00, 0x00, 0x00, 0x00, 0x00, 0x00, 0x00,
    0x00, 0x00, 0x00, 0x00, 0x00, 0x00, 0x00, 0x00, 0x00, 0x00, 0x00, 0x00, 0x00, 0x00, 0x00, 0x00,
    0x00, 0x00, 0x00, 0x00, 0x00, 0x00, 0x00, 0x00, 0x00, 0x00, 0x00, 0x00, 0x00, 0x00, 0x00, 0x00,
    0x00, 0x00, 0x00, 0x00, 0x00, 0x00, 0x00, 0x00, 0x00, 0x00, 0x00, 0x00, 0x00, 0x00, 0x00, 0x00,
    0x00, 0x00, 0x00, 0x00, 0x00, 0x00, 0x00, 0x00, 0x00, 0x00, 0x00, 0x00, 0x00, 0x00, 0x00, 0x00,
    0x00, 0x00, 0x00, 0x00, 0x00, 0x00, 0x00, 0x00, 0x00, 0x00, 0x00, 0x00, 0x00, 0x00, 0x00, 0x00,
    0x00, 0x00, 0x00, 0x00, 0x00, 0x00, 0x00, 0x00, 0x00, 0x00, 0x00, 0x00, 0x00, 0x00, 0x00, 0x00,
    0x00, 0x00, 0x00, 0x00, 0x00, 0x00, 0x00, 0x00, 0x00, 0x00, 0x00, 0x00, 0x00, 0x00, 0x00, 0x00,
    0x00, 0x00, 0x00, 0x00, 0x00, 0x00, 0x00, 0x00, 0x00, 0x00, 0x00, 0x00, 0x00, 0x00, 0x00, 0x00,
    0x00, 0x00, 0x00, 0x00, 0x00, 0x00, 0x00, 0x00, 0x00, 0x00, 0x00, 0x00, 0x00, 0x00, 0x00, 0x00,
    0x00, 0x00, 0x00, 0x00, 0x00, 0x00, 0x00, 0x00, 0x00, 0x00, 0x00, 0x00, 0x00, 0x00, 0x00, 0x00,
    0x00, 0x00, 0x00, 0x00, 0x00, 0x00, 0x00, 0x00, 0x00, 0x00, 0x00, 0x00, 0x00, 0x00, 0x00, 0x00,
    0x00, 0x00, 0x00, 0x00, 0x00, 0x00, 0x00, 0x00, 0x00, 0x00, 0x00, 0x00, 0x00, 0x00, 0x00, 0x00,
    0x00, 0x00, 0x00, 0x00, 0x00, 0x00, 0x00, 0x00, 0x00, 0x00, 0x00, 0x00, 0x00, 0x00, 0x00, 0x00,
    0x00, 0x00, 0x00, 0x00, 0x00, 0x00, 0x00, 0x00, 0x00, 0x00, 0x00, 0x00, 0x00, 0x00, 0x00, 0x00,
    0x00, 0x00, 0x00, 0x00, 0x00, 0x00, 0x00, 0x00, 0x00, 0x00, 0x00, 0x00, 0x00, 0x00, 0x00, 0x00,
    0x00, 0x00, 0x00, 0x00, 0x00, 0x00, 0x00, 0x00, 0x00, 0x00, 0x00, 0x00, 0x00, 0x00, 0x00, 0x00,
    0x00, 0x00, 0x00, 0x00, 0x00, 0x00, 0x00, 0x00, 0x00, 0x00, 0x00, 0x00, 0x00, 0x00, 0x00, 0x00,
    0x00, 0x00, 0x00, 0x00, 0x00, 0x00, 0x00, 0x00, 0x00, 0x00, 0x00, 0x00, 0x00, 0x00, 0x00, 0x00,
    0x00, 0x00, 0x00, 0x00, 0x00, 0x00, 0x00, 0x00, 0x00, 0x00, 0x00, 0x00, 0x00, 0x00, 0x00, 0x00,
    0x00, 0x00, 0x00, 0x00, 0x00, 0x00, 0x00, 0x00, 0x00, 0x00, 0x00, 0x00, 0x00, 0x00, 0x00, 0x00,
    0x00, 0x00, 0x00, 0x00, 0x00, 0x00, 0x00, 0x00, 0x00, 0x00, 0x00, 0x00, 0x00, 0x00, 0x00, 0x00,
    0x00, 0x00, 0x00, 0x00, 0x00, 0x00, 0x00, 0x00, 0x00, 0x00, 0x00, 0x00, 0x00, 0x00, 0x00, 0x00,
    0x00, 0x00, 0x00, 0x00, 0x00, 0x00, 0x00, 0x00, 0x00, 0x00, 0x00, 0x00, 0x00, 0x00, 0x00, 0x00,
    0x00, 0x00, 0x00, 0x00, 0x00, 0x00, 0x00, 0x00, 0x00, 0x00, 0x00, 0x00, 0x00, 0x00, 0x00, 0x00,
    0x00, 0x00, 0x00, 0x00, 0x00, 0x00, 0x00, 0x00, 0x00, 0x00, 0x00, 0x00, 0x00, 0x00, 0x00, 0x00,
    0x00, 0x00, 0x00, 0x00, 0x00, 0x00, 0x00, 0x00, 0x00, 0x00, 0x00, 0x00, 0x00, 0x00, 0x00, 0x00,
    0x00, 0x00, 0x00, 0x00, 0x00, 0x00, 0x00, 0x00, 0x00, 0x00, 0x00, 0x00, 0x00, 0x00, 0x00, 0x00,
    0x00, 0x00, 0x00, 0x00, 0x00, 0x00, 0x00, 0x00, 0x00, 0x00, 0x00, 0x00, 0x00, 0x00, 0x00, 0x00,
    0x00, 0x00, 0x00, 0x00, 0x00, 0x00, 0x00, 0x00, 0x00, 0x00, 0x00, 0x00, 0x00, 0x00, 0x00, 0x00,
    0x00, 0x00, 0x00, 0x00, 0x00, 0x00, 0x00, 0x00, 0x00, 0x00, 0x00, 0x00, 0x00, 0x00, 0x00, 0x00,
    0x00, 0x00, 0x00, 0x00, 0x00, 0x00, 0x00, 0x00, 0x00, 0x00, 0x00, 0x00, 0x00, 0x00, 0x00, 0x00,
    0x00, 0x00, 0x00, 0x00, 0x00, 0x00, 0x00, 0x00, 0x00, 0x00, 0x00, 0x00, 0x00, 0x00, 0x00, 0x00,
    0x00, 0x00, 0x00, 0x00, 0x00, 0x00, 0x00, 0x00, 0x00, 0x00, 0x00, 0x00, 0x00, 0x00, 0x00, 0x00,
    0x00, 0x00, 0x00, 0x00, 0x00, 0x00, 0x00, 0x00, 0x00, 0x00, 0x00, 0x00, 0x00, 0x00, 0x00, 0x00,
    0x00, 0x00, 0x00, 0x00, 0x00, 0x00, 0x00, 0x00, 0x00, 0x00, 0x00, 0x00, 0x00, 0x00, 0x00, 0x00,
    0x00, 0x00, 0x00, 0x00, 0x00, 0x00, 0x00, 0x00, 0x00, 0x00, 0x00, 0x00, 0x00, 0x00, 0x00, 0x00,
    0x00, 0x00, 0x00, 0x00, 0x00, 0x00, 0x00, 0x00, 0x00, 0x00, 0x00, 0x00, 0x00, 0x00, 0x00, 0x00,
    0x00, 0x00, 0x00, 0x00, 0x00, 0x00, 0x00, 0x00, 0x00, 0x00, 0x00, 0x00, 0x00, 0x00, 0x00, 0x00,
    0x00, 0x00, 0x00, 0x00, 0x00, 0x00, 0x00, 0x00, 0x00, 0x00, 0x00, 0x00, 0x00, 0x00, 0x00, 0x00,
    0x00, 0x00, 0x00, 0x00, 0x00, 0x00, 0x00, 0x00, 0x00, 0x00, 0x00, 0x00, 0x00, 0x00, 0x00, 0x00,
    0x00, 0x00, 0x00, 0x00, 0x00, 0x00, 0x00, 0x00, 0x00, 0x00, 0x00, 0x00, 0x00, 0x00, 0x00, 0x00,
    0x00, 0x00, 0x00, 0x00, 0x00, 0x00, 0x00, 0x00, 0x00, 0x00, 0x00, 0x00, 0x00, 0x00, 0x02, 0x00,
    0x00, 0x00, 0x00, 0x00, 0x02, 0x00, 0x01, 0x00, 0x00, 0x00, 0x01, 0x00, 0x01, 0x00, 0x06, 0x2A,
    0x00, 0x00, 0x00, 0x00, 0x00, 0x00, 0x00, 0x00, 0x00, 0x00, 0x00, 0x00, 0x00, 0x00, 0x00, 0x00,
    0x00, 0x00, 0x00, 0x00, 0x00, 0x00, 0x00, 0x00, 0x00, 0x00, 0x00, 0x00, 0x00, 0x00, 0x2A, 0x2A,
    0x01, 0x00, 0x02, 0x00, 0x00, 0x00, 0x65, 0x05, 0x01, 0x00, 0x00, 0x01, 0x8D, 0x03, 0xFF, 0x03,
    0x02, 0x7F, 0xA4, 0x04, 0xFF, 0x02, 0xFB, 0x00, 0xB1, 0x02, 0xFF, 0x02, 0xFA, 0x00, 0xFF, 0x54,
    0x00, 0x00, 0x00, 0x00, 0x00, 0x01, 0x05, 0x0A, 0x00, 0x00, 0x01, 0x01, 0x05, 0x07, 0x03, 0x04,
    0x7F, 0x7F, 0x04, 0x06, 0x03, 0x04, 0x00, 0x00, 0x04, 0x05, 0x02, 0x03, 0x00, 0x00, 0x5B, 0x7D,
    0xF6, 0x04, 0xFF, 0x00, 0xFB, 0x09, 0xFE, 0x71, 0xFF, 0x00, 0xFC, 0x25, 0xFF, 0xA3, 0xFF, 0xD5,
    0xFE, 0x41, 0xFF, 0xBB, 0xFF, 0xCF, 0xFF, 0xAE, 0xFF, 0xC2, 0xFF, 0xC6, 0xFF, 0xAC, 0xFF, 0x5C,
    0x04, 0x06, 0x00, 0x00, 0x09, 0x10, 0x7B, 0x99, 0x00, 0x00, 0x28, 0x39, 0xB0, 0xD8, 0xE8, 0xFF,
    0x46, 0x61, 0xCB, 0xF8, 0xE1, 0xFF, 0xB6, 0xFD, 0xD2, 0xFF, 0xD7, 0xFF, 0xB4, 0xFC, 0x5F, 0xA5,
    0xFF, 0xCB, 0xFF, 0xD0, 0xFF, 0xB6, 0xFF, 0x97, 0xFF, 0xBB, 0xFF, 0x91, 0xFF, 0x5D, 0xFF, 0x36,
    0xFF, 0x6D, 0xFF, 0x32, 0xFF, 0x22, 0xFF, 0x22, 0xFF, 0x25, 0xFF, 0x25, 0xFF, 0x2A, 0xFF, 0x48,
    0xDD, 0xFF, 0xE0, 0xFF, 0xC0, 0xFF, 0x9E, 0xED, 0xC6, 0xFF, 0x95, 0xE7, 0x62, 0xA4, 0x3D, 0x6C,
    0x70, 0xBC, 0x38, 0x65, 0x2B, 0x4C, 0x2B, 0x4A, 0x2D, 0x50, 0x2D, 0x4F, 0x32, 0x57, 0x4A, 0x8A,
    0xFF, 0x77, 0xFF, 0x5F, 0xFF, 0x54, 0xFF, 0x55, 0xFF, 0x25, 0xFF, 0x1F, 0xFF, 0x1F, 0xFF, 0x20,
    0xFF, 0x2D, 0xFF, 0x42, 0xFF, 0x57, 0xFF, 0x61, 0xFF, 0x67, 0xFF, 0x84, 0xFF, 0x93, 0xFF, 0x8A,
    0x7C, 0xC9, 0x66, 0xAA, 0x5A, 0x99, 0x5C, 0x9B, 0x2D, 0x50, 0x28, 0x45, 0x27, 0x46, 0x28, 0x47,
    0x34, 0x5D, 0x44, 0x81, 0x58, 0xA2, 0x62, 0xB1, 0x63, 0xBE, 0x85, 0xE1, 0x9B, 0xF0, 0x8E, 0xED,
    0xFF, 0x6C, 0xFF, 0x8F, 0xFF, 0xA0, 0xFF, 0xB8, 0xFF, 0x1E, 0xFF, 0x4A, 0xFF, 0x97, 0xFF, 0xAD,
    0xFF, 0x47, 0xFF, 0x20, 0xFF, 0x7D, 0xFF, 0xAF, 0xFF, 0x63, 0xFF, 0x1F, 0xFF, 0x81, 0xFF, 0xB7,
    0x73, 0xBC, 0x98, 0xEF, 0xAC, 0xFD, 0xC7, 0xFA, 0x26, 0x44, 0x52, 0x86, 0xA2, 0xF5, 0xBB, 0xFD,
    0x4D, 0x85, 0x28, 0x48, 0x87, 0xCF, 0xBE, 0xFF, 0x68, 0xB0, 0x27, 0x47, 0x8D, 0xD5, 0xC7, 0xFF,
    0xFF, 0xC2, 0xFF, 0x6B, 0xFE, 0x00, 0xFF, 0x03, 0xFF, 0xC2, 0xFF, 0x89, 0xFD, 0x00, 0xFE, 0x02,
    0xFF, 0xC4, 0xFF, 0x80, 0xFE, 0x00, 0xFF, 0x03, 0xFF, 0xC5, 0xFD, 0x54, 0xFF, 0x00, 0xE7, 0x04,
    0xD3, 0xFE, 0x75, 0xA5, 0x00, 0x00, 0x04, 0x05, 0xD3, 0xFF, 0x95, 0xC7, 0x00, 0x00, 0x02, 0x02,
    0xD6, 0xFE, 0x8C, 0xBA, 0x00, 0x00, 0x03, 0x04, 0xD7, 0xFF, 0x5B, 0x80, 0x00, 0x00, 0x04, 0x07,
    0x2F, 0x0A, 0x00, 0x00, 0x02, 0x00, 0x00, 0x00, 0x41, 0x07, 0x00, 0x00, 0x03, 0x00, 0x00, 0x00,
    0x31, 0x0A, 0x00, 0x00, 0x02, 0x00, 0x00, 0x00, 0x0C, 0x15, 0x00, 0x00, 0x01, 0x00, 0x00, 0x00,
    0x0A, 0x10, 0x00, 0x00, 0x00, 0x00, 0x00, 0x00, 0x07, 0x0B, 0x00, 0x00, 0x00, 0x00, 0x00, 0x00,
    0x0A, 0x0F, 0x00, 0x00, 0x00, 0x00, 0x00, 0x00, 0x15, 0x2A, 0x00, 0x00, 0x00, 0x00, 0x00, 0x00,
    0x00, 0x00, 0x00, 0x00, 0x00, 0x00, 0x00, 0x00, 0x00, 0x00, 0x00, 0x00, 0x00, 0x00, 0x00, 0x00,
    0x00, 0x00, 0x00, 0x00, 0x00, 0x00, 0x00, 0x00, 0x00, 0x00, 0x00, 0x00, 0x00, 0x00, 0x00, 0x00,
    0x00, 0x00, 0x00, 0x00, 0x00, 0x00, 0x00, 0x00, 0x00, 0x00, 0x00, 0x00, 0x00, 0x00, 0x00, 0x00,
    0x00, 0x00, 0x00, 0x00, 0x00, 0x00, 0x00, 0x00, 0x00, 0x00, 0x00, 0x00, 0x00, 0x00, 0x00, 0x00,
    0x00, 0x00, 0x00, 0x00, 0x00, 0x00, 0x00, 0x00, 0x00, 0x00, 0x00, 0x00, 0x00, 0x00, 0x00, 0x00,
    0x00, 0x00, 0x00, 0x00, 0x00, 0x00, 0x00, 0x00, 0x00, 0x00, 0x00, 0x00, 0x02, 0x00, 0x04, 0x00,
    0x00, 0x00, 0x00, 0x00, 0x00, 0x00, 0x00, 0x00, 0x00, 0x00, 0x00, 0x00, 0x00, 0x00, 0x00, 0x00,
    0x00, 0x00, 0x00, 0x00, 0x00, 0x00, 0x00, 0x00, 0x00, 0x00, 0x00, 0x00, 0x00, 0x00, 0x00, 0x00,
    0x00, 0x00, 0x00, 0x00, 0x00, 0x00, 0x00, 0x00, 0x00, 0x00, 0x00, 0x00, 0x00, 0x00, 0x00, 0x00,
    0x00, 0x00, 0x00, 0x00, 0x00, 0x00, 0x00, 0x00, 0x04, 0x00, 0x02, 0x00, 0x00, 0x00, 0x00, 0x00,
    0x00, 0x00, 0x00, 0x00, 0x00, 0x00, 0x00, 0x00, 0x00, 0x00, 0x00, 0x00, 0x00, 0x00, 0x00, 0x00,
    0x00, 0x00, 0x00, 0x00, 0x00, 0x00, 0x00, 0x00, 0x00, 0x00, 0x00, 0x00, 0x00, 0x00, 0x00, 0x00,
    0x00, 0x00, 0x00, 0x00, 0x00, 0x00, 0x00, 0x00, 0x00, 0x00, 0x00, 0x00, 0x00, 0x00, 0x00, 0x00,
    0x00, 0x00, 0x00, 0x00, 0x00, 0x00, 0x00, 0x00, 0x00, 0x00, 0x00, 0x00, 0x00, 0x00, 0x00, 0x00,
    0x00, 0x00, 0x00, 0x00, 0x00, 0x00, 0x00, 0x00, 0x00, 0x00, 0x00, 0x00, 0x00, 0x00, 0x00, 0x00,
    0x00, 0x00, 0x00, 0x00, 0x00, 0x00, 0x00, 0x00, 0x00, 0x00, 0x00, 0x00, 0x00, 0x00, 0x00, 0x00,
    0x00, 0x00, 0x02, 0x00, 0x00, 0x00, 0x2F, 0x0A, 0x00, 0x00, 0x03, 0x00, 0x00, 0x00, 0x41, 0x07,
    0x00, 0x00, 0x02, 0x00, 0x00, 0x00, 0x31, 0x0A, 0x00, 0x00, 0x01, 0x00, 0x00, 0x00, 0x0C, 0x15,
    0x00, 0x00, 0x00, 0x00, 0x00, 0x00, 0x0A, 0x10, 0x00, 0x00, 0x00, 0x00, 0x00, 0x00, 0x07, 0x0B,
    0x00, 0x00, 0x00, 0x00, 0x00, 0x00, 0x0A, 0x0F, 0x00, 0x00, 0x00, 0x00, 0x00, 0x00, 0x15, 0x2A,
    0xFF, 0x03, 0xFE, 0x00, 0xFF, 0x6B, 0xFF, 0xC2, 0xFE, 0x02, 0xFD, 0x00, 0xFF, 0x89, 0xFF, 0xC2,
    0xFF, 0x03, 0xFE, 0x00, 0xFF, 0x80, 0xFF, 0xC4, 0xE7, 0x04, 0xFF, 0x00, 0xFD, 0x54, 0xFF, 0xC5,
    0x04, 0x05, 0x00, 0x00, 0x75, 0xA5, 0xD3, 0xFE, 0x02, 0x02, 0x00, 0x00, 0x95, 0xC7, 0xD3, 0xFF,
    0x03, 0x04, 0x00, 0x00, 0x8C, 0xBA, 0xD6, 0xFE, 0x04, 0x07, 0x00, 0x00, 0x5B, 0x80, 0xD7, 0xFF,
    0xFF, 0xB8, 0xFF, 0xA0, 0xFF, 0x8F, 0xFF, 0x6C, 0xFF, 0xAD, 0xFF, 0x97, 0xFF, 0x4A, 0xFF, 0x1E,
    0xFF, 0xAF, 0xFF, 0x7D, 0xFF, 0x20, 0xFF, 0x47, 0xFF, 0xB7, 0xFF, 0x81, 0xFF, 0x1F, 0xFF, 0x63,
    0xC7, 0xFA, 0xAC, 0xFD, 0x98, 0xEF, 0x73, 0xBC, 0xBB, 0xFD, 0xA2, 0xF5, 0x52, 0x86, 0x26, 0x44,
    0xBE, 0xFF, 0x87, 0xCF, 0x28, 0x48, 0x4D, 0x85, 0xC7, 0xFF, 0x8D, 0xD5, 0x27, 0x47, 0x68, 0xB0,
    0xFF, 0x55, 0xFF, 0x54, 0xFF, 0x5F, 0xFF, 0x77, 0xFF, 0x20, 0xFF, 0x1F, 0xFF, 0x1F, 0xFF, 0x25,
    0xFF, 0x61, 0xFF, 0x57, 0xFF, 0x42, 0xFF, 0x2D, 0xFF, 0x8A, 0xFF, 0x93, 0xFF, 0x84, 0xFF, 0x67,
    0x5C, 0x9B, 0x5A, 0x99, 0x66, 0xAA, 0x7C, 0xC9, 0x28, 0x47, 0x27, 0x46, 0x28, 0x45, 0x2D, 0x50,
    0x62, 0xB1, 0x58, 0xA2, 0x44, 0x81, 0x34, 0x5D, 0x8E, 0xED, 0x9B, 0xF0, 0x85, 0xE1, 0x63, 0xBE,
    0xFF, 0x97, 0xFF, 0xB6, 0xFF, 0xD0, 0xFF, 0xCB, 0xFF, 0x36, 0xFF, 0x5D, 0xFF, 0x91, 0xFF, 0xBB,
    0xFF, 0x22, 0xFF, 0x22, 0xFF, 0x32, 0xFF, 0x6D, 0xFF, 0x48, 0xFF, 0x2A, 0xFF, 0x25, 0xFF, 0x25,
    0x9E, 0xED, 0xC0, 0xFF, 0xE0, 0xFF, 0xDD, 0xFF, 0x3D, 0x6C, 0x62, 0xA4, 0x95, 0xE7, 0xC6, 0xFF,
    0x2B, 0x4A, 0x2B, 0x4C, 0x38, 0x65, 0x70, 0xBC, 0x4A, 0x8A, 0x32, 0x57, 0x2D, 0x4F, 0x2D, 0x50,
    0xFE, 0x71, 0xFB, 0x09, 0xFF, 0x00, 0xF6, 0x04, 0xFF, 0xD5, 0xFF, 0xA3, 0xFC, 0x25, 0xFF, 0x00,
    0xFF, 0xAE, 0xFF, 0xCF, 0xFF, 0xBB, 0xFE, 0x41, 0xFF, 0x5C, 0xFF, 0xAC, 0xFF, 0xC6, 0xFF, 0xC2,
    0x7B, 0x99, 0x09, 0x10, 0x00, 0x00, 0x04, 0x06, 0xE8, 0xFF, 0xB0, 0xD8, 0x28, 0x39, 0x00, 0x00,
    0xB6, 0xFD, 0xE1, 0xFF, 0xCB, 0xF8, 0x46, 0x61, 0x5F, 0xA5, 0xB5, 0xFC, 0xD7, 0xFF, 0xD2, 0xFF,
    0x65, 0x05, 0x00, 0x00, 0x02, 0x00, 0x01, 0x00, 0xFF, 0x03, 0x8D, 0x03, 0x00, 0x01, 0x01, 0x00,
    0xFB, 0x00, 0xFF, 0x02, 0xA4, 0x04, 0x02, 0x7F, 0xFF, 0x54, 0xFA, 0x00, 0xFF, 0x02, 0xB1, 0x02,
    0x05, 0x0A, 0x00, 0x01, 0x00, 0x00, 0x00, 0x00, 0x03, 0x04, 0x05, 0x07, 0x01, 0x01, 0x00, 0x00,
    0x00, 0x00, 0x03, 0x04, 0x04, 0x06, 0x7F, 0x7F, 0x5B, 0x7D, 0x00, 0x00, 0x02, 0x03, 0x04, 0x05,
    0x00, 0x00, 0x00, 0x00, 0x00, 0x00, 0x00, 0x00, 0x02, 0x00, 0x00, 0x00, 0x00, 0x00, 0x00, 0x00,
    0x01, 0x00, 0x02, 0x00, 0x00, 0x00, 0x00, 0x00, 0x06, 0x2A, 0x01, 0x00, 0x01, 0x00, 0x00, 0x00,
    0x00, 0x00, 0x00, 0x00, 0x00, 0x00, 0x00, 0x00, 0x00, 0x00, 0x00, 0x00, 0x00, 0x00, 0x00, 0x00,
    0x00, 0x00, 0x00, 0x00, 0x00, 0x00, 0x00, 0x00, 0x2A, 0x2A, 0x00, 0x00, 0x00, 0x00, 0x00, 0x00,
    0x00, 0x00, 0x00, 0x00, 0x00, 0x00, 0x00, 0x00, 0x00, 0x00, 0x00, 0x00, 0x00, 0x00, 0x00, 0x00,
    0x00, 0x00, 0x00, 0x00, 0x00, 0x00, 0x00, 0x00, 0x00, 0x00, 0x00, 0x00, 0x00, 0x00, 0x00, 0x00,
    0x00, 0x00, 0x00, 0x00, 0x00, 0x00, 0x00, 0x00, 0x00, 0x00, 0x00, 0x00, 0x00, 0x00, 0x00, 0x00,
    0x00, 0x00, 0x00, 0x00, 0x00, 0x00, 0x00, 0x00, 0x00, 0x00, 0x00, 0x00, 0x00, 0x00, 0x00, 0x00,
    0x00, 0x00, 0x00, 0x00, 0x00, 0x00, 0x00, 0x00, 0x00, 0x00, 0x00, 0x00, 0x00, 0x00, 0x00, 0x00,
    0x00, 0x00, 0x00, 0x00, 0x00, 0x00, 0x00, 0x00, 0x00, 0x00, 0x00, 0x00, 0x00, 0x00, 0x00, 0x00,
    0x00, 0x00, 0x00, 0x00, 0x00, 0x00, 0x00, 0x00, 0x00, 0x00, 0x00, 0x00, 0x00, 0x00, 0x00, 0x00,
    0x00, 0x00, 0x00, 0x00, 0x00, 0x00, 0x00, 0x00, 0x00, 0x00, 0x00, 0x00, 0x00, 0x00, 0x00, 0x00,
    0x00, 0x00, 0x00, 0x00, 0x00, 0x00, 0x00, 0x00, 0x00, 0x00, 0x00, 0x00, 0x00, 0x00, 0x00, 0x00,
    0x00, 0x00, 0x00, 0x00, 0x00, 0x00, 0x00, 0x00, 0x00, 0x00, 0x00, 0x00, 0x00, 0x00, 0x00, 0x00,
    0x00, 0x00, 0x00, 0x00, 0x00, 0x00, 0x00, 0x00, 0x00, 0x00, 0x00, 0x00, 0x00, 0x00, 0x00, 0x00,
    0x00, 0x00, 0x00, 0x00, 0x00, 0x00, 0x00, 0x00, 0x00, 0x00, 0x00, 0x00, 0x00, 0x00, 0x00, 0x00,
    0x00, 0x00, 0x00, 0x00, 0x00, 0x00, 0x00, 0x00, 0x00, 0x00, 0x00, 0x00, 0x00, 0x00, 0x00, 0x00,
    0x00, 0x00, 0x00, 0x00, 0x00, 0x00, 0x00, 0x00, 0x00, 0x00, 0x00, 0x00, 0x00, 0x00, 0x00, 0x00,
    0x00, 0x00, 0x00, 0x00, 0x00, 0x00, 0x00, 0x00, 0x00, 0x00, 0x00, 0x00, 0x00, 0x00, 0x00, 0x00,
    0x00, 0x00, 0x00, 0x00, 0x00, 0x00, 0x00, 0x00, 0x00, 0x00, 0x00, 0x00, 0x00, 0x00, 0x00, 0x00,
    0x00, 0x00, 0x00, 0x00, 0x00, 0x00, 0x00, 0x00, 0x00, 0x00, 0x00, 0x00, 0x00, 0x00, 0x00, 0x00,
    0x00, 0x00, 0x00, 0x00, 0x00, 0x00, 0x00, 0x00, 0x00, 0x00, 0x00, 0x00, 0x00, 0x00, 0x00, 0x00,
    0x00, 0x00, 0x00, 0x00, 0x00, 0x00, 0x00, 0x00, 0x00, 0x00, 0x00, 0x00, 0x00, 0x00, 0x00, 0x00,
    0x00, 0x00, 0x00, 0x00, 0x00, 0x00, 0x00, 0x00, 0x00, 0x00, 0x00, 0x00, 0x00, 0x00, 0x00, 0x00,
    0x00, 0x00, 0x00, 0x00, 0x00, 0x00, 0x00, 0x00, 0x00, 0x00, 0x00, 0x00, 0x00, 0x00, 0x00, 0x00,
    0x00, 0x00, 0x00, 0x00, 0x00, 0x00, 0x00, 0x00, 0x00, 0x00, 0x00, 0x00, 0x00, 0x00, 0x00, 0x00,
    0x00, 0x00, 0x00, 0x00, 0x00, 0x00, 0x00, 0x00, 0x00, 0x00, 0x00, 0x00, 0x00, 0x00, 0x00, 0x00,
    0x00, 0x00, 0x00, 0x00, 0x00, 0x00, 0x00, 0x00, 0x00, 0x00, 0x00, 0x00, 0x00, 0x00, 0x00, 0x00,
    0x00, 0x00, 0x00, 0x00, 0x00, 0x00, 0x00, 0x00, 0x00, 0x00, 0x00, 0x00, 0x00, 0x00, 0x00, 0x00,
    0x00, 0x00, 0x00, 0x00, 0x00, 0x00, 0x00, 0x00, 0x00, 0x00, 0x00, 0x00, 0x00, 0x00, 0x00, 0x00,
    0x00, 0x00, 0x00, 0x00, 0x00, 0x00, 0x00, 0x00, 0x00, 0x00, 0x00, 0x00, 0x00, 0x00, 0x00, 0x00,
    0x00, 0x00, 0x00, 0x00, 0x00, 0x00, 0x00, 0x00, 0x00, 0x00, 0x00, 0x00, 0x00, 0x00, 0x00, 0x00,
    0x00, 0x00, 0x00, 0x00, 0x00, 0x00, 0x00, 0x00, 0x00, 0x00, 0x00, 0x00, 0x00, 0x00, 0x00, 0x00,
    0x00, 0x00, 0x00, 0x00, 0x00, 0x00, 0x00, 0x00, 0x00, 0x00, 0x00, 0x00, 0x00, 0x00, 0x00, 0x00,
    0x00, 0x00, 0x00, 0x00, 0x00, 0x00, 0x00, 0x00, 0x00, 0x00, 0x00, 0x00, 0x00, 0x00, 0x00, 0x00,
    0x00, 0x00, 0x00, 0x00, 0x00, 0x00, 0x00, 0x00, 0x00, 0x00, 0x00, 0x00, 0x00, 0x00, 0x00, 0x00,
    0x00, 0x00, 0x00, 0x00, 0x00, 0x00, 0x00, 0x00, 0x00, 0x00, 0x00, 0x00, 0x00, 0x00, 0x00, 0x00,
    0x00, 0x00, 0x00, 0x00, 0x00, 0x00, 0x00, 0x00, 0x00, 0x00, 0x00, 0x00, 0x00, 0x00, 0x00, 0x00,
    0x00, 0x00, 0x00, 0x00, 0x00, 0x00, 0x00, 0x00, 0x00, 0x00, 0x00, 0x00, 0x00, 0x00, 0x00, 0x00,
    0x00, 0x00, 0x00, 0x00, 0x00, 0x00, 0x00, 0x00, 0x00, 0x00, 0x00, 0x00, 0x00, 0x00, 0x00, 0x00,
    0x00, 0x00, 0x00, 0x00, 0x00, 0x00, 0x00, 0x00, 0x00, 0x00, 0x00, 0x00, 0x00, 0x00, 0x00, 0x00,
    0x00, 0x00, 0x00, 0x00, 0x00, 0x00, 0x00, 0x00, 0x00, 0x00, 0x00, 0x00, 0x00, 0x00, 0x00, 0x00,
    0x00, 0x00, 0x00, 0x00, 0x00, 0x00, 0x00, 0x00, 0x00, 0x00, 0x00, 0x00, 0x00, 0x00, 0x00, 0x00,
    0x00, 0x00, 0x00, 0x00, 0x00, 0x00, 0x00, 0x00, 0x00, 0x00, 0x00, 0x00, 0x00, 0x00, 0x00, 0x00,
    0x00, 0x00, 0x00, 0x00, 0x00, 0x00, 0x00, 0x00, 0x00, 0x00, 0x00, 0x00, 0x00, 0x00, 0x00, 0x00,
    0x00, 0x00, 0x00, 0x00, 0x00, 0x00, 0x00, 0x00, 0x00, 0x00, 0x00, 0x00, 0x00, 0x00, 0x00, 0x00,
    0x00, 0x00, 0x00, 0x00, 0x00, 0x00, 0x00, 0x00, 0x00, 0x00, 0x00, 0x00, 0x00, 0x00, 0x00, 0x00,
    0x00, 0x00, 0x00, 0x00, 0x00, 0x00, 0x00, 0x00, 0x00, 0x00, 0x00, 0x00, 0x00, 0x00, 0x00, 0x00,
    0x00, 0x00, 0x00, 0x00, 0x00, 0x00, 0x00, 0x00, 0x00, 0x00, 0x00, 0x00, 0x00, 0x00, 0x00, 0x00,
    0x00, 0x00, 0x00, 0x00, 0x00, 0x00, 0x03, 0x00, 0x00, 0x00, 0x00, 0x00, 0x02, 0x00, 0x00, 0x00,
    0x00, 0x00, 0x00, 0x00, 0x00, 0x00, 0x00, 0x00, 0x00, 0x00, 0x00, 0x00, 0x00, 0x00, 0x00, 0x00,
    0x00, 0x00, 0x00, 0x00, 0x00, 0x00, 0x00, 0x00, 0x00, 0x00, 0x00, 0x00, 0x00, 0x00, 0x00, 0x00,
    0x01, 0x00, 0x03, 0x00, 0x03, 0x55, 0xB2, 0x02, 0x04, 0x00, 0x00, 0x00, 0x9C, 0x04, 0xFF, 0x03,
    0x00, 0x00, 0x6C, 0x04, 0xFF, 0x02, 0xFA, 0x00, 0x2C, 0x0B, 0xF9, 0x03, 0xFC, 0x00, 0xFE, 0x21,
    0x00, 0x00, 0x00, 0x00, 0x55, 0x55, 0x02, 0x05, 0x00, 0x00, 0x01, 0x01, 0x04, 0x06, 0x03, 0x04,
    0x00, 0x00, 0x04, 0x09, 0x03, 0x04, 0x00, 0x00, 0x0B, 0x11, 0x03, 0x04, 0x00, 0x00, 0x23, 0x34,
    0xFF, 0x02, 0xFA, 0x00, 0xFF, 0x5D, 0xFF, 0xC2, 0xFA, 0x00, 0xFF, 0x58, 0xFF, 0xC2, 0xFF, 0xB9,
    0xFF, 0x43, 0xFF, 0xBE, 0xFF, 0xBC, 0xFF, 0xA6, 0xFF, 0xAF, 0xFF, 0xBC, 0xFF, 0xAB, 0xFF, 0x85,
    0x02, 0x03, 0x00, 0x00, 0x65, 0x8B, 0xD3, 0xFF, 0x00, 0x00, 0x60, 0x87, 0xD3, 0xFF, 0xC8, 0xFB,
    0x49, 0x69, 0xCE, 0xFF, 0xCB, 0xFC, 0xB0, 0xF8, 0xBD, 0xFA, 0xCC, 0xFC, 0xB6, 0xFC, 0x87, 0xDF,
    0xFF, 0xBC, 0xFF, 0xA9, 0xFF, 0x60, 0xFF, 0x24, 0xFF, 0xA6, 0xFF, 0x72, 0xFF, 0x2A, 0xFF, 0x27,
    0xFF, 0x81, 0xFF, 0x46, 0xFF, 0x25, 0xFF, 0x29, 0xFF, 0x6B, 0xFF, 0x35, 0xFF, 0x23, 0xFF, 0x42,
    0xCD, 0xFC, 0xB3, 0xFC, 0x63, 0xAB, 0x2C, 0x4E, 0xB1, 0xFC, 0x74, 0xC8, 0x31, 0x59, 0x2F, 0x52,
    0x80, 0xDE, 0x48, 0x86, 0x2E, 0x4F, 0x31, 0x55, 0x66, 0xC6, 0x3B, 0x6B, 0x2C, 0x4C, 0x47, 0x7B,
    0xFF, 0x27, 0xFF, 0x32, 0xFF, 0x68, 0xFF, 0x86, 0xFF, 0x30, 0xFF, 0x77, 0xFF, 0xA7, 0xFF, 0xB5,
    0xFF, 0x65, 0xFF, 0xA4, 0xFF, 0xC9, 0xFF, 0xB7, 0xFF, 0x85, 0xFF, 0xBB, 0xFF, 0xC8, 0xFF, 0x9F,
    0x2F, 0x52, 0x39, 0x63, 0x68, 0xB9, 0x82, 0xE8, 0x37, 0x62, 0x77, 0xCD, 0xAB, 0xFF, 0xBF, 0xFE,
    0x65, 0xB5, 0xA5, 0xFE, 0xD8, 0xFF, 0xC7, 0xFE, 0x83, 0xE6, 0xC4, 0xFE, 0xD9, 0xFE, 0xAB, 0xFB,
    0xFF, 0x99, 0xFF, 0xA7, 0xFF, 0x9E, 0xFF, 0x88, 0xFF, 0xB1, 0xFF, 0xA8, 0xFF, 0x98, 0xFF, 0x40,
    0xFF, 0xA2, 0xFF, 0x8F, 0xFF, 0x44, 0xFF, 0x45, 0xFF, 0x92, 0xFF, 0x68, 0xFF, 0x7F, 0xFF, 0xBD,
    0x9C, 0xF2, 0xB5, 0xFC, 0xAA, 0xF9, 0x8F, 0xE4, 0xBE, 0xFF, 0xB5, 0xFF, 0xA3, 0xF6, 0x46, 0x77,
    0xAD, 0xFD, 0x9A, 0xE6, 0x4C, 0x7D, 0x4E, 0x7D, 0x9D, 0xEC, 0x72, 0xAF, 0x8B, 0xC5, 0xCE, 0xFF,
    0xFF, 0x30, 0xFF, 0x3D, 0xFF, 0xAE, 0xFF, 0xC0, 0xFF, 0x2F, 0xFF, 0x9E, 0xFF, 0xC1, 0xFF, 0xC0,
    0xFF, 0xA6, 0xFF, 0xC6, 0xFF, 0xC7, 0xFF, 0x6F, 0xFF, 0xCB, 0xFF, 0xC7, 0xFF, 0x70, 0xFA, 0x03,
    0x37, 0x61, 0x46, 0x75, 0xBD, 0xFC, 0xD1, 0xFD, 0x36, 0x5F, 0xAB, 0xE8, 0xD2, 0xFC, 0xD0, 0xFF,
    0xB4, 0xEE, 0xD7, 0xFE, 0xD7, 0xFF, 0x77, 0xAC, 0xDC, 0xFF, 0xD7, 0xFF, 0x78, 0xA8, 0x03, 0x06,
    0xFF, 0xAA, 0xFB, 0x14, 0xFF, 0x00, 0x9B, 0x04, 0xFE, 0x4E, 0xFC, 0x00, 0xFB, 0x03, 0x29, 0x06,
    0xFA, 0x00, 0xFF, 0x02, 0x85, 0x05, 0x00, 0x00, 0xFF, 0x01, 0xC2, 0x02, 0x05, 0x33, 0x03, 0x00,
    0xB9, 0xF7, 0x16, 0x21, 0x00, 0x00, 0x04, 0x08, 0x54, 0x7C, 0x00, 0x00, 0x03, 0x04, 0x06, 0x0C,
    0x00, 0x01, 0x02, 0x03, 0x05, 0x07, 0x00, 0x00, 0x01, 0x01, 0x03, 0x05, 0x33, 0x33, 0x00, 0x00,
    0x00, 0x00, 0x03, 0x00, 0x00, 0x00, 0x00, 0x00, 0x00, 0x00, 0x02, 0x00, 0x00, 0x00, 0x00, 0x00,
    0x03, 0x00, 0x00, 0x00, 0x00, 0x00, 0x00, 0x00, 0x01, 0x00, 0x00, 0x00, 0x00, 0x00, 0x00, 0x00,
    0x00, 0x00, 0x00, 0x00, 0x00, 0x00, 0x00, 0x00, 0x00, 0x00, 0x00, 0x00, 0x00, 0x00, 0x00, 0x00,
    0x00, 0x00, 0x00, 0x00, 0x00, 0x00, 0x00, 0x00, 0x00, 0x00, 0x00, 0x00, 0x00, 0x00, 0x00, 0x00,
    0x00, 0x00, 0x00, 0x00, 0x00, 0x00, 0x00, 0x00, 0x00, 0x00, 0x00, 0x00, 0x00, 0x00, 0x00, 0x00,
    0x00, 0x00, 0x00, 0x00, 0x00, 0x00, 0x04, 0x00, 0x00, 0x00, 0x00, 0x00, 0x04, 0x00, 0x00, 0x00,
    0x00, 0x00, 0x00, 0x00, 0x00, 0x00, 0x00, 0x00, 0x00, 0x00, 0x00, 0x00, 0x00, 0x00, 0x00, 0x00,
    0x00, 0x00, 0x00, 0x00, 0x00, 0x00, 0x00, 0x00, 0x00, 0x00, 0x00, 0x00, 0x00, 0x00, 0x00, 0x00,
    0x00, 0x00, 0x03, 0x00, 0x00, 0x00, 0x00, 0x01, 0x03, 0x00, 0x00, 0x00, 0x35, 0x09, 0x9D, 0x00,
    0x00, 0x00, 0x6F, 0x04, 0xFC, 0x00, 0xFF, 0x1A, 0x7F, 0x04, 0xFF, 0x00, 0xFE, 0x2A, 0xFB, 0xD1,
    0x00, 0x00, 0x00, 0x00, 0x00, 0x00, 0x01, 0x01, 0x00, 0x00, 0x00, 0x00, 0x04, 0x04, 0x00, 0x00,
    0x00, 0x00, 0x02, 0x04, 0x00, 0x00, 0x0A, 0x13, 0x02, 0x04, 0x00, 0x00, 0x11, 0x1E, 0x58, 0x9C,
    0x00, 0x01, 0x00, 0x00, 0x03, 0x00, 0x00, 0x00, 0x9D, 0x00, 0x35, 0x09, 0x00, 0x00, 0x03, 0x00,
    0xFF, 0x1A, 0xFC, 0x00, 0x6F, 0x04, 0x00, 0x00, 0xFB, 0xD1, 0xFE, 0x2A, 0xFF, 0x00, 0x7F, 0x04,
    0x01, 0x01, 0x00, 0x00, 0x00, 0x00, 0x00, 0x00, 0x00, 0x00, 0x04, 0x04, 0x00, 0x00, 0x00, 0x00,
    0x0A, 0x13, 0x00, 0x00, 0x02, 0x04, 0x00, 0x00, 0x58, 0x9C, 0x11, 0x1E, 0x00, 0x00, 0x02, 0x04,
    0x00, 0x00, 0x00, 0x00, 0x00, 0x00, 0x00, 0x00, 0x00, 0x00, 0x00, 0x00, 0x00, 0x00, 0x00, 0x00,
    0x04, 0x00, 0x00, 0x00, 0x00, 0x00, 0x00, 0x00, 0x00, 0x00, 0x04, 0x00, 0x00, 0x00, 0x00, 0x00,
    0x00, 0x00, 0x00, 0x00, 0x00, 0x00, 0x00, 0x00, 0x00, 0x00, 0x00, 0x00, 0x00, 0x00, 0x00, 0x00,
    0x00, 0x00, 0x00, 0x00, 0x00, 0x00, 0x00, 0x00, 0x00, 0x00, 0x00, 0x00, 0x00, 0x00, 0x00, 0x00,
    0x00, 0x00, 0x00, 0x00, 0x03, 0x00, 0x00, 0x00, 0x00, 0x00, 0x00, 0x00, 0x02, 0x00, 0x00, 0x00,
    0x00, 0x00, 0x00, 0x00, 0x00, 0x00, 0x03, 0x00, 0x00, 0x00, 0x00, 0x00, 0x00, 0x00, 0x01, 0x00,
    0x00, 0x00, 0x00, 0x00, 0x00, 0x00, 0x00, 0x00, 0x00, 0x00, 0x00, 0x00, 0x00, 0x00, 0x00, 0x00,
    0x00, 0x00, 0x00, 0x00, 0x00, 0x00, 0x00, 0x00, 0x00, 0x00, 0x00, 0x00, 0x00, 0x00, 0x00, 0x00,
    0x9B, 0x04, 0xFF, 0x00, 0xFB, 0x14, 0xFF, 0xAA, 0x29, 0x06, 0xFB, 0x03, 0xFC, 0x00, 0xFE, 0x4E,
    0x00, 0x00, 0x85, 0x05, 0xFF, 0x02, 0xFA, 0x00, 0x03, 0x00, 0x05, 0x33, 0xC2, 0x02, 0xFF, 0x01,
    0x04, 0x08, 0x00, 0x00, 0x16, 0x21, 0xB9, 0xF7, 0x06, 0x0C, 0x03, 0x04, 0x00, 0x00, 0x54, 0x7C,
    0x00, 0x00, 0x05, 0x07, 0x02, 0x03, 0x00, 0x01, 0x00, 0x00, 0x33, 0x33, 0x03, 0x05, 0x01, 0x01,
    0xFF, 0xC0, 0xFF, 0xAE, 0xFF, 0x3D, 0xFF, 0x30, 0xFF, 0xC0, 0xFF, 0xC1, 0xFF, 0x9E, 0xFF, 0x2F,
    0xFF, 0x6F, 0xFF, 0xC7, 0xFF, 0xC6, 0xFF, 0xA6, 0xFA, 0x03, 0xFF, 0x70, 0xFF, 0xC7, 0xFF, 0xCB,
    0xD1, 0xFD, 0xBD, 0xFC, 0x46, 0x75, 0x37, 0x61, 0xD0, 0xFF, 0xD2, 0xFC, 0xAB, 0xE8, 0x36, 0x5F,
    0x77, 0xAC, 0xD7, 0xFF, 0xD7, 0xFE, 0xB4, 0xEE, 0x03, 0x06, 0x78, 0xA8, 0xD7, 0xFF, 0xDC, 0xFF,
    0xFF, 0x88, 0xFF, 0x9E, 0xFF, 0xA7, 0xFF, 0x99, 0xFF, 0x40, 0xFF, 0x98, 0xFF, 0xA8, 0xFF, 0xB1,
    0xFF, 0x45, 0xFF, 0x44, 0xFF, 0x8F, 0xFF, 0xA2, 0xFF, 0xBD, 0xFF, 0x7F, 0xFF, 0x68, 0xFF, 0x92,
    0x8F, 0xE4, 0xAA, 0xF9, 0xB5, 0xFC, 0x9C, 0xF2, 0x46, 0x77, 0xA3, 0xF6, 0xB5, 0xFF, 0xBE, 0xFF,
    0x4E, 0x7D, 0x4C, 0x7D, 0x9A, 0xE6, 0xAD, 0xFD, 0xCE, 0xFF, 0x8B, 0xC5, 0x72, 0xAF, 0x9D, 0xEC,
    0xFF, 0x86, 0xFF, 0x68, 0xFF, 0x32, 0xFF, 0x27, 0xFF, 0xB5, 0xFF, 0xA7, 0xFF, 0x77, 0xFF, 0x30,
    0xFF, 0xB7, 0xFF, 0xC9, 0xFF, 0xA4, 0xFF, 0x65, 0xFF, 0x9F, 0xFF, 0xC8, 0xFF, 0xBB, 0xFF, 0x85,
    0x82, 0xE8, 0x68, 0xB9, 0x39, 0x63, 0x2F, 0x52, 0xBF, 0xFE, 0xAB, 0xFF, 0x77, 0xCD, 0x37, 0x61,
    0xC7, 0xFE, 0xD8, 0xFF, 0xA5, 0xFE, 0x65, 0xB5, 0xAB, 0xFB, 0xD9, 0xFE, 0xC4, 0xFE, 0x83, 0xE6,
    0xFF, 0x24, 0xFF, 0x60, 0xFF, 0xA9, 0xFF, 0xBC, 0xFF, 0x27, 0xFF, 0x2A, 0xFF, 0x72, 0xFF, 0xA6,
    0xFF, 0x29, 0xFF, 0x25, 0xFF, 0x46, 0xFF, 0x81, 0xFF, 0x42, 0xFF, 0x23, 0xFF, 0x35, 0xFF, 0x6B,
    0x2C, 0x4E, 0x63, 0xAB, 0xB3, 0xFC, 0xCD, 0xFC, 0x2F, 0x52, 0x31, 0x59, 0x74, 0xC8, 0xB1, 0xFC,
    0x31, 0x55, 0x2E, 0x4F, 0x48, 0x86, 0x80, 0xDE, 0x47, 0x7B, 0x2C, 0x4C, 0x3B, 0x6B, 0x66, 0xC6,
    0xFF, 0xC2, 0xFF, 0x5D, 0xFA, 0x00, 0xFF, 0x02, 0xFF, 0xB9, 0xFF, 0xC2, 0xFF, 0x58, 0xFA, 0x00,
    0xFF, 0xA6, 0xFF, 0xBC, 0xFF, 0xBE, 0xFF, 0x43, 0xFF, 0x85, 0xFF, 0xAB, 0xFF, 0xBC, 0xFF, 0xAF,
    0xD3, 0xFF, 0x65, 0x8B, 0x00, 0x00, 0x02, 0x03, 0xC8, 0xFB, 0xD3, 0xFF, 0x60, 0x87, 0x00, 0x00,
    0xB0, 0xF8, 0xCB, 0xFC, 0xCE, 0xFF, 0x49, 0x69, 0x87, 0xDF, 0xB6, 0xFC, 0xCC, 0xFC, 0xBD, 0xFA,
    0xB2, 0x02, 0x03, 0x55, 0x03, 0x00, 0x01, 0x00, 0xFF, 0x03, 0x9C, 0x04, 0x00, 0x00, 0x04, 0x00,
    0xFA, 0x00, 0xFF, 0x02, 0x6C, 0x04, 0x00, 0x00, 0xFE, 0x21, 0xFC, 0x00, 0xF9, 0x03, 0x2C, 0x0B,
    0x02, 0x05, 0x55, 0x55, 0x00, 0x00, 0x00, 0x00, 0x03, 0x04, 0x04, 0x06, 0x01, 0x01, 0x00, 0x00,
    0x00, 0x00, 0x03, 0x04, 0x04, 0x09, 0x00, 0x00, 0x23, 0x34, 0x00, 0x00, 0x03, 0x04, 0x0B, 0x11,
    0x00, 0x00, 0x00, 0x00, 0x00, 0x00, 0x00, 0x00, 0x00, 0x00, 0x00, 0x00, 0x00, 0x00, 0x00, 0x00,
    0x03, 0x00, 0x00, 0x00, 0x00, 0x00, 0x00, 0x00, 0x00, 0x00, 0x02, 0x00, 0x00, 0x00, 0x00, 0x00,
    0x00, 0x00, 0x00, 0x00, 0x00, 0x00, 0x00, 0x00, 0x00, 0x00, 0x00, 0x00, 0x00, 0x00, 0x00, 0x00,
    0x00, 0x00, 0x00, 0x00, 0x00, 0x00, 0x00, 0x00, 0x00, 0x00, 0x00, 0x00, 0x00, 0x00, 0x00, 0x00,
    0x00, 0x00, 0x00, 0x00, 0x00, 0x00, 0x00, 0x00, 0x00, 0x00, 0x00, 0x00, 0x00, 0x00, 0x00, 0x00,
    0x00, 0x00, 0x00, 0x00, 0x00, 0x00, 0x00, 0x00, 0x00, 0x00, 0x00, 0x00, 0x00, 0x00, 0x00, 0x00,
    0x00, 0x00, 0x00, 0x00, 0x00, 0x00, 0x00, 0x00, 0x00, 0x00, 0x00, 0x00, 0x00, 0x00, 0x00, 0x00,
    0x00, 0x00, 0x00, 0x00, 0x00, 0x00, 0x00, 0x00, 0x00, 0x00, 0x00, 0x00, 0x00, 0x00, 0x00, 0x00,
    0x00, 0x00, 0x00, 0x00, 0x00, 0x00, 0x00, 0x00, 0x00, 0x00, 0x00, 0x00, 0x00, 0x00, 0x00, 0x00,
    0x00, 0x00, 0x00, 0x00, 0x00, 0x00, 0x00, 0x00, 0x00, 0x00, 0x00, 0x00, 0x00, 0x00, 0x00, 0x00,
    0x00, 0x00, 0x00, 0x00, 0x00, 0x00, 0x00, 0x00, 0x00, 0x00, 0x00, 0x00, 0x00, 0x00, 0x00, 0x00,
    0x00, 0x00, 0x00, 0x00, 0x00, 0x00, 0x00, 0x00, 0x00, 0x00, 0x00, 0x00, 0x00, 0x00, 0x00, 0x00,
    0x00, 0x00, 0x00, 0x00, 0x00, 0x00, 0x00, 0x00, 0x00, 0x00, 0x00, 0x00, 0x00, 0x00, 0x00, 0x00,
    0x00, 0x00, 0x00, 0x00, 0x00, 0x00, 0x00, 0x00, 0x00, 0x00, 0x00, 0x00, 0x00, 0x00, 0x00, 0x00,
    0x00, 0x00, 0x00, 0x00, 0x00, 0x00, 0x00, 0x00, 0x00, 0x00, 0x00, 0x00, 0x00, 0x00, 0x00, 0x00,
    0x00, 0x00, 0x00, 0x00, 0x00, 0x00, 0x00, 0x00, 0x00, 0x00, 0x00, 0x00, 0x00, 0x00, 0x00, 0x00,
    0x00, 0x00, 0x00, 0x00, 0x00, 0x00, 0x00, 0x00, 0x00, 0x00, 0x00, 0x00, 0x00, 0x00, 0x00, 0x00,
    0x00, 0x00, 0x00, 0x00, 0x00, 0x00, 0x00, 0x00, 0x00, 0x00, 0x00, 0x00, 0x00, 0x00, 0x00, 0x00,
    0x00, 0x00, 0x00, 0x00, 0x00, 0x00, 0x00, 0x00, 0x00, 0x00, 0x00, 0x00, 0x00, 0x00, 0x00, 0x00,
    0x00, 0x00, 0x00, 0x00, 0x00, 0x00, 0x00, 0x00, 0x00, 0x00, 0x00, 0x00, 0x00, 0x00, 0x00, 0x00,
    0x00, 0x00, 0x00, 0x00, 0x00, 0x00, 0x00, 0x00, 0x00, 0x00, 0x00, 0x00, 0x00, 0x00, 0x00, 0x00,
    0x00, 0x00, 0x00, 0x00, 0x00, 0x00, 0x00, 0x00, 0x00, 0x00, 0x00, 0x00, 0x00, 0x00, 0x00, 0x00,
    0x00, 0x00, 0x00, 0x00, 0x00, 0x00, 0x00, 0x00, 0x00, 0x00, 0x00, 0x00, 0x00, 0x00, 0x00, 0x00,
    0x00, 0x00, 0x00, 0x00, 0x00, 0x00, 0x00, 0x00, 0x00, 0x00, 0x00, 0x00, 0x00, 0x00, 0x00, 0x00,
    0x00, 0x00, 0x00, 0x00, 0x00, 0x00, 0x00, 0x00, 0x00, 0x00, 0x00, 0x00, 0x00, 0x00, 0x00, 0x00,
    0x00, 0x00, 0x00, 0x00, 0x00, 0x00, 0x00, 0x00, 0x00, 0x00, 0x00, 0x00, 0x00, 0x00, 0x00, 0x00,
    0x00, 0x00, 0x00, 0x00, 0x00, 0x00, 0x00, 0x00, 0x00, 0x00, 0x00, 0x00, 0x00, 0x00, 0x00, 0x00,
    0x00, 0x00, 0x00, 0x00, 0x00, 0x00, 0x00, 0x00, 0x00, 0x00, 0x00, 0x00, 0x00, 0x00, 0x00, 0x00,
    0x00, 0x00, 0x00, 0x00, 0x00, 0x00, 0x00, 0x00, 0x00, 0x00, 0x00, 0x00, 0x00, 0x00, 0x00, 0x00,
    0x00, 0x00, 0x00, 0x00, 0x00, 0x00, 0x00, 0x00, 0x00, 0x00, 0x00, 0x00, 0x00, 0x00, 0x00, 0x00,
    0x00, 0x00, 0x00, 0x00, 0x00, 0x00, 0x00, 0x00, 0x00, 0x00, 0x00, 0x00, 0x00, 0x00, 0x00, 0x00,
    0x00, 0x00, 0x00, 0x00, 0x00, 0x00, 0x00, 0x00, 0x00, 0x00, 0x00, 0x00, 0x00, 0x00, 0x00, 0x00,
    0x00, 0x00, 0x00, 0x00, 0x00, 0x00, 0x00, 0x00, 0x00, 0x00, 0x00, 0x00, 0x00, 0x00, 0x00, 0x00,
    0x00, 0x00, 0x00, 0x00, 0x00, 0x00, 0x00, 0x00, 0x00, 0x00, 0x00, 0x00, 0x00, 0x00, 0x00, 0x00,
    0x00, 0x00, 0x00, 0x00, 0x00, 0x00, 0x00, 0x00, 0x00, 0x00, 0x00, 0x00, 0x00, 0x00, 0x00, 0x00,
    0x00, 0x00, 0x00, 0x00, 0x00, 0x00, 0x00, 0x00, 0x00, 0x00, 0x00, 0x00, 0x00, 0x00, 0x00, 0x00,
    0x00, 0x00, 0x00, 0x00, 0x00, 0x00, 0x00, 0x00, 0x00, 0x00, 0x00, 0x00, 0x00, 0x00, 0x00, 0x00,
    0x00, 0x00, 0x00, 0x00, 0x00, 0x00, 0x00, 0x00, 0x00, 0x00, 0x00, 0x00, 0x00, 0x00, 0x00, 0x00,
    0x00, 0x00, 0x00, 0x00, 0x00, 0x00, 0x00, 0x00, 0x00, 0x00, 0x00, 0x00, 0x00, 0x00, 0x00, 0x00,
    0x00, 0x00, 0x00, 0x00, 0x00, 0x00, 0x00, 0x00, 0x00, 0x00, 0x00, 0x00, 0x00, 0x00, 0x00, 0x00,
    0x00, 0x00, 0x00, 0x00, 0x00, 0x00, 0x00, 0x00, 0x00, 0x00, 0x00, 0x00, 0x00, 0x00, 0x00, 0x00,
    0x00, 0x00, 0x00, 0x00, 0x00, 0x00, 0x00, 0x00, 0x00, 0x00, 0x00, 0x00, 0x00, 0x00, 0x00, 0x00,
    0x00, 0x00, 0x00, 0x00, 0x00, 0x00, 0x00, 0x00, 0x00, 0x00, 0x00, 0x00, 0x00, 0x00, 0x00, 0x00,
    0x00, 0x00, 0x00, 0x00, 0x00, 0x00, 0x00, 0x00, 0x00, 0x00, 0x00, 0x00, 0x00, 0x00, 0x00, 0x00,
    0x00, 0x00, 0x00, 0x00, 0x03, 0x00, 0x02, 0x7F, 0x00, 0x00, 0x04, 0x00, 0x00, 0x00, 0x60, 0x05,
    0x01, 0x00, 0x01, 0x00, 0x0B, 0x17, 0xE2, 0x03, 0x04, 0x00, 0x00, 0x00, 0x70, 0x04, 0xFF, 0x02,
    0x00, 0x00, 0x00, 0x00, 0x00, 0x00, 0x7F, 0x7F, 0x00, 0x00, 0x00, 0x00, 0x00, 0x00, 0x05, 0x07,
    0x00, 0x00, 0x00, 0x00, 0x17, 0x17, 0x03, 0x04, 0x00, 0x00, 0x00, 0x00, 0x04, 0x06, 0x03, 0x03,
    0xC5, 0x02, 0xFF, 0x01, 0xFC, 0x04, 0xFF, 0x89, 0xFF, 0x03, 0xFB, 0x00, 0xFF, 0x49, 0xFF, 0xC0,
    0xFE, 0x01, 0xFD, 0x0D, 0xFF, 0xA0, 0xFF, 0xC4, 0xFC, 0x00, 0xFF, 0x54, 0xFF, 0xC4, 0xFF, 0xB6,
    0x02, 0x05, 0x02, 0x02, 0x04, 0x07, 0x92, 0xD0, 0x03, 0x03, 0x00, 0x00, 0x4C, 0x71, 0xCD, 0xFF,
    0x01, 0x01, 0x0E, 0x16, 0xA7, 0xE9, 0xD1, 0xFE, 0x00, 0x00, 0x57, 0x80, 0xCC, 0xFF, 0xC0, 0xFC,
    0xFF, 0xC2, 0xFF, 0xAF, 0xFF, 0x91, 0xFF, 0x79, 0xFF, 0xB9, 0xFF, 0x99, 0xFF, 0x86, 0xFF, 0x77,
    0xFF, 0xA8, 0xFF, 0x88, 0xFF, 0x84, 0xFF, 0x77, 0xFF, 0x8F, 0xFF, 0x81, 0xFF, 0x83, 0xFF, 0x85,
    0xD1, 0xFF, 0xBA, 0xFC, 0x97, 0xEB, 0x77, 0xD4, 0xC7, 0xFD, 0xA0, 0xF1, 0x8A, 0xDF, 0x74, 0xD3,
    0xB2, 0xF7, 0x8B, 0xE1, 0x84, 0xDE, 0x73, 0xD3, 0x94, 0xE5, 0x81, 0xD9, 0x81, 0xDE, 0x81, 0xE6,
    0xFF, 0x68, 0xFF, 0x31, 0xFF, 0x22, 0xFF, 0x53, 0xFF, 0x6E, 0xFF, 0x37, 0xFF, 0x23, 0xFF, 0x3B,
    0xFF, 0x7F, 0xFF, 0x58, 0xFF, 0x22, 0xFF, 0x28, 0xFF, 0x80, 0xFF, 0x3F, 0xFF, 0x2E, 0xFF, 0x27,
    0x63, 0xC3, 0x37, 0x64, 0x2B, 0x4B, 0x56, 0x96, 0x68, 0xCD, 0x3C, 0x6D, 0x2C, 0x4D, 0x40, 0x71,
    0x79, 0xE5, 0x5A, 0xA1, 0x2B, 0x4B, 0x30, 0x54, 0x7D, 0xE0, 0x43, 0x78, 0x35, 0x5E, 0x30, 0x53,
    0xFF, 0x8A, 0xFF, 0xBC, 0xFF, 0xC7, 0xFF, 0xA9, 0xFF, 0x77, 0xFF, 0xAB, 0xFF, 0xCE, 0xFF, 0xD1,
    0xFF, 0x38, 0xFF, 0x68, 0xFF, 0x9B, 0xFF, 0xB0, 0xFF, 0x24, 0xFF, 0x25, 0xFF, 0x2C, 0xFD, 0x2D,
    0x89, 0xEB, 0xC7, 0xFC, 0xD6, 0xFE, 0xB6, 0xFC, 0x76, 0xD3, 0xB0, 0xFF, 0xDC, 0xFF, 0xE3, 0xFF,
    0x3D, 0x6F, 0x6C, 0xB6, 0xA3, 0xE4, 0xBC, 0xEE, 0x2D, 0x4D, 0x2D, 0x50, 0x34, 0x5E, 0x34, 0x5E,
    0xFF, 0xA5, 0xFF, 0xB9, 0xFF, 0xD0, 0xFF, 0xD5, 0xFF, 0xD4, 0xFF, 0xD6, 0xFF, 0xC4, 0xFF, 0x88,
    0xFF, 0xA7, 0xFE, 0x79, 0xFD, 0x2C, 0xFB, 0x00, 0xFC, 0x18, 0xFF, 0x00, 0xFF, 0x00, 0xFF, 0x01,
    0xB3, 0xF7, 0xC9, 0xFF, 0xE1, 0xFF, 0xE6, 0xFF, 0xE6, 0xFF, 0xE6, 0xFF, 0xD0, 0xFF, 0x91, 0xBF,
    0xB2, 0xE7, 0x80, 0xB2, 0x2E, 0x45, 0x00, 0x00, 0x1B, 0x35, 0x00, 0x00, 0x00, 0x00, 0x01, 0x01,
    0xFF, 0xBD, 0xFF, 0x55, 0xFA, 0x00, 0xFF, 0x00, 0xFD, 0x27, 0xFB, 0x00, 0xFF, 0x01, 0xCE, 0x02,
    0xFF, 0x00, 0xFF, 0x03, 0xAA, 0x03, 0x0E, 0x12, 0xE2, 0x03, 0x64, 0x05, 0x00, 0x00, 0x00, 0x00,
    0xCB, 0xFD, 0x5B, 0x80, 0x00, 0x00, 0x00, 0x00, 0x29, 0x3D, 0x00, 0x00, 0x01, 0x01, 0x02, 0x04,
    0x00, 0x00, 0x03, 0x04, 0x03, 0x04, 0x12, 0x24, 0x03, 0x05, 0x05, 0x07, 0x00, 0x01, 0x00, 0x00,
    0xD6, 0x03, 0x15, 0x0C, 0x00, 0x00, 0x02, 0x00, 0x1A, 0x09, 0x00, 0x00, 0x02, 0x00, 0x00, 0x00,
    0x00, 0x00, 0x02, 0x00, 0x00, 0x00, 0x00, 0x00, 0x06, 0x00, 0x03, 0x00, 0x01, 0x00, 0x00, 0x00,
    0x03, 0x04, 0x0C, 0x18, 0x00, 0x00, 0x00, 0x00, 0x09, 0x13, 0x00, 0x00, 0x00, 0x00, 0x00, 0x00,
    0x00, 0x00, 0x00, 0x00, 0x00, 0x00, 0x00, 0x00, 0x00, 0x00, 0x00, 0x00, 0x00, 0x00, 0x00, 0x00,
    0x00, 0x00, 0x00, 0x00, 0x00, 0x00, 0x00, 0x00, 0x00, 0x00, 0x00, 0x00, 0x00, 0x00, 0x00, 0x00,
    0x00, 0x00, 0x00, 0x00, 0x00, 0x00, 0x01, 0x00, 0x00, 0x00, 0x00, 0x00, 0x00, 0x00, 0x04, 0x00,
    0x00, 0x00, 0x00, 0x00, 0x00, 0x00, 0x00, 0x00, 0x00, 0x00, 0x00, 0x00, 0x00, 0x00, 0x00, 0x00,
    0x00, 0x00, 0x00, 0x00, 0x00, 0x00, 0x00, 0x00, 0x00, 0x00, 0x00, 0x00, 0x00, 0x00, 0x00, 0x00,
    0x00, 0x00, 0x03, 0x00, 0x00, 0x00, 0x70, 0x04, 0x03, 0x00, 0x00, 0x00, 0x40, 0x03, 0xFF, 0x02,
    0x02, 0x00, 0x0C, 0x00, 0xDD, 0x02, 0xFF, 0x00, 0x00, 0x00, 0x7B, 0x06, 0xFF, 0x00, 0xFB, 0x31,
    0x00, 0x00, 0x00, 0x00, 0x00, 0x00, 0x02, 0x02, 0x00, 0x00, 0x00, 0x00, 0x00, 0x03, 0x01, 0x02,
    0x00, 0x00, 0x00, 0x00, 0x01, 0x02, 0x00, 0x00, 0x00, 0x00, 0x02, 0x04, 0x00, 0x00, 0x14, 0x22,
    0xFF, 0x00, 0xFB, 0x21, 0xFE, 0xD1, 0xFF, 0xE9, 0xFB, 0x0A, 0xFE, 0xBC, 0xFF, 0xF5, 0xFF, 0xE9,
    0xFD, 0x84, 0xFF, 0xF8, 0xFF, 0xF6, 0xFF, 0xF2, 0xFF, 0xE9, 0xFF, 0xEF, 0xFF, 0xFF, 0xFF, 0xF0,
    0x00, 0x00, 0x0D, 0x17, 0x5C, 0xA6, 0x71, 0xC3, 0x04, 0x06, 0x56, 0x9B, 0x87, 0xBD, 0x8B, 0xA9,
    0x3B, 0x63, 0x7E, 0xDF, 0xB7, 0x4E, 0x9D, 0x79, 0x6E, 0xCB, 0x98, 0xA5, 0xCF, 0x12, 0x90, 0x65,
    0xFF, 0xE9, 0xFE, 0xD1, 0xFB, 0x21, 0xFF, 0x00, 0xFF, 0xE9, 0xFF, 0xF5, 0xFE, 0xBC, 0xFB, 0x0A,
    0xFF, 0xF2, 0xFF, 0xF6, 0xFF, 0xF8, 0xFD, 0x84, 0xFF, 0xF0, 0xFF, 0xFF, 0xFF, 0xEF, 0xFF, 0xE9,
    0x71, 0xC3, 0x5C, 0xA6, 0x0D, 0x17, 0x00, 0x00, 0x8B, 0xA9, 0x87, 0xBD, 0x56, 0x9B, 0x04, 0x06,
    0x9D, 0x79, 0xB7, 0x4E, 0x7E, 0xDF, 0x3B, 0x63, 0x90, 0x65, 0xCF, 0x12, 0x98, 0xA5, 0x6E, 0xCB,
    0x70, 0x04, 0x00, 0x00, 0x03, 0x00, 0x00, 0x00, 0xFF, 0x02, 0x40, 0x03, 0x00, 0x00, 0x03, 0x00,
    0xFF, 0x00, 0xDD, 0x02, 0x0C, 0x00, 0x02, 0x00, 0xFB, 0x31, 0xFF, 0x00, 0x7B, 0x06, 0x00, 0x00,
    0x02, 0x02, 0x00, 0x00, 0x00, 0x00, 0x00, 0x00, 0x01, 0x02, 0x00, 0x03, 0x00, 0x00, 0x00, 0x00,
    0x00, 0x00, 0x01, 0x02, 0x00, 0x00, 0x00, 0x00, 0x14, 0x22, 0x00, 0x00, 0x02, 0x04, 0x00, 0x00,
    0x00, 0x00, 0x00, 0x00, 0x00, 0x00, 0x00, 0x00, 0x00, 0x00, 0x00, 0x00, 0x00, 0x00, 0x00, 0x00,
    0x01, 0x00, 0x00, 0x00, 0x00, 0x00, 0x00, 0x00, 0x04, 0x00, 0x00, 0x00, 0x00, 0x00, 0x00, 0x00,
    0x00, 0x00, 0x00, 0x00, 0x00, 0x00, 0x00, 0x00, 0x00, 0x00, 0x00, 0x00, 0x00, 0x00, 0x00, 0x00,
    0x00, 0x00, 0x00, 0x00, 0x00, 0x00, 0x00, 0x00, 0x00, 0x00, 0x00, 0x00, 0x00, 0x00, 0x00, 0x00,
    0x02, 0x00, 0x00, 0x00, 0x15, 0x0C, 0xD6, 0x03, 0x00, 0x00, 0x02, 0x00, 0x00, 0x00, 0x1A, 0x09,
    0x00, 0x00, 0x00, 0x00, 0x02, 0x00, 0x00, 0x00, 0x00, 0x00, 0x01, 0x00, 0x03, 0x00, 0x06, 0x00,
    0x00, 0x00, 0x00, 0x00, 0x0C, 0x18, 0x03, 0x04, 0x00, 0x00, 0x00, 0x00, 0x00, 0x00, 0x09, 0x13,
    0x00, 0x00, 0x00, 0x00, 0x00, 0x00, 0x00, 0x00, 0x00, 0x00, 0x00, 0x00, 0x00, 0x00, 0x00, 0x00,
    0xFF, 0x00, 0xFA, 0x00, 0xFF, 0x55, 0xFF, 0xBD, 0xCE, 0x02, 0xFF, 0x01, 0xFB, 0x00, 0xFD, 0x27,
    0x0E, 0x12, 0xAA, 0x03, 0xFF, 0x03, 0xFF, 0x00, 0x00, 0x00, 0x00, 0x00, 0x63, 0x05, 0xE2, 0x03,
    0x00, 0x00, 0x00, 0x00, 0x5B, 0x80, 0xCB, 0xFD, 0x02, 0x04, 0x01, 0x01, 0x00, 0x00, 0x29, 0x3D,
    0x12, 0x24, 0x03, 0x04, 0x03, 0x04, 0x00, 0x00, 0x00, 0x00, 0x00, 0x01, 0x05, 0x07, 0x03, 0x05,
    0xFF, 0xD5, 0xFF, 0xD0, 0xFF, 0xB9, 0xFF, 0xA5, 0xFF, 0x88, 0xFF, 0xC4, 0xFF, 0xD6, 0xFF, 0xD4,
    0xFB, 0x00, 0xFD, 0x2C, 0xFE, 0x79, 0xFF, 0xA7, 0xFF, 0x01, 0xFF, 0x00, 0xFF, 0x00, 0xFC, 0x18,
    0xE6, 0xFF, 0xE1, 0xFF, 0xC9, 0xFF, 0xB3, 0xF7, 0x91, 0xBF, 0xD0, 0xFF, 0xE6, 0xFF, 0xE6, 0xFF,
    0x00, 0x00, 0x2E, 0x45, 0x80, 0xB2, 0xB2, 0xE7, 0x01, 0x01, 0x00, 0x00, 0x00, 0x00, 0x1B, 0x35,
    0xFF, 0xA9, 0xFF, 0xC7, 0xFF, 0xBC, 0xFF, 0x8A, 0xFF, 0xD1, 0xFF, 0xCE, 0xFF, 0xAB, 0xFF, 0x77,
    0xFF, 0xB0, 0xFF, 0x9B, 0xFF, 0x68, 0xFF, 0x38, 0xFD, 0x2D, 0xFF, 0x2C, 0xFF, 0x25, 0xFF, 0x24,
    0xB6, 0xFC, 0xD6, 0xFE, 0xC7, 0xFC, 0x89, 0xEB, 0xE3, 0xFF, 0xDC, 0xFF, 0xB0, 0xFF, 0x76, 0xD3,
    0xBC, 0xEE, 0xA3, 0xE4, 0x6C, 0xB6, 0x3D, 0x6F, 0x34, 0x5E, 0x34, 0x5E, 0x2D, 0x50, 0x2D, 0x4D,
    0xFF, 0x53, 0xFF, 0x22, 0xFF, 0x31, 0xFF, 0x68, 0xFF, 0x3B, 0xFF, 0x23, 0xFF, 0x37, 0xFF, 0x6E,
    0xFF, 0x28, 0xFF, 0x22, 0xFF, 0x58, 0xFF, 0x7F, 0xFF, 0x27, 0xFF, 0x2E, 0xFF, 0x3F, 0xFF, 0x80,
    0x56, 0x96, 0x2B, 0x4A, 0x37, 0x64, 0x63, 0xC3, 0x40, 0x71, 0x2C, 0x4D, 0x3C, 0x6D, 0x68, 0xCD,
    0x30, 0x54, 0x2B, 0x4B, 0x5A, 0xA1, 0x79, 0xE5, 0x30, 0x53, 0x35, 0x5E, 0x43, 0x78, 0x7D, 0xE0,
    0xFF, 0x79, 0xFF, 0x91, 0xFF, 0xAF, 0xFF, 0xC2, 0xFF, 0x77, 0xFF, 0x86, 0xFF, 0x99, 0xFF, 0xB9,
    0xFF, 0x77, 0xFF, 0x84, 0xFF, 0x88, 0xFF, 0xA8, 0xFF, 0x85, 0xFF, 0x83, 0xFF, 0x81, 0xFF, 0x8F,
    0x77, 0xD4, 0x97, 0xEB, 0xBA, 0xFC, 0xD1, 0xFF, 0x74, 0xD3, 0x8A, 0xDF, 0xA0, 0xF1, 0xC7, 0xFD,
    0x73, 0xD3, 0x84, 0xDE, 0x8B, 0xE1, 0xB2, 0xF7, 0x81, 0xE6, 0x81, 0xDE, 0x81, 0xD9, 0x94, 0xE5,
    0xFF, 0x89, 0xFC, 0x04, 0xFF, 0x01, 0xC5, 0x02, 0xFF, 0xC0, 0xFF, 0x48, 0xFB, 0x00, 0xFF, 0x03,
    0xFF, 0xC4, 0xFF, 0xA0, 0xFD, 0x0D, 0xFE, 0x01, 0xFF, 0xB6, 0xFF, 0xC4, 0xFF, 0x54, 0xFC, 0x00,
    0x92, 0xD0, 0x04, 0x07, 0x02, 0x02, 0x02, 0x05, 0xCD, 0xFF, 0x4C, 0x71, 0x00, 0x00, 0x03, 0x03,
    0xD1, 0xFE, 0xA7, 0xE9, 0x0E, 0x16, 0x01, 0x01, 0xC0, 0xFC, 0xCC, 0xFF, 0x57, 0x80, 0x00, 0x00,
    0x02, 0x7F, 0x03, 0x00, 0x00, 0x00, 0x00, 0x00, 0x60, 0x05, 0x00, 0x00, 0x04, 0x00, 0x00, 0x00,
    0xE2, 0x03, 0x0B, 0x17, 0x01, 0x00, 0x01, 0x00, 0xFF, 0x02, 0x70, 0x04, 0x00, 0x00, 0x04, 0x00,
    0x7F, 0x7F, 0x00, 0x00, 0x00, 0x00, 0x00, 0x00, 0x05, 0x07, 0x00, 0x00, 0x00, 0x00, 0x00, 0x00,
    0x03, 0x04, 0x17, 0x17, 0x00, 0x00, 0x00, 0x00, 0x03, 0x03, 0x04, 0x06, 0x00, 0x00, 0x00, 0x00,
    0x00, 0x00, 0x00, 0x00, 0x00, 0x00, 0x00, 0x00, 0x00, 0x00, 0x00, 0x00, 0x00, 0x00, 0x00, 0x00,
    0x00, 0x00, 0x00, 0x00, 0x00, 0x00, 0x00, 0x00, 0x00, 0x00, 0x00, 0x00, 0x00, 0x00, 0x00, 0x00,
    0x00, 0x00, 0x00, 0x00, 0x00, 0x00, 0x00, 0x00, 0x00, 0x00, 0x00, 0x00, 0x00, 0x00, 0x00, 0x00,
    0x00, 0x00, 0x00, 0x00, 0x00, 0x00, 0x00, 0x00, 0x00, 0x00, 0x00, 0x00, 0x00, 0x00, 0x00, 0x00,
    0x00, 0x00, 0x00, 0x00, 0x00, 0x00, 0x00, 0x00, 0x00, 0x00, 0x00, 0x00, 0x00, 0x00, 0x00, 0x00,
    0x00, 0x00, 0x00, 0x00, 0x00, 0x00, 0x00, 0x00, 0x00, 0x00, 0x00, 0x00, 0x00, 0x00, 0x00, 0x00,
    0x00, 0x00, 0x00, 0x00, 0x00, 0x00, 0x00, 0x00, 0x00, 0x00, 0x00, 0x00, 0x00, 0x00, 0x00, 0x00,
    0x00, 0x00, 0x00, 0x00, 0x00, 0x00, 0x00, 0x00, 0x00, 0x00, 0x00, 0x00, 0x00, 0x00, 0x00, 0x00,
    0x00, 0x00, 0x00, 0x00, 0x00, 0x00, 0x00, 0x00, 0x00, 0x00, 0x00, 0x00, 0x00, 0x00, 0x00, 0x00,
    0x00, 0x00, 0x00, 0x00, 0x00, 0x00, 0x00, 0x00, 0x00, 0x00, 0x00, 0x00, 0x00, 0x00, 0x00, 0x00,
    0x00, 0x00, 0x00, 0x00, 0x00, 0x00, 0x00, 0x00, 0x00, 0x00, 0x00, 0x00, 0x00, 0x00, 0x00, 0x00,
    0x00, 0x00, 0x00, 0x00, 0x00, 0x00, 0x00, 0x00, 0x00, 0x00, 0x00, 0x00, 0x00, 0x00, 0x00, 0x00,
    0x00, 0x00, 0x00, 0x00, 0x00, 0x00, 0x00, 0x00, 0x00, 0x00, 0x00, 0x00, 0x00, 0x00, 0x00, 0x00,
    0x00, 0x00, 0x00, 0x00, 0x00, 0x00, 0x00, 0x00, 0x00, 0x00, 0x00, 0x00, 0x00, 0x00, 0x00, 0x00,
    0x00, 0x00, 0x00, 0x00, 0x00, 0x00, 0x00, 0x00, 0x00, 0x00, 0x00, 0x00, 0x00, 0x00, 0x00, 0x00,
    0x00, 0x00, 0x00, 0x00, 0x00, 0x00, 0x00, 0x00, 0x00, 0x00, 0x00, 0x00, 0x00, 0x00, 0x00, 0x00,
    0x00, 0x00, 0x00, 0x00, 0x00, 0x00, 0x00, 0x00, 0x00, 0x00, 0x00, 0x00, 0x00, 0x00, 0x00, 0x00,
    0x00, 0x00, 0x00, 0x00, 0x00, 0x00, 0x00, 0x00, 0x00, 0x00, 0x00, 0x00, 0x00, 0x00, 0x00, 0x00,
    0x00, 0x00, 0x00, 0x00, 0x00, 0x00, 0x00, 0x00, 0x00, 0x00, 0x00, 0x00, 0x00, 0x00, 0x00, 0x00,
    0x00, 0x00, 0x00, 0x00, 0x00, 0x00, 0x00, 0x00, 0x00, 0x00, 0x00, 0x00, 0x00, 0x00, 0x00, 0x00,
    0x00, 0x00, 0x00, 0x00, 0x00, 0x00, 0x00, 0x00, 0x00, 0x00, 0x00, 0x00, 0x00, 0x00, 0x00, 0x00,
    0x00, 0x00, 0x00, 0x00, 0x00, 0x00, 0x00, 0x00, 0x00, 0x00, 0x00, 0x00, 0x00, 0x00, 0x00, 0x00,
    0x00, 0x00, 0x00, 0x00, 0x00, 0x00, 0x00, 0x00, 0x00, 0x00, 0x00, 0x00, 0x00, 0x00, 0x00, 0x00,
    0x00, 0x00, 0x00, 0x00, 0x00, 0x00, 0x00, 0x00, 0x00, 0x00, 0x00, 0x00, 0x00, 0x00, 0x00, 0x00,
    0x00, 0x00, 0x00, 0x00, 0x00, 0x00, 0x00, 0x00, 0x00, 0x00, 0x00, 0x00, 0x00, 0x00, 0x00, 0x00,
    0x00, 0x00, 0x00, 0x00, 0x00, 0x00, 0x00, 0x00, 0x00, 0x00, 0x00, 0x00, 0x00, 0x00, 0x00, 0x00,
    0x00, 0x00, 0x00, 0x00, 0x00, 0x00, 0x00, 0x00, 0x00, 0x00, 0x00, 0x00, 0x00, 0x00, 0x00, 0x00,
    0x00, 0x00, 0x00, 0x00, 0x00, 0x00, 0x00, 0x00, 0x00, 0x00, 0x00, 0x00, 0x00, 0x00, 0x00, 0x00,
    0x00, 0x00, 0x00, 0x00, 0x00, 0x00, 0x00, 0x00, 0x00, 0x00, 0x00, 0x00, 0x00, 0x00, 0x00, 0x00,
    0x00, 0x00, 0x00, 0x00, 0x00, 0x00, 0x00, 0x00, 0x00, 0x00, 0x00, 0x00, 0x00, 0x00, 0x00, 0x00,
    0x00, 0x00, 0x00, 0x00, 0x00, 0x00, 0x00, 0x00, 0x00, 0x00, 0x00, 0x00, 0x00, 0x00, 0x00, 0x00,
    0x00, 0x00, 0x00, 0x00, 0x00, 0x00, 0x00, 0x00, 0x00, 0x00, 0x00, 0x00, 0x00, 0x00, 0x00, 0x00,
    0x00, 0x00, 0x00, 0x00, 0x00, 0x00, 0x00, 0x00, 0x00, 0x00, 0x00, 0x00, 0x00, 0x00, 0x00, 0x00,
    0x00, 0x00, 0x00, 0x00, 0x00, 0x00, 0x00, 0x00, 0x00, 0x00, 0x00, 0x00, 0x00, 0x00, 0x00, 0x00,
    0x00, 0x00, 0x00, 0x00, 0x00, 0x00, 0x00, 0x00, 0x00, 0x00, 0x00, 0x00, 0x00, 0x00, 0x00, 0x00,
    0x00, 0x00, 0x00, 0x00, 0x00, 0x00, 0x00, 0x00, 0x00, 0x00, 0x00, 0x00, 0x00, 0x00, 0x00, 0x00,
    0x00, 0x00, 0x00, 0x00, 0x00, 0x00, 0x01, 0x00, 0x00, 0x00, 0x00, 0x00, 0x00, 0x00, 0x04, 0x00,
    0x00, 0x00, 0x00, 0x00, 0x01, 0x00, 0x01, 0x00, 0x00, 0x00, 0x00, 0x00, 0x04, 0x00, 0x00, 0x00,
    0x00, 0x00, 0x00, 0x00, 0x00, 0x00, 0x00, 0x00, 0x00, 0x00, 0x00, 0x00, 0x00, 0x00, 0x00, 0x00,
    0x00, 0x00, 0x00, 0x00, 0x00, 0x00, 0x00, 0x00, 0x00, 0x00, 0x00, 0x00, 0x00, 0x00, 0x00, 0x00,
    0x01, 0x00, 0x0C, 0x15, 0xE3, 0x02, 0xFE, 0x00, 0x00, 0x00, 0x6A, 0x04, 0xFF, 0x03, 0xFC, 0x00,
    0x06, 0x2A, 0xDB, 0x02, 0xFE, 0x00, 0xFD, 0x07, 0x57, 0x05, 0xFF, 0x03, 0xFC, 0x00, 0xFF, 0x41,
    0x00, 0x00, 0x15, 0x15, 0x02, 0x03, 0x00, 0x01, 0x00, 0x00, 0x04, 0x07, 0x03, 0x04, 0x00, 0x00,
    0x2A, 0x2A, 0x02, 0x03, 0x00, 0x01, 0x07, 0x0B, 0x05, 0x08, 0x03, 0x04, 0x00, 0x00, 0x40, 0x5E,
    0xFD, 0x0C, 0xFF, 0x9F, 0xFF, 0xC0, 0xFF, 0x9F, 0xFF, 0x4E, 0xFF, 0xC2, 0xFF, 0xAF, 0xFF, 0x8A,
    0xFF, 0x99, 0xFF, 0xBE, 0xFF, 0x98, 0xFF, 0x7E, 0xFF, 0xC0, 0xFF, 0xAB, 0xFF, 0x83, 0xFF, 0x7B,
    0x0C, 0x13, 0xA2, 0xE5, 0xC7, 0xFF, 0xA3, 0xEF, 0x4E, 0x72, 0xC4, 0xFF, 0xB3, 0xF7, 0x88, 0xDC,
    0x98, 0xD8, 0xBE, 0xFE, 0x97, 0xE3, 0x79, 0xD2, 0xBF, 0xFF, 0xA9, 0xF0, 0x7F, 0xD1, 0x75, 0xD2,
    0xFF, 0x83, 0xFF, 0x81, 0xFF, 0x8B, 0xFF, 0x90, 0xFF, 0x80, 0xFF, 0x88, 0xFF, 0x9C, 0xFF, 0x5A,
    0xFF, 0x82, 0xFF, 0x9D, 0xFF, 0x76, 0xFF, 0x40, 0xFF, 0x91, 0xFF, 0x93, 0xFE, 0x43, 0xFF, 0x71,
    0x81, 0xD9, 0x7E, 0xDB, 0x89, 0xE8, 0x8D, 0xF1, 0x7B, 0xD8, 0x85, 0xE4, 0x99, 0xFA, 0x5D, 0x9C,
    0x7D, 0xDC, 0x98, 0xF8, 0x77, 0xC0, 0x45, 0x77, 0x8B, 0xEB, 0x90, 0xE4, 0x49, 0x78, 0x70, 0xBE,
    0xFF, 0x45, 0xFF, 0x44, 0xFF, 0x6A, 0xFF, 0x46, 0xFF, 0x43, 0xFF, 0x74, 0xFF, 0x64, 0xFF, 0x67,
    0xFF, 0x79, 0xFF, 0x6C, 0xFF, 0x63, 0xFF, 0x57, 0xFF, 0x72, 0xFF, 0x61, 0xFF, 0x61, 0xFF, 0x25,
    0x48, 0x7E, 0x46, 0x80, 0x67, 0xC1, 0x47, 0x86, 0x47, 0x7E, 0x6F, 0xCC, 0x60, 0xB7, 0x62, 0xC1,
    0x76, 0xCD, 0x68, 0xBE, 0x5E, 0xB4, 0x52, 0xA4, 0x6E, 0xC3, 0x5D, 0xAF, 0x5B, 0xB4, 0x23, 0x47,
    0xFF, 0x32, 0xFF, 0x27, 0xFE, 0x18, 0xFF, 0x07, 0xFF, 0x47, 0xFD, 0x04, 0xFF, 0x00, 0xD1, 0x01,
    0xFE, 0x0B, 0xFC, 0x00, 0xF6, 0x03, 0x2A, 0x0C, 0xFC, 0x00, 0xFF, 0x02, 0x69, 0x04, 0x00, 0x00,
    0x38, 0x66, 0x2E, 0x50, 0x1C, 0x31, 0x08, 0x0D, 0x43, 0x85, 0x04, 0x07, 0x00, 0x00, 0x01, 0x00,
    0x0B, 0x16, 0x00, 0x00, 0x02, 0x04, 0x0C, 0x12, 0x00, 0x00, 0x02, 0x03, 0x04, 0x07, 0x00, 0x00,
    0xFF, 0x00, 0xFB, 0x02, 0xCC, 0x05, 0x72, 0x04, 0x51, 0x09, 0x2A, 0x0C, 0x00, 0x01, 0x00, 0x00,
    0x00, 0x00, 0x00, 0x00, 0x00, 0x00, 0x04, 0x00, 0x07, 0x00, 0x02, 0x00, 0x00, 0x00, 0x00, 0x00,
    0x00, 0x00, 0x02, 0x03, 0x05, 0x06, 0x04, 0x06, 0x09, 0x0F, 0x0C, 0x12, 0x01, 0x01, 0x00, 0x00,
    0x00, 0x00, 0x00, 0x00, 0x00, 0x00, 0x00, 0x00, 0x00, 0x00, 0x00, 0x00, 0x00, 0x00, 0x00, 0x00,
    0x12, 0x0E, 0x00, 0x00, 0x03, 0x00, 0x00, 0x00, 0x00, 0x00, 0x04, 0x00, 0x00, 0x00, 0x12, 0x00,
    0x03, 0x00, 0x01, 0x00, 0x20, 0x00, 0xDC, 0x01, 0x02, 0x00, 0x00, 0x00, 0xB7, 0x01, 0xFF, 0x00,
    0x0E, 0x1C, 0x00, 0x00, 0x00, 0x00, 0x00, 0x00, 0x00, 0x00, 0x00, 0x00, 0x00, 0x00, 0x00, 0x00,
    0x00, 0x00, 0x00, 0x00, 0x00, 0x00, 0x00, 0x01, 0x00, 0x00, 0x00, 0x00, 0x01, 0x01, 0x00, 0x00,
    0x00, 0x00, 0x00, 0x00, 0x00, 0x00, 0x03, 0x00, 0x61, 0x05, 0x5C, 0x0B, 0x17, 0x0B, 0x00, 0x00,
    0xFF, 0x00, 0xFF, 0x00, 0xEB, 0x00, 0x73, 0x06, 0xF8, 0x31, 0xFB, 0x65, 0xFF, 0x11, 0xFF, 0x00,
    0x00, 0x00, 0x00, 0x00, 0x00, 0x00, 0x00, 0x00, 0x02, 0x05, 0x05, 0x08, 0x0B, 0x0B, 0x00, 0x00,
    0x00, 0x00, 0x00, 0x00, 0x00, 0x00, 0x02, 0x04, 0x14, 0x25, 0x29, 0x4E, 0x06, 0x0C, 0x00, 0x00,
    0x00, 0x00, 0x00, 0x00, 0x01, 0x00, 0x00, 0x00, 0x01, 0x00, 0x01, 0x00, 0x03, 0x00, 0x00, 0x00,
    0x00, 0x00, 0x00, 0x00, 0x06, 0x00, 0x00, 0x00, 0xB2, 0x02, 0x0F, 0x00, 0x00, 0x00, 0x01, 0x00,
    0x00, 0x00, 0x00, 0x00, 0x00, 0x00, 0x00, 0x00, 0x00, 0x00, 0x00, 0x00, 0x00, 0x00, 0x00, 0x00,
    0x00, 0x00, 0x00, 0x00, 0x00, 0x00, 0x00, 0x00, 0x02, 0x00, 0x00, 0x00, 0x00, 0x00, 0x00, 0x00,
    0x0E, 0x00, 0xE8, 0x02, 0xFE, 0x00, 0xFD, 0xA4, 0x52, 0x06, 0xFF, 0x00, 0xFC, 0x27, 0xFF, 0xEF,
    0x93, 0x06, 0xFE, 0x00, 0xFB, 0x74, 0xFF, 0xFF, 0xBC, 0x02, 0xFF, 0x00, 0xFC, 0xB5, 0xFF, 0xFE,
    0x00, 0x00, 0x01, 0x02, 0x00, 0x00, 0x4C, 0x7C, 0x03, 0x06, 0x00, 0x00, 0x0B, 0x29, 0x8E, 0x81,
    0x03, 0x03, 0x00, 0x00, 0x35, 0x56, 0xC0, 0x42, 0x02, 0x00, 0x00, 0x04, 0x6B, 0x4A, 0xCF, 0x24,
    0xFF, 0xF8, 0xFF, 0xF5, 0xFF, 0xFF, 0xFF, 0xF2, 0xFF, 0xF7, 0xFF, 0xFC, 0xFF, 0xFF, 0xFF, 0xF9,
    0xFF, 0xF8, 0xFF, 0xFE, 0xFF, 0xFE, 0xFF, 0xFE, 0xFF, 0xFB, 0xFF, 0xFE, 0xFF, 0xFD, 0xFF, 0xFE,
    0x8E, 0xCA, 0xB5, 0x5D, 0xC5, 0x10, 0x8D, 0x4E, 0xB2, 0x77, 0xBF, 0x3A, 0xBB, 0x1B, 0x96, 0x30,
    0xC1, 0x41, 0xC0, 0x29, 0xBC, 0x26, 0x9B, 0x1B, 0xC4, 0x27, 0xC0, 0x26, 0xBE, 0x28, 0x98, 0x1A,
    0xFF, 0xF2, 0xFF, 0xFF, 0xFF, 0xF5, 0xFF, 0xF8, 0xFF, 0xF9, 0xFF, 0xFF, 0xFF, 0xFC, 0xFF, 0xF7,
    0xFF, 0xFE, 0xFF, 0xFE, 0xFF, 0xFE, 0xFF, 0xF8, 0xFF, 0xFE, 0xFF, 0xFD, 0xFF, 0xFE, 0xFF, 0xFB,
    0x8D, 0x4E, 0xC5, 0x10, 0xB5, 0x5D, 0x8E, 0xCA, 0x96, 0x30, 0xBB, 0x1B, 0xBF, 0x3A, 0xB2, 0x77,
    0x9B, 0x1B, 0xBC, 0x26, 0xC0, 0x29, 0xC1, 0x41, 0x98, 0x1A, 0xBE, 0x28, 0xC0, 0x26, 0xC4, 0x27,
    0xFD, 0xA4, 0xFE, 0x00, 0xE8, 0x02, 0x0E, 0x00, 0xFF, 0xEF, 0xFC, 0x27, 0xFF, 0x00, 0x52, 0x06,
    0xFF, 0xFF, 0xFB, 0x74, 0xFE, 0x00, 0x93, 0x06, 0xFF, 0xFE, 0xFC, 0xB5, 0xFF, 0x00, 0xBC, 0x02,
    0x4C, 0x7C, 0x00, 0x00, 0x01, 0x02, 0x00, 0x00, 0x8E, 0x81, 0x0B, 0x29, 0x00, 0x00, 0x03, 0x06,
    0xC0, 0x42, 0x35, 0x56, 0x00, 0x00, 0x03, 0x03, 0xCF, 0x24, 0x6B, 0x4A, 0x00, 0x04, 0x02, 0x00,
    0x00, 0x00, 0x01, 0x00, 0x00, 0x00, 0x00, 0x00, 0x00, 0x00, 0x03, 0x00, 0x01, 0x00, 0x01, 0x00,
    0x00, 0x00, 0x06, 0x00, 0x00, 0x00, 0x00, 0x00, 0x01, 0x00, 0x00, 0x00, 0x0F, 0x00, 0xB2, 0x02,
    0x00, 0x00, 0x00, 0x00, 0x00, 0x00, 0x00, 0x00, 0x00, 0x00, 0x00, 0x00, 0x00, 0x00, 0x00, 0x00,
    0x00, 0x00, 0x00, 0x00, 0x00, 0x00, 0x00, 0x00, 0x00, 0x00, 0x00, 0x00, 0x00, 0x00, 0x02, 0x00,
    0x03, 0x00, 0x00, 0x00, 0x00, 0x00, 0x00, 0x00, 0x00, 0x00, 0x17, 0x0B, 0x5C, 0x0B, 0x61, 0x05,
    0x73, 0x06, 0xEB, 0x00, 0xFF, 0x00, 0xFF, 0x00, 0xFF, 0x00, 0xFF, 0x11, 0xFB, 0x65, 0xF8, 0x31,
    0x00, 0x00, 0x00, 0x00, 0x00, 0x00, 0x00, 0x00, 0x00, 0x00, 0x0B, 0x0B, 0x05, 0x08, 0x02, 0x05,
    0x02, 0x04, 0x00, 0x00, 0x00, 0x00, 0x00, 0x00, 0x00, 0x00, 0x06, 0x0C, 0x29, 0x4E, 0x14, 0x25,
    0x00, 0x00, 0x03, 0x00, 0x00, 0x00, 0x12, 0x0E, 0x12, 0x00, 0x00, 0x00, 0x04, 0x00, 0x00, 0x00,
    0xDC, 0x01, 0x20, 0x00, 0x01, 0x00, 0x03, 0x00, 0xFF, 0x00, 0xB7, 0x01, 0x00, 0x00, 0x02, 0x00,
    0x00, 0x00, 0x00, 0x00, 0x00, 0x00, 0x0E, 0x1C, 0x00, 0x00, 0x00, 0x00, 0x00, 0x00, 0x00, 0x00,
    0x00, 0x01, 0x00, 0x00, 0x00, 0x00, 0x00, 0x00, 0x00, 0x00, 0x01, 0x01, 0x00, 0x00, 0x00, 0x00,
    0x72, 0x04, 0xCC, 0x05, 0xFB, 0x02, 0xFF, 0x00, 0x00, 0x00, 0x00, 0x01, 0x2A, 0x0C, 0x51, 0x09,
    0x04, 0x00, 0x00, 0x00, 0x00, 0x00, 0x00, 0x00, 0x00, 0x00, 0x00, 0x00, 0x02, 0x00, 0x07, 0x00,
    0x04, 0x06, 0x05, 0x06, 0x02, 0x03, 0x00, 0x00, 0x00, 0x00, 0x01, 0x01, 0x0C, 0x12, 0x09, 0x0F,
    0x00, 0x00, 0x00, 0x00, 0x00, 0x00, 0x00, 0x00, 0x00, 0x00, 0x00, 0x00, 0x00, 0x00, 0x00, 0x00,
    0xFF, 0x07, 0xFE, 0x18, 0xFF, 0x27, 0xFF, 0x32, 0xD1, 0x01, 0xFF, 0x00, 0xFD, 0x04, 0xFF, 0x47,
    0x2A, 0x0C, 0xF6, 0x03, 0xFC, 0x00, 0xFE, 0x0B, 0x00, 0x00, 0x69, 0x04, 0xFF, 0x02, 0xFC, 0x00,
    0x08, 0x0D, 0x1C, 0x31, 0x2E, 0x50, 0x38, 0x66, 0x01, 0x00, 0x00, 0x00, 0x04, 0x07, 0x43, 0x85,
    0x0C, 0x12, 0x02, 0x04, 0x00, 0x00, 0x0B, 0x16, 0x00, 0x00, 0x04, 0x07, 0x02, 0x03, 0x00, 0x00,
    0xFF, 0x46, 0xFF, 0x6A, 0xFF, 0x44, 0xFF, 0x45, 0xFF, 0x67, 0xFF, 0x64, 0xFF, 0x74, 0xFF, 0x43,
    0xFF, 0x57, 0xFF, 0x63, 0xFF, 0x6C, 0xFF, 0x79, 0xFF, 0x25, 0xFF, 0x61, 0xFF, 0x61, 0xFF, 0x72,
    0x47, 0x86, 0x67, 0xC1, 0x46, 0x80, 0x48, 0x7E, 0x62, 0xC1, 0x60, 0xB7, 0x6F, 0xCC, 0x47, 0x7E,
    0x52, 0xA4, 0x5E, 0xB4, 0x68, 0xBE, 0x76, 0xCD, 0x23, 0x47, 0x5B, 0xB4, 0x5D, 0xAF, 0x6E, 0xC3,
    0xFF, 0x90, 0xFF, 0x8B, 0xFF, 0x81, 0xFF, 0x83, 0xFF, 0x5A, 0xFF, 0x9C, 0xFF, 0x88, 0xFF, 0x80,
    0xFF, 0x40, 0xFF, 0x76, 0xFF, 0x9D, 0xFF, 0x82, 0xFF, 0x71, 0xFE, 0x43, 0xFF, 0x93, 0xFF, 0x91,
    0x8D, 0xF1, 0x89, 0xE8, 0x7E, 0xDB, 0x81, 0xD9, 0x5D, 0x9C, 0x99, 0xFA, 0x85, 0xE4, 0x7B, 0xD8,
    0x45, 0x77, 0x77, 0xC0, 0x98, 0xF8, 0x7D, 0xDC, 0x70, 0xBE, 0x49, 0x78, 0x90, 0xE4, 0x8B, 0xEB,
    0xFF, 0x9F, 0xFF, 0xC0, 0xFF, 0x9F, 0xFD, 0x0C, 0xFF, 0x8A, 0xFF, 0xAF, 0xFF, 0xC2, 0xFF, 0x4E,
    0xFF, 0x7E, 0xFF, 0x98, 0xFF, 0xBE, 0xFF, 0x99, 0xFF, 0x7B, 0xFF, 0x83, 0xFF, 0xAB, 0xFF, 0xC0,
    0xA3, 0xEF, 0xC7, 0xFF, 0xA2, 0xE5, 0x0C, 0x13, 0x88, 0xDC, 0xB3, 0xF7, 0xC4, 0xFF, 0x4E, 0x72,
    0x79, 0xD2, 0x97, 0xE3, 0xBE, 0xFE, 0x98, 0xD8, 0x75, 0xD2, 0x7F, 0xD1, 0xA9, 0xF0, 0xBF, 0xFF,
    0xFE, 0x00, 0xE3, 0x02, 0x0C, 0x15, 0x01, 0x00, 0xFC, 0x00, 0xFF, 0x03, 0x6A, 0x04, 0x00, 0x00,
    0xFD, 0x07, 0xFE, 0x00, 0xDB, 0x02, 0x06, 0x2A, 0xFF, 0x41, 0xFC, 0x00, 0xFF, 0x03, 0x57, 0x05,
    0x00, 0x01, 0x02, 0x03, 0x15, 0x15, 0x00, 0x00, 0x00, 0x00, 0x03, 0x04, 0x04, 0x07, 0x00, 0x00,
    0x07, 0x0B, 0x00, 0x01, 0x02, 0x03, 0x2A, 0x2A, 0x40, 0x5E, 0x00, 0x00, 0x03, 0x04, 0x05, 0x08,
    0x01, 0x00, 0x00, 0x00, 0x00, 0x00, 0x00, 0x00, 0x04, 0x00, 0x00, 0x00, 0x00, 0x00, 0x00, 0x00,
    0x01, 0x00, 0x01, 0x00, 0x00, 0x00, 0x00, 0x00, 0x00, 0x00, 0x04, 0x00, 0x00, 0x00, 0x00, 0x00,
    0x00, 0x00, 0x00, 0x00, 0x00, 0x00, 0x00, 0x00, 0x00, 0x00, 0x00, 0x00, 0x00, 0x00, 0x00, 0x00,
    0x00, 0x00, 0x00, 0x00, 0x00, 0x00, 0x00, 0x00, 0x00, 0x00, 0x00, 0x00, 0x00, 0x00, 0x00, 0x00,
    0x00, 0x00, 0x00, 0x00, 0x00, 0x00, 0x00, 0x00, 0x00, 0x00, 0x00, 0x00, 0x00, 0x00, 0x00, 0x00,
    0x00, 0x00, 0x00, 0x00, 0x00, 0x00, 0x00, 0x00, 0x00, 0x00, 0x00, 0x00, 0x00, 0x00, 0x00, 0x00,
    0x00, 0x00, 0x00, 0x00, 0x00, 0x00, 0x00, 0x00, 0x00, 0x00, 0x00, 0x00, 0x00, 0x00, 0x00, 0x00,
    0x00, 0x00, 0x00, 0x00, 0x00, 0x00, 0x00, 0x00, 0x00, 0x00, 0x00, 0x00, 0x00, 0x00, 0x00, 0x00,
    0x00, 0x00, 0x00, 0x00, 0x00, 0x00, 0x00, 0x00, 0x00, 0x00, 0x00, 0x00, 0x00, 0x00, 0x00, 0x00,
    0x00, 0x00, 0x00, 0x00, 0x00, 0x00, 0x00, 0x00, 0x00, 0x00, 0x00, 0x00, 0x00, 0x00, 0x00, 0x00,
    0x00, 0x00, 0x00, 0x00, 0x00, 0x00, 0x00, 0x00, 0x00, 0x00, 0x00, 0x00, 0x00, 0x00, 0x00, 0x00,
    0x00, 0x00, 0x00, 0x00, 0x00, 0x00, 0x00, 0x00, 0x00, 0x00, 0x00, 0x00, 0x00, 0x00, 0x00, 0x00,
    0x00, 0x00, 0x00, 0x00, 0x00, 0x00, 0x00, 0x00, 0x00, 0x00, 0x00, 0x00, 0x00, 0x00, 0x00, 0x00,
    0x00, 0x00, 0x00, 0x00, 0x00, 0x00, 0x00, 0x00, 0x00, 0x00, 0x00, 0x00, 0x00, 0x00, 0x00, 0x00,
    0x00, 0x00, 0x00, 0x00, 0x00, 0x00, 0x00, 0x00, 0x00, 0x00, 0x00, 0x00, 0x00, 0x00, 0x00, 0x00,
    0x00, 0x00, 0x00, 0x00, 0x00, 0x00, 0x00, 0x00, 0x00, 0x00, 0x00, 0x00, 0x00, 0x00, 0x00, 0x00,
    0x00, 0x00, 0x00, 0x00, 0x00, 0x00, 0x00, 0x00, 0x00, 0x00, 0x00, 0x00, 0x00, 0x00, 0x00, 0x00,
    0x00, 0x00, 0x00, 0x00, 0x00, 0x00, 0x00, 0x00, 0x00, 0x00, 0x00, 0x00, 0x00, 0x00, 0x00, 0x00,
    0x00, 0x00, 0x00, 0x00, 0x00, 0x00, 0x00, 0x00, 0x00, 0x00, 0x00, 0x00, 0x00, 0x00, 0x00, 0x00,
    0x00, 0x00, 0x00, 0x00, 0x00, 0x00, 0x00, 0x00, 0x00, 0x00, 0x00, 0x00, 0x00, 0x00, 0x00, 0x00,
    0x00, 0x00, 0x00, 0x00, 0x00, 0x00, 0x00, 0x00, 0x00, 0x00, 0x00, 0x00, 0x00, 0x00, 0x00, 0x00,
    0x00, 0x00, 0x00, 0x00, 0x00, 0x00, 0x00, 0x00, 0x00, 0x00, 0x00, 0x00, 0x00, 0x00, 0x00, 0x00,
    0x00, 0x00, 0x00, 0x00, 0x00, 0x00, 0x00, 0x00, 0x00, 0x00, 0x00, 0x00, 0x00, 0x00, 0x00, 0x00,
    0x00, 0x00, 0x00, 0x00, 0x00, 0x00, 0x00, 0x00, 0x00, 0x00, 0x00, 0x00, 0x00, 0x00, 0x00, 0x00,
    0x00, 0x00, 0x00, 0x00, 0x00, 0x00, 0x00, 0x00, 0x00, 0x00, 0x00, 0x00, 0x00, 0x00, 0x00, 0x00,
    0x00, 0x00, 0x00, 0x00, 0x00, 0x00, 0x00, 0x00, 0x00, 0x00, 0x00, 0x00, 0x00, 0x00, 0x00, 0x00,
    0x00, 0x00, 0x00, 0x00, 0x00, 0x00, 0x00, 0x00, 0x00, 0x00, 0x00, 0x00, 0x00, 0x00, 0x00, 0x00,
    0x00, 0x00, 0x00, 0x00, 0x00, 0x00, 0x00, 0x00, 0x00, 0x00, 0x00, 0x00, 0x00, 0x00, 0x00, 0x00,
    0x00, 0x00, 0x00, 0x00, 0x00, 0x00, 0x00, 0x00, 0x00, 0x00, 0x00, 0x00, 0x00, 0x00, 0x00, 0x00,
    0x00, 0x00, 0x00, 0x00, 0x00, 0x00, 0x00, 0x00, 0x00, 0x00, 0x00, 0x00, 0x00, 0x00, 0x00, 0x00,
    0x00, 0x00, 0x00, 0x00, 0x00, 0x00, 0x00, 0x00, 0x00, 0x00, 0x00, 0x00, 0x00, 0x00, 0x00, 0x00,
    0x00, 0x00, 0x00, 0x00, 0x00, 0x00, 0x00, 0x00, 0x00, 0x00, 0x00, 0x00, 0x00, 0x00, 0x00, 0x00,
    0x00, 0x00, 0x00, 0x00, 0x00, 0x00, 0x00, 0x00, 0x00, 0x00, 0x00, 0x00, 0x00, 0x00, 0x00, 0x00,
    0x00, 0x00, 0x00, 0x00, 0x00, 0x00, 0x00, 0x00, 0x00, 0x00, 0x00, 0x00, 0x00, 0x00, 0x00, 0x00,
    0x00, 0x00, 0x00, 0x00, 0x00, 0x00, 0x00, 0x00, 0x00, 0x00, 0x00, 0x00, 0x00, 0x00, 0x00, 0x00,
    0x00, 0x00, 0x00, 0x00, 0x00, 0x00, 0x00, 0x00, 0x00, 0x00, 0x00, 0x00, 0x00, 0x00, 0x00, 0x00,
    0x00, 0x00, 0x00, 0x00, 0x02, 0x00, 0x01, 0xFF, 0x00, 0x00, 0x03, 0x00, 0x00, 0x00, 0x43, 0x07,
    0x00, 0x00, 0x02, 0x00, 0x00, 0x00, 0xB6, 0x02, 0x03, 0x00, 0x01, 0x00, 0x30, 0x05, 0xFD, 0x03,
    0x00, 0x00, 0x00, 0x00, 0x00, 0x00, 0xFF, 0xFF, 0x00, 0x00, 0x00, 0x00, 0x00, 0x00, 0x07, 0x0B,
    0x00, 0x00, 0x00, 0x00, 0x00, 0x01, 0x02, 0x04, 0x00, 0x00, 0x00, 0x00, 0x05, 0x0A, 0x03, 0x04,
    0xCA, 0x02, 0xFE, 0x01, 0xFC, 0x02, 0xFF, 0x8D, 0xFF, 0x03, 0xFD, 0x00, 0xFF, 0x31, 0xFF, 0xBA,
    0xFF, 0x01, 0xFC, 0x00, 0xFF, 0x7E, 0xFF, 0xBC, 0xFD, 0x00, 0xFF, 0x24, 0xFF, 0xB1, 0xFF, 0xAB,
    0x02, 0x03, 0x01, 0x01, 0x02, 0x03, 0x8B, 0xC5, 0x03, 0x04, 0x00, 0x00, 0x31, 0x46, 0xB8, 0xFD,
    0x01, 0x02, 0x00, 0x00, 0x7B, 0xAE, 0xB8, 0xFD, 0x00, 0x00, 0x23, 0x33, 0xAC, 0xF2, 0xA7, 0xEA,
    0xFF, 0xBE, 0xFF, 0x95, 0xFF, 0x78, 0xFF, 0x83, 0xFF, 0xAB, 0xFF, 0x85, 0xFF, 0x79, 0xFF, 0x9A,
    0xFF, 0x9C, 0xFF, 0x7D, 0xFF, 0x87, 0xFF, 0xA1, 0xFF, 0x91, 0xFF, 0x80, 0xFF, 0xA2, 0xFF, 0x84,
    0xBC, 0xFE, 0x92, 0xDC, 0x72, 0xC9, 0x7C, 0xDB, 0xA9, 0xEE, 0x80, 0xCE, 0x72, 0xCD, 0x92, 0xF1,
    0x98, 0xDE, 0x77, 0xCA, 0x7F, 0xDD, 0x9B, 0xF0, 0x8B, 0xD5, 0x78, 0xD0, 0x9A, 0xF3, 0x81, 0xC1,
    0xFF, 0xA1, 0xFE, 0x5B, 0xFF, 0x60, 0xFF, 0x77, 0xFF, 0x81, 0xFE, 0x50, 0xFF, 0x79, 0xFF, 0x66,
    0xFE, 0x56, 0xFF, 0x6E, 0xFF, 0x6F, 0xFF, 0x5F, 0xFE, 0x58, 0xFF, 0x78, 0xFF, 0x63, 0xFF, 0x57,
    0x9B, 0xF7, 0x5E, 0x95, 0x5F, 0xA1, 0x72, 0xC6, 0x7F, 0xC7, 0x51, 0x88, 0x74, 0xC3, 0x61, 0xAE,
    0x57, 0x8E, 0x6A, 0xB0, 0x69, 0xB3, 0x59, 0xA2, 0x58, 0x91, 0x72, 0xBA, 0x5E, 0xA4, 0x52, 0x98,
    0xFF, 0x63, 0xFF, 0x5F, 0xFF, 0x48, 0xFC, 0x02, 0xFF, 0x5C, 0xFF, 0x59, 0xFF, 0x1F, 0xFD, 0x00,
    0xFF, 0x56, 0xFF, 0x47, 0xFC, 0x04, 0xFF, 0x00, 0xFF, 0x54, 0xFF, 0x2E, 0xFD, 0x00, 0xFF, 0x01,
    0x5E, 0xAE, 0x59, 0xAC, 0x43, 0x87, 0x02, 0x04, 0x56, 0xA3, 0x54, 0xA5, 0x1D, 0x3B, 0x00, 0x00,
    0x51, 0x9C, 0x43, 0x84, 0x04, 0x07, 0x00, 0x00, 0x4E, 0x99, 0x2B, 0x55, 0x00, 0x00, 0x01, 0x02,
    0xFF, 0x01, 0xBE, 0x02, 0x00, 0x00, 0x04, 0x00, 0xFC, 0x02, 0x31, 0x05, 0x00, 0x00, 0x03, 0x00,
    0xAF, 0x02, 0x00, 0x00, 0x03, 0x00, 0x01, 0x00, 0x47, 0x07, 0x01, 0x00, 0x06, 0x00, 0x00, 0x00,
    0x01, 0x02, 0x02, 0x04, 0x00, 0x01, 0x00, 0x00, 0x02, 0x03, 0x05, 0x0A, 0x00, 0x00, 0x00, 0x00,
    0x02, 0x04, 0x00, 0x00, 0x00, 0x00, 0x00, 0x00, 0x07, 0x07, 0x00, 0x00, 0x00, 0x00, 0x00, 0x00,
    0x00, 0x00, 0x00, 0x00, 0x00, 0x00, 0x02, 0x00, 0x00, 0x00, 0x00, 0x00, 0x00, 0x00, 0x04, 0x00,
    0x01, 0x00, 0x00, 0x00, 0x00, 0x00, 0x03, 0x00, 0x00, 0x00, 0x01, 0x00, 0x04, 0x00, 0x02, 0x00,
    0x00, 0x00, 0x00, 0x00, 0x00, 0x00, 0x00, 0x00, 0x00, 0x00, 0x00, 0x00, 0x00, 0x00, 0x00, 0x00,
    0x00, 0x00, 0x00, 0x00, 0x00, 0x00, 0x00, 0x00, 0x00, 0x00, 0x00, 0x00, 0x00, 0x00, 0x00, 0x00,
    0x00, 0x00, 0x2F, 0x05, 0xFF, 0x01, 0xFC, 0x0D, 0x00, 0x00, 0x79, 0x06, 0xFF, 0x00, 0xFB, 0x53,
    0x00, 0x00, 0xAC, 0x04, 0xFF, 0x00, 0xFB, 0x94, 0x00, 0x00, 0xC5, 0x01, 0xFF, 0x00, 0xFC, 0xC0,
    0x00, 0x00, 0x00, 0x05, 0x00, 0x01, 0x05, 0x09, 0x00, 0x00, 0x02, 0x06, 0x00, 0x00, 0x22, 0x3E,
    0x00, 0x00, 0x02, 0x02, 0x00, 0x00, 0x45, 0x63, 0x00, 0x00, 0x01, 0x00, 0x00, 0x05, 0x64, 0x67,
    0xFF, 0xC9, 0xFF, 0xFD, 0xFE, 0xD1, 0xFA, 0x57, 0xFF, 0xF7, 0xFF, 0xF1, 0xFF, 0xF7, 0xFF, 0xFF,
    0xFF, 0xFF, 0xFF, 0xFA, 0xFF, 0xFA, 0xFF, 0xF6, 0xFF, 0xFF, 0xFF, 0xFB, 0xFF, 0xFD, 0xFF, 0xFB,
    0x5A, 0x9F, 0x84, 0xC1, 0x64, 0xA8, 0x23, 0x44, 0x82, 0xAA, 0xB3, 0x50, 0xA4, 0x94, 0x9C, 0x7C,
    0xAA, 0x51, 0xBD, 0x2B, 0xC3, 0x36, 0xB9, 0x5D, 0xB9, 0x20, 0xBA, 0x25, 0xCC, 0x28, 0xC4, 0x31,
    0xFF, 0x00, 0xCA, 0x01, 0x11, 0x0F, 0x00, 0x01, 0xFA, 0x8D, 0xFF, 0x00, 0xC0, 0x02, 0x06, 0x55,
    0xFF, 0xFF, 0xFA, 0xA1, 0xFF, 0x00, 0x8D, 0x07, 0xFF, 0xF9, 0xFF, 0xFF, 0xFD, 0x8B, 0xFD, 0x00,
    0x00, 0x01, 0x02, 0x00, 0x00, 0x00, 0x00, 0x00, 0x45, 0x45, 0x00, 0x0A, 0x01, 0x00, 0x2A, 0x2A,
    0xBE, 0x2A, 0x55, 0x2F, 0x00, 0x04, 0x05, 0x01, 0xCE, 0x2C, 0xC2, 0x27, 0x4C, 0x10, 0x00, 0x00,
    0xD5, 0x00, 0xFF, 0x07, 0xFD, 0xDF, 0xFF, 0xFF, 0xD6, 0x00, 0xFF, 0x19, 0xFD, 0xF3, 0xFF, 0xFF,
    0xC5, 0x00, 0xFF, 0x22, 0xFD, 0xFA, 0xFF, 0xFF, 0xF2, 0x01, 0xFF, 0x25, 0xFE, 0xFA, 0xFF, 0xFE,
    0x00, 0x00, 0x02, 0x09, 0x95, 0x2B, 0xD2, 0x29, 0x00, 0x00, 0x0D, 0x05, 0xA9, 0x1F, 0xDA, 0x33,
    0x00, 0x00, 0x13, 0x03, 0xAF, 0x20, 0xDF, 0x39, 0x00, 0x00, 0x14, 0x03, 0xAE, 0x22, 0xE1, 0x3B,
    0xFF, 0xFD, 0xFF, 0xFE, 0xFF, 0xFC, 0xFF, 0xFE, 0xFF, 0xFD, 0xFF, 0xFD, 0xFF, 0xF9, 0xFF, 0xFC,
    0xFF, 0xFC, 0xFF, 0xF5, 0xFF, 0xF2, 0xFF, 0xF9, 0xFF, 0xF7, 0xFF, 0xE5, 0xFF, 0xE4, 0xFF, 0xF4,
    0xC5, 0x27, 0xC0, 0x26, 0xBE, 0x29, 0x96, 0x1A, 0xC6, 0x28, 0xBE, 0x27, 0xBF, 0x29, 0x96, 0x1A,
    0xC5, 0x29, 0xB9, 0x27, 0xBB, 0x29, 0x96, 0x1A, 0xC4, 0x2C, 0xAE, 0x26, 0xB2, 0x29, 0x95, 0x1B,
    0xFF, 0xFE, 0xFF, 0xFC, 0xFF, 0xFE, 0xFF, 0xFD, 0xFF, 0xFC, 0xFF, 0xF9, 0xFF, 0xFD, 0xFF, 0xFD,
    0xFF, 0xF9, 0xFF, 0xF2, 0xFF, 0xF5, 0xFF, 0xFC, 0xFF, 0xF4, 0xFF, 0xE4, 0xFF, 0xE5, 0xFF, 0xF6,
    0x96, 0x1A, 0xBE, 0x29, 0xC0, 0x26, 0xC5, 0x27, 0x96, 0x1A, 0xBF, 0x29, 0xBE, 0x27, 0xC6, 0x28,
    0x96, 0x1A, 0xBB, 0x29, 0xB9, 0x27, 0xC5, 0x29, 0x95, 0x1B, 0xB2, 0x29, 0xAE, 0x26, 0xC4, 0x2C,
    0xFF, 0xFF, 0xFD, 0xDF, 0xFF, 0x07, 0xD5, 0x00, 0xFF, 0xFF, 0xFD, 0xF3, 0xFF, 0x19, 0xD6, 0x00,
    0xFF, 0xFF, 0xFD, 0xFA, 0xFF, 0x22, 0xC5, 0x00, 0xFF, 0xFE, 0xFE, 0xFA, 0xFF, 0x25, 0xF2, 0x01,
    0xD2, 0x29, 0x95, 0x2B, 0x02, 0x09, 0x00, 0x00, 0xDA, 0x33, 0xA9, 0x1F, 0x0D, 0x05, 0x00, 0x00,
    0xDF, 0x39, 0xAF, 0x20, 0x13, 0x03, 0x00, 0x00, 0xE1, 0x3B, 0xAE, 0x22, 0x14, 0x03, 0x00, 0x00,
    0x00, 0x01, 0x11, 0x0F, 0xCA, 0x01, 0xFF, 0x00, 0x06, 0x55, 0xC0, 0x02, 0xFF, 0x00, 0xFA, 0x8D,
    0x8D, 0x07, 0xFF, 0x00, 0xFA, 0xA1, 0xFF, 0xFF, 0xFD, 0x00, 0xFD, 0x8B, 0xFF, 0xFF, 0xFF, 0xF9,
    0x00, 0x00, 0x00, 0x00, 0x02, 0x00, 0x00, 0x01, 0x2A, 0x2A, 0x01, 0x00, 0x00, 0x0A, 0x45, 0x45,
    0x05, 0x01, 0x00, 0x04, 0x55, 0x2F, 0xBE, 0x2A, 0x00, 0x00, 0x4C, 0x10, 0xC2, 0x27, 0xCE, 0x2C,
    0xFA, 0x57, 0xFE, 0xD1, 0xFF, 0xFD, 0xFF, 0xC9, 0xFF, 0xFF, 0xFF, 0xF7, 0xFF, 0xF1, 0xFF, 0xF7,
    0xFF, 0xF6, 0xFF, 0xFA, 0xFF, 0xFA, 0xFF, 0xFF, 0xFF, 0xFB, 0xFF, 0xFD, 0xFF, 0xFB, 0xFF, 0xFF,
    0x23, 0x44, 0x64, 0xA8, 0x84, 0xC1, 0x5A, 0x9F, 0x9C, 0x7C, 0xA4, 0x94, 0xB3, 0x50, 0x82, 0xAA,
    0xB9, 0x5D, 0xC3, 0x35, 0xBD, 0x2B, 0xAA, 0x51, 0xC4, 0x31, 0xCC, 0x28, 0xBA, 0x25, 0xB9, 0x20,
    0xFC, 0x0D, 0xFF, 0x01, 0x2F, 0x05, 0x00, 0x00, 0xFB, 0x53, 0xFF, 0x00, 0x79, 0x06, 0x00, 0x00,
    0xFB, 0x94, 0xFF, 0x00, 0xAC, 0x04, 0x00, 0x00, 0xFC, 0xC0, 0xFF, 0x00, 0xC5, 0x01, 0x00, 0x00,
    0x05, 0x09, 0x00, 0x01, 0x00, 0x05, 0x00, 0x00, 0x22, 0x3E, 0x00, 0x00, 0x02, 0x06, 0x00, 0x00,
    0x45, 0x63, 0x00, 0x00, 0x02, 0x02, 0x00, 0x00, 0x64, 0x67, 0x00, 0x05, 0x01, 0x00, 0x00, 0x00,
    0x02, 0x00, 0x00, 0x00, 0x00, 0x00, 0x00, 0x00, 0x04, 0x00, 0x00, 0x00, 0x00, 0x00, 0x00, 0x00,
    0x03, 0x00, 0x00, 0x00, 0x00, 0x00, 0x01, 0x00, 0x02, 0x00, 0x04, 0x00, 0x01, 0x00, 0x00, 0x00,
    0x00, 0x00, 0x00, 0x00, 0x00, 0x00, 0x00, 0x00, 0x00, 0x00, 0x00, 0x00, 0x00, 0x00, 0x00, 0x00,
    0x00, 0x00, 0x00, 0x00, 0x00, 0x00, 0x00, 0x00, 0x00, 0x00, 0x00, 0x00, 0x00, 0x00, 0x00, 0x00,
    0x04, 0x00, 0x00, 0x00, 0xBE, 0x02, 0xFF, 0x01, 0x03, 0x00, 0x00, 0x00, 0x31, 0x05, 0xFC, 0x02,
    0x01, 0x00, 0x03, 0x00, 0x00, 0x00, 0xAF, 0x02, 0x00, 0x00, 0x06, 0x00, 0x01, 0x00, 0x47, 0x07,
    0x00, 0x00, 0x00, 0x01, 0x02, 0x04, 0x01, 0x02, 0x00, 0x00, 0x00, 0x00, 0x05, 0x0A, 0x02, 0x03,
    0x00, 0x00, 0x00, 0x00, 0x00, 0x00, 0x02, 0x04, 0x00, 0x00, 0x00, 0x00, 0x00, 0x00, 0x07, 0x07,
    0xFC, 0x02, 0xFF, 0x48, 0xFF, 0x5F, 0xFF, 0x63, 0xFD, 0x00, 0xFF, 0x1F, 0xFF, 0x59, 0xFF, 0x5C,
    0xFF, 0x00, 0xFC, 0x04, 0xFF, 0x47, 0xFF, 0x56, 0xFF, 0x01, 0xFD, 0x00, 0xFF, 0x2E, 0xFF, 0x54,
    0x02, 0x04, 0x43, 0x87, 0x59, 0xAC, 0x5E, 0xAE, 0x00, 0x00, 0x1D, 0x3B, 0x54, 0xA5, 0x56, 0xA3,
    0x00, 0x00, 0x04, 0x07, 0x43, 0x84, 0x51, 0x9C, 0x01, 0x02, 0x00, 0x00, 0x2B, 0x55, 0x4E, 0x99,
    0xFF, 0x77, 0xFF, 0x60, 0xFE, 0x5B, 0xFF, 0xA1, 0xFF, 0x66, 0xFF, 0x79, 0xFE, 0x50, 0xFF, 0x81,
    0xFF, 0x5F, 0xFF, 0x6F, 0xFF, 0x6E, 0xFE, 0x56, 0xFF, 0x57, 0xFF, 0x63, 0xFF, 0x78, 0xFE, 0x58,
    0x72, 0xC6, 0x5F, 0xA1, 0x5E, 0x95, 0x9B, 0xF7, 0x61, 0xAE, 0x74, 0xC3, 0x51, 0x88, 0x7F, 0xC7,
    0x59, 0xA2, 0x69, 0xB3, 0x6A, 0xB0, 0x57, 0x8E, 0x52, 0x98, 0x5E, 0xA4, 0x72, 0xBA, 0x58, 0x91,
    0xFF, 0x83, 0xFF, 0x78, 0xFF, 0x95, 0xFF, 0xBE, 0xFF, 0x9A, 0xFF, 0x79, 0xFF, 0x85, 0xFF, 0xAB,
    0xFF, 0xA1, 0xFF, 0x87, 0xFF, 0x7D, 0xFF, 0x9C, 0xFF, 0x84, 0xFF, 0xA2, 0xFF, 0x80, 0xFF, 0x91,
    0x7C, 0xDB, 0x72, 0xC9, 0x92, 0xDC, 0xBC, 0xFE, 0x92, 0xF1, 0x72, 0xCD, 0x80, 0xCE, 0xA9, 0xEE,
    0x9B, 0xF0, 0x80, 0xDD, 0x77, 0xCA, 0x98, 0xDE, 0x81, 0xC1, 0x9A, 0xF3, 0x78, 0xD0, 0x8B, 0xD5,
    0xFF, 0x8D, 0xFC, 0x02, 0xFE, 0x01, 0xCA, 0x02, 0xFF, 0xBA, 0xFF, 0x31, 0xFD, 0x00, 0xFF, 0x03,
    0xFF, 0xBC, 0xFF, 0x7E, 0xFC, 0x00, 0xFF, 0x01, 0xFF, 0xAB, 0xFF, 0xB1, 0xFF, 0x24, 0xFD, 0x00,
    0x8B, 0xC5, 0x02, 0x03, 0x01, 0x01, 0x02, 0x03, 0xB8, 0xFD, 0x31, 0x46, 0x00, 0x00, 0x03, 0x04,
    0xB8, 0xFD, 0x7B, 0xAE, 0x00, 0x00, 0x01, 0x02, 0xA7, 0xEA, 0xAC, 0xF2, 0x23, 0x33, 0x00, 0x00,
    0x01, 0xFF, 0x02, 0x00, 0x00, 0x00, 0x00, 0x00, 0x42, 0x07, 0x00, 0x00, 0x03, 0x00, 0x00, 0x00,
    0xB6, 0x02, 0x00, 0x00, 0x02, 0x00, 0x00, 0x00, 0xFD, 0x03, 0x30, 0x05, 0x01, 0x00, 0x03, 0x00,
    0xFF, 0xFF, 0x00, 0x00, 0x00, 0x00, 0x00, 0x00, 0x07, 0x0B, 0x00, 0x00, 0x00, 0x00, 0x00, 0x00,
    0x02, 0x04, 0x00, 0x01, 0x00, 0x00, 0x00, 0x00, 0x03, 0x04, 0x05, 0x0A, 0x00, 0x00, 0x00, 0x00,
    0x00, 0x00, 0x00, 0x00, 0x00, 0x00, 0x00, 0x00, 0x00, 0x00, 0x00, 0x00, 0x00, 0x00, 0x00, 0x00,
    0x00, 0x00, 0x00, 0x00, 0x00, 0x00, 0x00, 0x00, 0x00, 0x00, 0x00, 0x00, 0x00, 0x00, 0x00, 0x00,
    0x00, 0x00, 0x00, 0x00, 0x00, 0x00, 0x00, 0x00, 0x00, 0x00, 0x00, 0x00, 0x00, 0x00, 0x00, 0x00,
    0x00, 0x00, 0x00, 0x00, 0x00, 0x00, 0x00, 0x00, 0x00, 0x00, 0x00, 0x00, 0x00, 0x00, 0x00, 0x00,
    0x00, 0x00, 0x00, 0x00, 0x00, 0x00, 0x00, 0x00, 0x00, 0x00, 0x00, 0x00, 0x00, 0x00, 0x00, 0x00,
    0x00, 0x00, 0x00, 0x00, 0x00, 0x00, 0x00, 0x00, 0x00, 0x00, 0x00, 0x00, 0x00, 0x00, 0x00, 0x00,
    0x00, 0x00, 0x00, 0x00, 0x00, 0x00, 0x00, 0x00, 0x00, 0x00, 0x00, 0x00, 0x00, 0x00, 0x00, 0x00,
    0x00, 0x00, 0x00, 0x00, 0x00, 0x00, 0x00, 0x00, 0x00, 0x00, 0x00, 0x00, 0x00, 0x00, 0x00, 0x00,
    0x00, 0x00, 0x00, 0x00, 0x00, 0x00, 0x00, 0x00, 0x00, 0x00, 0x00, 0x00, 0x00, 0x00, 0x00, 0x00,
    0x00, 0x00, 0x00, 0x00, 0x00, 0x00, 0x00, 0x00, 0x00, 0x00, 0x00, 0x00, 0x00, 0x00, 0x00, 0x00,
    0x00, 0x00, 0x00, 0x00, 0x00, 0x00, 0x00, 0x00, 0x00, 0x00, 0x00, 0x00, 0x00, 0x00, 0x00, 0x00,
    0x00, 0x00, 0x00, 0x00, 0x00, 0x00, 0x00, 0x00, 0x00, 0x00, 0x00, 0x00, 0x00, 0x00, 0x00, 0x00,
    0x00, 0x00, 0x00, 0x00, 0x00, 0x00, 0x00, 0x00, 0x00, 0x00, 0x00, 0x00, 0x00, 0x00, 0x00, 0x00,
    0x00, 0x00, 0x00, 0x00, 0x00, 0x00, 0x00, 0x00, 0x00, 0x00, 0x00, 0x00, 0x00, 0x00, 0x00, 0x00,
    0x00, 0x00, 0x00, 0x00, 0x00, 0x00, 0x00, 0x00, 0x00, 0x00, 0x00, 0x00, 0x00, 0x00, 0x00, 0x00,
    0x00, 0x00, 0x00, 0x00, 0x00, 0x00, 0x00, 0x00, 0x00, 0x00, 0x00, 0x00, 0x00, 0x00, 0x00, 0x00,
    0x00, 0x00, 0x00, 0x00, 0x00, 0x00, 0x00, 0x00, 0x00, 0x00, 0x00, 0x00, 0x00, 0x00, 0x00, 0x00,
    0x00, 0x00, 0x00, 0x00, 0x00, 0x00, 0x00, 0x00, 0x00, 0x00, 0x00, 0x00, 0x00, 0x00, 0x00, 0x00,
    0x00, 0x00, 0x00, 0x00, 0x00, 0x00, 0x00, 0x00, 0x00, 0x00, 0x00, 0x00, 0x00, 0x00, 0x00, 0x00,
    0x00, 0x00, 0x00, 0x00, 0x00, 0x00, 0x00, 0x00, 0x00, 0x00, 0x00, 0x00, 0x00, 0x00, 0x00, 0x00,
    0x00, 0x00, 0x00, 0x00, 0x00, 0x00, 0x00, 0x00, 0x00, 0x00, 0x00, 0x00, 0x00, 0x00, 0x00, 0x00,
    0x00, 0x00, 0x00, 0x00, 0x00, 0x00, 0x00, 0x00, 0x00, 0x00, 0x00, 0x00, 0x00, 0x00, 0x00, 0x00,
    0x00, 0x00, 0x00, 0x00, 0x00, 0x00, 0x00, 0x00, 0x00, 0x00, 0x00, 0x00, 0x00, 0x00, 0x00, 0x00,
    0x00, 0x00, 0x00, 0x00, 0x00, 0x00, 0x00, 0x00, 0x00, 0x00, 0x00, 0x00, 0x00, 0x00, 0x00, 0x00,
    0x00, 0x00, 0x00, 0x00, 0x00, 0x00, 0x00, 0x00, 0x00, 0x00, 0x00, 0x00, 0x00, 0x00, 0x00, 0x00,
    0x00, 0x00, 0x00, 0x00, 0x00, 0x00, 0x00, 0x00, 0x00, 0x00, 0x00, 0x00, 0x00, 0x00, 0x00, 0x00,
    0x00, 0x00, 0x00, 0x00, 0x00, 0x00, 0x00, 0x00, 0x00, 0x00, 0x00, 0x00, 0x00, 0x00, 0x00, 0x00,
    0x00, 0x00, 0x00, 0x00, 0x00, 0x00, 0x00, 0x00, 0x00, 0x00, 0x00, 0x00, 0x00, 0x00, 0x00, 0x00,
    0x00, 0x00, 0x00, 0x00, 0x00, 0x00, 0x00, 0x00, 0x00, 0x00, 0x00, 0x00, 0x00, 0x00, 0x02, 0x00,
    0x00, 0x00, 0x00, 0x00, 0x00, 0x00, 0x03, 0x00, 0x00, 0x00, 0x00, 0x00, 0x02, 0x00, 0x01, 0x00,
    0x00, 0x00, 0x00, 0x00, 0x00, 0x00, 0x00, 0x00, 0x00, 0x00, 0x00, 0x00, 0x00, 0x00, 0x00, 0x00,
    0x00, 0x00, 0x00, 0x00, 0x00, 0x00, 0x00, 0x00, 0x00, 0x00, 0x00, 0x00, 0x00, 0x00, 0x00, 0x00,
    0x03, 0x00, 0x00, 0x00, 0xA4, 0x03, 0xFF, 0x02, 0x01, 0x00, 0x24, 0x07, 0xF8, 0x02, 0xFE, 0x00,
    0x00, 0x00, 0x95, 0x03, 0xFF, 0x02, 0xFB, 0x00, 0x1A, 0x09, 0xF3, 0x02, 0xFE, 0x00, 0xFE, 0x12,
    0x00, 0x00, 0x00, 0x00, 0x03, 0x04, 0x02, 0x02, 0x00, 0x00, 0x07, 0x0E, 0x02, 0x04, 0x00, 0x00,
    0x00, 0x00, 0x03, 0x05, 0x01, 0x03, 0x00, 0x00, 0x09, 0x13, 0x02, 0x03, 0x00, 0x01, 0x11, 0x1A,
    0xFB, 0x00, 0xFF, 0x6F, 0xFF, 0xB7, 0xFF, 0x9D, 0xFE, 0x1A, 0xFF, 0xA5, 0xFF, 0xA5, 0xFF, 0x90,
    0xFF, 0x58, 0xFF, 0xA5, 0xFF, 0x98, 0xFF, 0x8B, 0xFF, 0x84, 0xFF, 0x92, 0xFF, 0x90, 0xFF, 0x8E,
    0x00, 0x00, 0x6C, 0x9A, 0xB1, 0xF8, 0x98, 0xDB, 0x19, 0x24, 0x9F, 0xE2, 0x9F, 0xE2, 0x8A, 0xCE,
    0x53, 0x7F, 0x9D, 0xE7, 0x91, 0xD1, 0x83, 0xC9, 0x7B, 0xC3, 0x8A, 0xCF, 0x89, 0xC8, 0x86, 0xCD,
    0xFF, 0x88, 0xFF, 0x8F, 0xFF, 0xA9, 0xFE, 0x60, 0xFF, 0x89, 0xFF, 0xA7, 0xFF, 0x8B, 0xFF, 0x5E,
    0xFF, 0x97, 0xFF, 0xAE, 0xFF, 0x6A, 0xFF, 0x6D, 0xFF, 0xA9, 0xFF, 0x97, 0xFF, 0x61, 0xFF, 0x71,
    0x82, 0xCE, 0x86, 0xDE, 0xA2, 0xEE, 0x5F, 0x94, 0x80, 0xD0, 0x9E, 0xF1, 0x86, 0xC5, 0x5B, 0x93,
    0x8E, 0xDD, 0xA5, 0xEE, 0x67, 0x9D, 0x67, 0xA2, 0x9F, 0xEA, 0x8F, 0xCF, 0x5D, 0x91, 0x6A, 0xA3,
    0xFF, 0x70, 0xFF, 0x6C, 0xFF, 0x5D, 0xFF, 0x51, 0xFF, 0x74, 0xFF, 0x62, 0xFF, 0x56, 0xFF, 0x4B,
    0xFF, 0x6A, 0xFF, 0x5B, 0xFF, 0x4E, 0xFF, 0x48, 0xFF, 0x62, 0xFF, 0x55, 0xFF, 0x49, 0xFF, 0x46,
    0x6B, 0xAD, 0x66, 0xAA, 0x57, 0x9B, 0x4C, 0x8E, 0x6E, 0xB0, 0x5C, 0x9C, 0x50, 0x90, 0x46, 0x87,
    0x64, 0xA1, 0x55, 0x92, 0x49, 0x85, 0x43, 0x80, 0x5B, 0x94, 0x4F, 0x88, 0x44, 0x7C, 0x41, 0x7B,
    0xFF, 0x4E, 0xFD, 0x18, 0xFF, 0x00, 0xE4, 0x02, 0xFF, 0x46, 0xFB, 0x0A, 0xFF, 0x00, 0xAB, 0x02,
    0xFF, 0x3E, 0xFB, 0x03, 0xFF, 0x00, 0x7F, 0x04, 0xFF, 0x38, 0xFB, 0x00, 0xFF, 0x00, 0x62, 0x05,
    0x49, 0x8F, 0x16, 0x2B, 0x00, 0x00, 0x02, 0x03, 0x41, 0x7D, 0x09, 0x12, 0x00, 0x00, 0x02, 0x04,
    0x3A, 0x6D, 0x03, 0x05, 0x00, 0x00, 0x04, 0x04, 0x35, 0x61, 0x00, 0x00, 0x00, 0x00, 0x05, 0x05,
    0x09, 0x1C, 0x00, 0x00, 0x00, 0x00, 0x11, 0x0F, 0x00, 0x00, 0x05, 0x00, 0x95, 0x01, 0xEC, 0x00,
    0x00, 0x00, 0x46, 0x03, 0xFF, 0x00, 0xFF, 0x0A, 0x00, 0x00, 0x5D, 0x0D, 0xFC, 0x00, 0xFA, 0x5E,
    0x1C, 0x1C, 0x00, 0x00, 0x00, 0x00, 0x0F, 0x0F, 0x00, 0x00, 0x00, 0x00, 0x01, 0x03, 0x00, 0x00,
    0x00, 0x00, 0x03, 0x07, 0x00, 0x00, 0x05, 0x09, 0x00, 0x00, 0x08, 0x0A, 0x00, 0x00, 0x2C, 0x4B,
    0x11, 0x1E, 0x00, 0x01, 0x00, 0x00, 0x00, 0x00, 0xEA, 0x00, 0xC1, 0x00, 0x6E, 0x06, 0x12, 0x1C,
    0xFF, 0x1D, 0xFF, 0x05, 0xFF, 0x00, 0xE2, 0x00, 0xFE, 0xE6, 0xFC, 0xCC, 0xFB, 0x8A, 0xFF, 0x23,
    0x0F, 0x1E, 0x00, 0x01, 0x00, 0x00, 0x00, 0x00, 0x00, 0x00, 0x00, 0x00, 0x04, 0x02, 0x0E, 0x0E,
    0x0E, 0x16, 0x00, 0x09, 0x00, 0x00, 0x00, 0x00, 0x71, 0xC4, 0x74, 0x85, 0x4D, 0x4C, 0x0E, 0x1A,
    0x03, 0x55, 0xCA, 0x00, 0xFF, 0x07, 0xFC, 0xD7, 0x00, 0x01, 0xBF, 0x00, 0xFF, 0x08, 0xFC, 0xD2,
    0x4F, 0x0C, 0x85, 0x01, 0xFF, 0x02, 0xFB, 0xBC, 0xFF, 0x00, 0xD5, 0x01, 0xFE, 0x01, 0xFF, 0x9B,
    0x00, 0x55, 0x00, 0x00, 0x00, 0x10, 0x78, 0x5B, 0x00, 0x01, 0x00, 0x00, 0x00, 0x11, 0x7C, 0x46,
    0x06, 0x00, 0x01, 0x00, 0x00, 0x09, 0x6F, 0x2D, 0x00, 0x00, 0x02, 0x01, 0x01, 0x01, 0x58, 0x15,
    0xFF, 0xFF, 0xFF, 0xFC, 0xFF, 0xFA, 0xFF, 0xFA, 0xFF, 0xFF, 0xFF, 0xFC, 0xFF, 0xF6, 0xFF, 0xF4,
    0xFF, 0xF4, 0xFF, 0xF9, 0xFF, 0xF2, 0xFF, 0xEC, 0xFF, 0xE2, 0xFF, 0xEB, 0xFF, 0xEB, 0xFF, 0xE4,
    0xC2, 0x20, 0xB3, 0x23, 0xCD, 0x31, 0xC4, 0x24, 0xCA, 0x26, 0xAE, 0x22, 0xC4, 0x2E, 0xC5, 0x2D,
    0xC2, 0x29, 0xB4, 0x26, 0xB4, 0x27, 0xC8, 0x32, 0xA2, 0x24, 0xB7, 0x29, 0xA8, 0x23, 0xC0, 0x31,
    0xFF, 0xFB, 0xFF, 0xF9, 0xFF, 0xFF, 0xFF, 0x4E, 0xFF, 0xF8, 0xFF, 0xF9, 0xFF, 0xFD, 0xFF, 0xE0,
    0xFF, 0xF1, 0xFF, 0xF8, 0xFF, 0xF8, 0xFF, 0xFF, 0xFF, 0xE8, 0xFF, 0xF1, 0xFF, 0xF7, 0xFF, 0xFC,
    0xCA, 0x29, 0xDC, 0x39, 0xB5, 0x23, 0x2A, 0x06, 0xBF, 0x22, 0xD9, 0x37, 0xDF, 0x39, 0x91, 0x1B,
    0xB6, 0x22, 0xCF, 0x30, 0xDF, 0x3D, 0xD6, 0x32, 0xB5, 0x27, 0xC1, 0x29, 0xDD, 0x3B, 0xDD, 0x39,
    0xFF, 0x00, 0xFF, 0x23, 0xFF, 0xF3, 0xFF, 0xFB, 0xFE, 0x0B, 0xFF, 0x18, 0xFF, 0xEA, 0xFF, 0xF3,
    0xFF, 0x7B, 0xFF, 0x03, 0xFF, 0xDE, 0xFF, 0xEA, 0xFF, 0xE9, 0xFF, 0x23, 0xFF, 0xBD, 0xFF, 0xE7,
    0x00, 0x00, 0x12, 0x02, 0xAC, 0x24, 0xDF, 0x3B, 0x04, 0x00, 0x0B, 0x01, 0xAA, 0x24, 0xD7, 0x38,
    0x4E, 0x0E, 0x00, 0x00, 0xA1, 0x23, 0xCC, 0x35, 0xB2, 0x26, 0x12, 0x03, 0x88, 0x1F, 0xC4, 0x32,
    0xFF, 0xEE, 0xFF, 0xD8, 0xFF, 0xD9, 0xFF, 0xEC, 0xFF, 0xE2, 0xFF, 0xCE, 0xFF, 0xD1, 0xFF, 0xE1,
    0xFF, 0xD8, 0xFF, 0xC7, 0xFF, 0xCB, 0xFF, 0xD6, 0xFF, 0xD4, 0xFF, 0xC6, 0xFF, 0xC7, 0xFF, 0xCB,
    0xC4, 0x2F, 0xA5, 0x26, 0xA8, 0x27, 0x93, 0x1C, 0xBF, 0x30, 0xA0, 0x27, 0x9F, 0x25, 0x90, 0x1D,
    0xB7, 0x2E, 0x9A, 0x27, 0x98, 0x24, 0x8E, 0x1E, 0xB3, 0x2E, 0x9A, 0x27, 0x92, 0x23, 0x8E, 0x21,
    0xFF, 0xEC, 0xFF, 0xD9, 0xFF, 0xD8, 0xFF, 0xED, 0xFF, 0xE1, 0xFF, 0xD1, 0xFF, 0xCE, 0xFF, 0xE2,
    0xFF, 0xD6, 0xFF, 0xCB, 0xFF, 0xC7, 0xFF, 0xD8, 0xFF, 0xCB, 0xFF, 0xC6, 0xFF, 0xC6, 0xFF, 0xD4,
    0x93, 0x1C, 0xA8, 0x27, 0xA5, 0x26, 0xC4, 0x2F, 0x90, 0x1D, 0x9F, 0x25, 0xA0, 0x27, 0xBF, 0x30,
    0x8E, 0x1E, 0x98, 0x24, 0x9A, 0x27, 0xB6, 0x2F, 0x8E, 0x21, 0x92, 0x23, 0x9A, 0x27, 0xB3, 0x2E,
    0xFF, 0xFB, 0xFF, 0xF3, 0xFF, 0x23, 0xFF, 0x00, 0xFF, 0xF3, 0xFF, 0xEA, 0xFF, 0x18, 0xFE, 0x0B,
    0xFF, 0xEA, 0xFF, 0xDE, 0xFF, 0x03, 0xFF, 0x7B, 0xFF, 0xE6, 0xFF, 0xBD, 0xFF, 0x23, 0xFF, 0xE9,
    0xDF, 0x3B, 0xAD, 0x24, 0x12, 0x02, 0x00, 0x00, 0xD6, 0x38, 0xA9, 0x24, 0x0B, 0x01, 0x04, 0x00,
    0xCB, 0x34, 0xA0, 0x23, 0x00, 0x00, 0x4E, 0x0E, 0xC4, 0x32, 0x88, 0x1F, 0x12, 0x03, 0xB2, 0x26,
    0xFF, 0x4E, 0xFF, 0xFF, 0xFF, 0xF9, 0xFF, 0xFB, 0xFF, 0xE0, 0xFF, 0xFD, 0xFF, 0xF9, 0xFF, 0xF8,
    0xFF, 0xFF, 0xFF, 0xF8, 0xFF, 0xF8, 0xFF, 0xF1, 0xFF, 0xFC, 0xFF, 0xF7, 0xFF, 0xF1, 0xFF, 0xE8,
    0x2A, 0x06, 0xB5, 0x23, 0xDC, 0x39, 0xCA, 0x29, 0x91, 0x1B, 0xDF, 0x39, 0xD9, 0x37, 0xBF, 0x22,
    0xD6, 0x32, 0xDF, 0x3D, 0xCF, 0x30, 0xB6, 0x22, 0xDD, 0x38, 0xDD, 0x3B, 0xC1, 0x29, 0xB5, 0x27,
    0xFF, 0xFA, 0xFF, 0xFA, 0xFF, 0xFC, 0xFF, 0xFF, 0xFF, 0xF4, 0xFF, 0xF6, 0xFF, 0xFC, 0xFF, 0xFF,
    0xFF, 0xEC, 0xFF, 0xF2, 0xFF, 0xF9, 0xFF, 0xF4, 0xFF, 0xE4, 0xFF, 0xEB, 0xFF, 0xEB, 0xFF, 0xE2,
    0xC4, 0x24, 0xCD, 0x31, 0xB3, 0x23, 0xC2, 0x20, 0xC5, 0x2D, 0xC4, 0x2E, 0xAE, 0x22, 0xCA, 0x26,
    0xC8, 0x32, 0xB4, 0x27, 0xB4, 0x26, 0xC2, 0x29, 0xC0, 0x31, 0xA8, 0x23, 0xB7, 0x29, 0xA2, 0x24,
    0xFC, 0xD7, 0xFF, 0x07, 0xCA, 0x00, 0x03, 0x55, 0xFC, 0xD2, 0xFF, 0x08, 0xBF, 0x00, 0x00, 0x01,
    0xFB, 0xBC, 0xFF, 0x02, 0x85, 0x01, 0x4F, 0x0C, 0xFF, 0x9B, 0xFE, 0x01, 0xD5, 0x01, 0xFF, 0x00,
    0x79, 0x5B, 0x00, 0x10, 0x00, 0x00, 0x00, 0x55, 0x7C, 0x46, 0x00, 0x11, 0x00, 0x00, 0x00, 0x01,
    0x6F, 0x2D, 0x00, 0x09, 0x01, 0x00, 0x06, 0x00, 0x58, 0x15, 0x01, 0x01, 0x02, 0x01, 0x00, 0x00,
    0x00, 0x00, 0x00, 0x00, 0x00, 0x01, 0x11, 0x1E, 0x12, 0x1C, 0x6E, 0x06, 0xC1, 0x00, 0xEA, 0x00,
    0xE2, 0x00, 0xFF, 0x00, 0xFF, 0x05, 0xFF, 0x1D, 0xFF, 0x23, 0xFB, 0x8A, 0xFC, 0xCC, 0xFE, 0xE6,
    0x00, 0x00, 0x00, 0x00, 0x00, 0x01, 0x0F, 0x1E, 0x0E, 0x0E, 0x04, 0x02, 0x00, 0x00, 0x00, 0x00,
    0x00, 0x00, 0x00, 0x00, 0x00, 0x09, 0x0E, 0x16, 0x0E, 0x1A, 0x4D, 0x4C, 0x74, 0x85, 0x71, 0xC4,
    0x11, 0x0F, 0x00, 0x00, 0x00, 0x00, 0x09, 0x1C, 0xEC, 0x00, 0x95, 0x01, 0x05, 0x00, 0x00, 0x00,
    0xFF, 0x0A, 0xFF, 0x00, 0x45, 0x03, 0x00, 0x00, 0xFA, 0x5E, 0xFC, 0x00, 0x5D, 0x0D, 0x00, 0x00,
    0x0F, 0x0F, 0x00, 0x00, 0x00, 0x00, 0x1C, 0x1C, 0x00, 0x00, 0x01, 0x03, 0x00, 0x00, 0x00, 0x00,
    0x05, 0x09, 0x00, 0x00, 0x03, 0x07, 0x00, 0x00, 0x2C, 0x4B, 0x00, 0x00, 0x08, 0x0A, 0x00, 0x00,
    0xE4, 0x02, 0xFF, 0x00, 0xFD, 0x18, 0xFF, 0x4E, 0xAB, 0x02, 0xFF, 0x00, 0xFB, 0x0A, 0xFF, 0x46,
    0x7F, 0x04, 0xFF, 0x00, 0xFB, 0x03, 0xFF, 0x3E, 0x62, 0x05, 0xFF, 0x00, 0xFB, 0x00, 0xFF, 0x38,
    0x02, 0x03, 0x00, 0x00, 0x16, 0x2B, 0x49, 0x8F, 0x02, 0x04, 0x00, 0x00, 0x09, 0x12, 0x41, 0x7D,
    0x04, 0x04, 0x00, 0x00, 0x03, 0x05, 0x3A, 0x6D, 0x05, 0x05, 0x00, 0x00, 0x00, 0x00, 0x35, 0x61,
    0xFF, 0x51, 0xFF, 0x5D, 0xFF, 0x6C, 0xFF, 0x70, 0xFF, 0x4B, 0xFF, 0x56, 0xFF, 0x62, 0xFF, 0x74,
    0xFF, 0x48, 0xFF, 0x4F, 0xFF, 0x5B, 0xFF, 0x6A, 0xFF, 0x46, 0xFF, 0x49, 0xFF, 0x55, 0xFF, 0x62,
    0x4C, 0x8E, 0x57, 0x9B, 0x66, 0xAA, 0x6B, 0xAD, 0x46, 0x87, 0x50, 0x90, 0x5C, 0x9C, 0x6E, 0xB0,
    0x43, 0x80, 0x49, 0x86, 0x55, 0x92, 0x64, 0xA1, 0x41, 0x7B, 0x44, 0x7C, 0x4F, 0x88, 0x5B, 0x94,
    0xFE, 0x60, 0xFF, 0xA9, 0xFF, 0x8F, 0xFF, 0x89, 0xFF, 0x5E, 0xFF, 0x8B, 0xFF, 0xA7, 0xFF, 0x89,
    0xFF, 0x6D, 0xFF, 0x6A, 0xFF, 0xAE, 0xFF, 0x97, 0xFF, 0x71, 0xFF, 0x61, 0xFF, 0x97, 0xFF, 0xA9,
    0x5F, 0x94, 0xA2, 0xEE, 0x86, 0xDE, 0x82, 0xCE, 0x5B, 0x93, 0x86, 0xC5, 0x9E, 0xF1, 0x80, 0xD0,
    0x67, 0xA2, 0x67, 0x9D, 0xA5, 0xEE, 0x8E, 0xDD, 0x6A, 0xA3, 0x5D, 0x91, 0x8F, 0xCF, 0x9F, 0xEA,
    0xFF, 0x9D, 0xFF, 0xB7, 0xFF, 0x6F, 0xFB, 0x00, 0xFF, 0x90, 0xFF, 0xA5, 0xFF, 0xA5, 0xFE, 0x1A,
    0xFF, 0x8B, 0xFF, 0x98, 0xFF, 0xA5, 0xFF, 0x58, 0xFF, 0x8E, 0xFF, 0x90, 0xFF, 0x92, 0xFF, 0x84,
    0x98, 0xDB, 0xB1, 0xF8, 0x6C, 0x9A, 0x00, 0x00, 0x8A, 0xCE, 0x9F, 0xE2, 0x9F, 0xE2, 0x19, 0x24,
    0x83, 0xC9, 0x91, 0xD1, 0x9D, 0xE7, 0x53, 0x7F, 0x86, 0xCD, 0x89, 0xC8, 0x8A, 0xCF, 0x7B, 0xC3,
    0xFF, 0x02, 0xA4, 0x03, 0x00, 0x00, 0x03, 0x00, 0xFE, 0x00, 0xF8, 0x02, 0x24, 0x07, 0x01, 0x00,
    0xFB, 0x00, 0xFF, 0x02, 0x95, 0x03, 0x00, 0x00, 0xFE, 0x12, 0xFE, 0x00, 0xF3, 0x02, 0x1A, 0x09,
    0x02, 0x02, 0x03, 0x04, 0x00, 0x00, 0x00, 0x00, 0x00, 0x00, 0x02, 0x04, 0x07, 0x0E, 0x00, 0x00,
    0x00, 0x00, 0x01, 0x03, 0x03, 0x05, 0x00, 0x00, 0x11, 0x1A, 0x00, 0x01, 0x02, 0x03, 0x09, 0x13,
    0x00, 0x00, 0x00, 0x00, 0x00, 0x00, 0x00, 0x00, 0x02, 0x00, 0x00, 0x00, 0x00, 0x00, 0x00, 0x00,
    0x03, 0x00, 0x00, 0x00, 0x00, 0x00, 0x00, 0x00, 0x01, 0x00, 0x02, 0x00, 0x00, 0x00, 0x00, 0x00,
    0x00, 0x00, 0x00, 0x00, 0x00, 0x00, 0x00, 0x00, 0x00, 0x00, 0x00, 0x00, 0x00, 0x00, 0x00, 0x00,
    0x00, 0x00, 0x00, 0x00, 0x00, 0x00, 0x00, 0x00, 0x00, 0x00, 0x00, 0x00, 0x00, 0x00, 0x00, 0x00,
    0x00, 0x00, 0x00, 0x00, 0x00, 0x00, 0x00, 0x00, 0x00, 0x00, 0x00, 0x00, 0x00, 0x00, 0x00, 0x00,
    0x00, 0x00, 0x00, 0x00, 0x00, 0x00, 0x00, 0x00, 0x00, 0x00, 0x00, 0x00, 0x00, 0x00, 0x00, 0x00,
    0x00, 0x00, 0x00, 0x00, 0x00, 0x00, 0x00, 0x00, 0x00, 0x00, 0x00, 0x00, 0x00, 0x00, 0x00, 0x00,
    0x00, 0x00, 0x00, 0x00, 0x00, 0x00, 0x00, 0x00, 0x00, 0x00, 0x00, 0x00, 0x00, 0x00, 0x00, 0x00,
    0x00, 0x00, 0x00, 0x00, 0x00, 0x00, 0x00, 0x00, 0x00, 0x00, 0x00, 0x00, 0x00, 0x00, 0x00, 0x00,
    0x00, 0x00, 0x00, 0x00, 0x00, 0x00, 0x00, 0x00, 0x00, 0x00, 0x00, 0x00, 0x00, 0x00, 0x00, 0x00,
    0x00, 0x00, 0x00, 0x00, 0x00, 0x00, 0x00, 0x00, 0x00, 0x00, 0x00, 0x00, 0x00, 0x00, 0x00, 0x00,
    0x00, 0x00, 0x00, 0x00, 0x00, 0x00, 0x00, 0x00, 0x00, 0x00, 0x00, 0x00, 0x00, 0x00, 0x00, 0x00,
    0x00, 0x00, 0x00, 0x00, 0x00, 0x00, 0x00, 0x00, 0x00, 0x00, 0x00, 0x00, 0x00, 0x00, 0x00, 0x00,
    0x00, 0x00, 0x00, 0x00, 0x00, 0x00, 0x00, 0x00, 0x00, 0x00, 0x00, 0x00, 0x00, 0x00, 0x00, 0x00,
    0x00, 0x00, 0x00, 0x00, 0x00, 0x00, 0x00, 0x00, 0x00, 0x00, 0x00, 0x00, 0x00, 0x00, 0x00, 0x00,
    0x00, 0x00, 0x00, 0x00, 0x00, 0x00, 0x00, 0x00, 0x00, 0x00, 0x00, 0x00, 0x00, 0x00, 0x00, 0x00,
    0x00, 0x00, 0x00, 0x00, 0x00, 0x00, 0x00, 0x00, 0x00, 0x00, 0x00, 0x00, 0x00, 0x00, 0x00, 0x00,
    0x00, 0x00, 0x00, 0x00, 0x00, 0x00, 0x00, 0x00, 0x00, 0x00, 0x00, 0x00, 0x00, 0x00, 0x00, 0x00,
    0x00, 0x00, 0x00, 0x00, 0x00, 0x00, 0x00, 0x00, 0x00, 0x00, 0x00, 0x00, 0x00, 0x00, 0x00, 0x00,
    0x00, 0x00, 0x00, 0x00, 0x00, 0x00, 0x00, 0x00, 0x00, 0x00, 0x00, 0x00, 0x00, 0x00, 0x00, 0x00,
    0x00, 0x00, 0x00, 0x00, 0x00, 0x00, 0x00, 0x00, 0x00, 0x00, 0x00, 0x00, 0x00, 0x00, 0x00, 0x00,
    0x00, 0x00, 0x00, 0x00, 0x00, 0x00, 0x00, 0x00, 0x00, 0x00, 0x00, 0x00, 0x00, 0x00, 0x00, 0x00,
    0x00, 0x00, 0x00, 0x00, 0x00, 0x00, 0x00, 0x00, 0x00, 0x00, 0x00, 0x00, 0x00, 0x00, 0x00, 0x00,
    0x00, 0x00, 0x00, 0x00, 0x00, 0x00, 0x00, 0x00, 0x00, 0x00, 0x00, 0x00, 0x00, 0x00, 0x00, 0x00,
    0x00, 0x00, 0x00, 0x00, 0x00, 0x00, 0x00, 0x00, 0x00, 0x00, 0x00, 0x00, 0x00, 0x00, 0x00, 0x00,
    0x00, 0x00, 0x00, 0x00, 0x00, 0x00, 0x00, 0x00, 0x00, 0x00, 0x00, 0x00, 0x00, 0x00, 0x00, 0x00,
    0x00, 0x00, 0x00, 0x00, 0x00, 0x00, 0x00, 0x00, 0x00, 0x00, 0x00, 0x00, 0x00, 0x00, 0x00, 0x00,
    0x00, 0x00, 0x00, 0x00, 0x00, 0x00, 0x00, 0x00, 0x00, 0x00, 0x00, 0x00, 0x00, 0x00, 0x00, 0x00,
    0x00, 0x00, 0x00, 0x00, 0x04, 0x00, 0x00, 0x00, 0x00, 0x00, 0x02, 0x00, 0x01, 0x00, 0x16, 0x0B,
    0x00, 0x00, 0x04, 0x00, 0x00, 0x00, 0x8B, 0x03, 0x02, 0x00, 0x01, 0x00, 0x1E, 0x08, 0xF4, 0x02,
    0x00, 0x00, 0x00, 0x00, 0x00, 0x00, 0x00, 0x00, 0x00, 0x00, 0x00, 0x00, 0x00, 0x00, 0x0B, 0x17,
    0x00, 0x00, 0x00, 0x00, 0x00, 0x00, 0x03, 0x03, 0x00, 0x00, 0x00, 0x00, 0x08, 0x11, 0x02, 0x03,
    0x88, 0x03, 0xFF, 0x01, 0xFB, 0x00, 0xFF, 0x4E, 0xEF, 0x02, 0xFE, 0x00, 0xFE, 0x10, 0xFF, 0x80,
    0xFF, 0x02, 0xFB, 0x00, 0xFF, 0x4D, 0xFF, 0x89, 0xFD, 0x00, 0xFE, 0x11, 0xFF, 0x7C, 0xFF, 0x7A,
    0x03, 0x05, 0x01, 0x02, 0x00, 0x00, 0x49, 0x72, 0x02, 0x03, 0x00, 0x01, 0x0F, 0x17, 0x78, 0xBB,
    0x02, 0x02, 0x00, 0x00, 0x48, 0x6E, 0x7F, 0xC8, 0x00, 0x01, 0x10, 0x18, 0x74, 0xB5, 0x72, 0xB3,
    0xFF, 0x8E, 0xFF, 0x8B, 0xFF, 0x8D, 0xFF, 0x98, 0xFF, 0x83, 0xFF, 0x8B, 0xFF, 0x93, 0xFF, 0xA2,
    0xFF, 0x7F, 0xFF, 0x8E, 0xFF, 0x98, 0xFF, 0xA6, 0xFF, 0x84, 0xFF, 0x94, 0xFF, 0x9F, 0xFF, 0xA4,
    0x85, 0xD2, 0x84, 0xC3, 0x86, 0xC5, 0x8E, 0xD5, 0x7B, 0xC0, 0x84, 0xC0, 0x8A, 0xCA, 0x98, 0xDD,
    0x77, 0xB4, 0x86, 0xC1, 0x8F, 0xCF, 0x9B, 0xDC, 0x7C, 0xB7, 0x8B, 0xC7, 0x95, 0xD4, 0x99, 0xD8,
    0xFF, 0xAD, 0xFF, 0x7B, 0xFF, 0x68, 0xFF, 0x6B, 0xFF, 0xA2, 0xFF, 0x6E, 0xFF, 0x6E, 0xFF, 0x64,
    0xFF, 0x93, 0xFF, 0x6C, 0xFF, 0x6C, 0xFF, 0x5F, 0xFF, 0x87, 0xFF, 0x6D, 0xFF, 0x68, 0xFF, 0x5B,
    0xA2, 0xE9, 0x75, 0xAC, 0x63, 0x96, 0x64, 0x9A, 0x99, 0xD8, 0x68, 0x9A, 0x67, 0x9A, 0x5E, 0x92,
    0x8A, 0xC5, 0x66, 0x98, 0x65, 0x98, 0x59, 0x8D, 0x7F, 0xB6, 0x67, 0x97, 0x62, 0x95, 0x55, 0x8A,
    0xFF, 0x5C, 0xFF, 0x4F, 0xFF, 0x45, 0xFF, 0x45, 0xFF, 0x56, 0xFF, 0x4B, 0xFF, 0x43, 0xFF, 0x44,
    0xFF, 0x52, 0xFF, 0x48, 0xFF, 0x42, 0xFF, 0x43, 0xFF, 0x4D, 0xFF, 0x45, 0xFF, 0x42, 0xFF, 0x42,
    0x56, 0x8C, 0x4A, 0x81, 0x41, 0x76, 0x40, 0x79, 0x51, 0x86, 0x46, 0x7D, 0x3F, 0x74, 0x40, 0x78,
    0x4C, 0x82, 0x43, 0x7A, 0x3E, 0x75, 0x3F, 0x76, 0x47, 0x7E, 0x41, 0x77, 0x3E, 0x74, 0x3E, 0x74,
    0xFF, 0x38, 0xFC, 0x00, 0xFF, 0x00, 0x58, 0x05, 0xFF, 0x3C, 0xFB, 0x02, 0xFF, 0x00, 0x63, 0x05,
    0xFF, 0x44, 0xFB, 0x09, 0xFF, 0x00, 0x87, 0x03, 0xFF, 0x49, 0xFC, 0x16, 0xFF, 0x00, 0xC5, 0x02,
    0x34, 0x60, 0x00, 0x00, 0x00, 0x00, 0x05, 0x05, 0x38, 0x67, 0x02, 0x03, 0x00, 0x00, 0x02, 0x05,
    0x3F, 0x73, 0x08, 0x0E, 0x00, 0x00, 0x03, 0x03, 0x45, 0x7C, 0x15, 0x25, 0x00, 0x00, 0x02, 0x03,
    0x00, 0x00, 0x42, 0x0F, 0xFF, 0x00, 0xFD, 0x47, 0x00, 0x00, 0x1A, 0x13, 0xF3, 0x00, 0xFF, 0x13,
    0x00, 0x00, 0x00, 0x00, 0xBE, 0x02, 0xFE, 0x00, 0x00, 0x00, 0x00, 0x00, 0x66, 0x07, 0xFF, 0x00,
    0x00, 0x00, 0x07, 0x0B, 0x00, 0x00, 0x1F, 0x38, 0x00, 0x00, 0x09, 0x13, 0x00, 0x00, 0x05, 0x19,
    0x00, 0x00, 0x00, 0x00, 0x02, 0x02, 0x00, 0x00, 0x00, 0x00, 0x00, 0x00, 0x05, 0x07, 0x00, 0x00,
    0xFF, 0xEB, 0xFF, 0xF1, 0xFF, 0xFF, 0xFD, 0xF3, 0xFE, 0xD1, 0xFF, 0xF3, 0xFF, 0xF1, 0xFF, 0xFF,
    0xFC, 0x8A, 0xFF, 0xF9, 0xFF, 0xF8, 0xFF, 0xFD, 0xFC, 0x31, 0xFF, 0xD2, 0xFF, 0xEB, 0xFF, 0xF7,
    0x74, 0xB5, 0x93, 0x9B, 0xC5, 0x30, 0xA7, 0x2F, 0x67, 0x6D, 0x8F, 0x63, 0xA6, 0x5E, 0xCB, 0x1C,
    0x3A, 0x62, 0x92, 0x23, 0x9E, 0x29, 0xB9, 0x26, 0x11, 0x31, 0x6E, 0x47, 0x9E, 0x13, 0x9C, 0x1D,
    0xFE, 0x7F, 0xFF, 0x05, 0xFF, 0x00, 0xFF, 0x70, 0xFF, 0xFF, 0xFD, 0xC2, 0xFF, 0x1A, 0xFF, 0x1C,
    0xFF, 0xF9, 0xFF, 0xFF, 0xFF, 0xDF, 0xFF, 0x25, 0xFF, 0xF8, 0xFF, 0xF4, 0xFF, 0xFF, 0xFF, 0xE0,
    0x4F, 0x12, 0x01, 0x00, 0x00, 0x00, 0x3D, 0x0B, 0xCB, 0x2B, 0x7E, 0x17, 0x0C, 0x01, 0x0E, 0x03,
    0xD6, 0x34, 0xDE, 0x37, 0xA3, 0x22, 0x16, 0x03, 0xBA, 0x26, 0xD8, 0x39, 0xDE, 0x37, 0xAE, 0x26,
    0xFF, 0xD9, 0xFF, 0xD6, 0xFF, 0xDF, 0xFF, 0xDC, 0xFF, 0xC9, 0xFF, 0xC8, 0xFF, 0xD1, 0xFF, 0xD2,
    0xFF, 0x7C, 0xFF, 0xC9, 0xFF, 0xC4, 0xFF, 0xCA, 0xFF, 0x82, 0xFF, 0xBC, 0xFF, 0xBD, 0xFF, 0xC6,
    0x8D, 0x1F, 0xA7, 0x28, 0xA7, 0x26, 0xAF, 0x2B, 0x7F, 0x1C, 0x96, 0x24, 0x9F, 0x26, 0xA1, 0x27,
    0x4C, 0x11, 0x90, 0x24, 0x91, 0x23, 0x96, 0x24, 0x59, 0x13, 0x85, 0x22, 0x89, 0x22, 0x92, 0x23,
    0xFF, 0xDF, 0xFF, 0xE8, 0xFF, 0xF3, 0xFF, 0xF6, 0xFF, 0xD7, 0xFF, 0xE0, 0xFF, 0xEB, 0xFF, 0xF4,
    0xFF, 0xCF, 0xFF, 0xDA, 0xFF, 0xE3, 0xFF, 0xEF, 0xFF, 0xC7, 0xFF, 0xCF, 0xFF, 0xD8, 0xFF, 0xE2,
    0xB7, 0x2D, 0xB3, 0x25, 0xD5, 0x38, 0xDA, 0x3A, 0xAF, 0x2C, 0xB3, 0x29, 0xC6, 0x32, 0xD7, 0x39,
    0xA1, 0x28, 0xB3, 0x2D, 0xBB, 0x2E, 0xCE, 0x35, 0x94, 0x24, 0xA2, 0x28, 0xAD, 0x2B, 0xBD, 0x30,
    0xFF, 0xFF, 0xFF, 0x84, 0xFF, 0x9F, 0xFF, 0xE3, 0xFF, 0xF8, 0xFF, 0xCF, 0xFF, 0xAE, 0xFF, 0xD6,
    0xFF, 0xF3, 0xFF, 0xE1, 0xFF, 0xC9, 0xFF, 0xCB, 0xFF, 0xEC, 0xFF, 0xDE, 0xFF, 0xC8, 0xFF, 0xC3,
    0xD6, 0x34, 0x5E, 0x14, 0x71, 0x1A, 0xBD, 0x30, 0xD5, 0x37, 0x9C, 0x24, 0x7D, 0x1D, 0xAE, 0x2C,
    0xD5, 0x37, 0xB4, 0x2C, 0x93, 0x22, 0x9E, 0x28, 0xCD, 0x35, 0xB9, 0x2E, 0x97, 0x24, 0x92, 0x24,
    0xFF, 0xD3, 0xFF, 0xC9, 0xFF, 0xC4, 0xFF, 0xC2, 0xFF, 0xD3, 0xFF, 0xCA, 0xFF, 0xC2, 0xFF, 0xBE,
    0xFF, 0xD1, 0xFF, 0xCA, 0xFF, 0xC0, 0xFF, 0xBC, 0xFF, 0xC6, 0xFF, 0xC2, 0xFF, 0xBC, 0xFF, 0xBA,
    0xB3, 0x2E, 0x9E, 0x28, 0x90, 0x23, 0x8C, 0x22, 0xB1, 0x2D, 0x9E, 0x27, 0x8E, 0x23, 0x88, 0x21,
    0xAC, 0x2C, 0x9C, 0x27, 0x8A, 0x22, 0x87, 0x21, 0x98, 0x26, 0x92, 0x25, 0x87, 0x21, 0x85, 0x21,
    0xFF, 0xC2, 0xFF, 0xC4, 0xFF, 0xC8, 0xFF, 0xD3, 0xFF, 0xBE, 0xFF, 0xC1, 0xFF, 0xC9, 0xFF, 0xD2,
    0xFF, 0xBC, 0xFF, 0xBF, 0xFF, 0xC8, 0xFF, 0xD0, 0xFF, 0xBA, 0xFF, 0xBB, 0xFF, 0xC1, 0xFF, 0xC4,
    0x8C, 0x22, 0x90, 0x23, 0x9D, 0x28, 0xB3, 0x2E, 0x88, 0x21, 0x8D, 0x23, 0x9D, 0x27, 0xB0, 0x2D,
    0x87, 0x21, 0x8A, 0x22, 0x9C, 0x27, 0xAB, 0x2B, 0x85, 0x21, 0x86, 0x21, 0x91, 0x24, 0x96, 0x25,
    0xFF, 0xE2, 0xFF, 0x9E, 0xFF, 0x83, 0xFF, 0xFF, 0xFF, 0xD5, 0xFF, 0xAD, 0xFF, 0xCF, 0xFF, 0xF8,
    0xFF, 0xC9, 0xFF, 0xC7, 0xFF, 0xE1, 0xFF, 0xF3, 0xFF, 0xC1, 0xFF, 0xC7, 0xFF, 0xDE, 0xFF, 0xEC,
    0xBD, 0x30, 0x71, 0x1A, 0x5E, 0x14, 0xD6, 0x34, 0xAD, 0x2C, 0x7C, 0x1D, 0x9C, 0x24, 0xD6, 0x37,
    0x9D, 0x27, 0x91, 0x22, 0xB3, 0x2B, 0xD5, 0x37, 0x90, 0x24, 0x95, 0x24, 0xB8, 0x2E, 0xCD, 0x35,
    0xFF, 0xF6, 0xFF, 0xF3, 0xFF, 0xE8, 0xFF, 0xDF, 0xFF, 0xF4, 0xFF, 0xEB, 0xFF, 0xE0, 0xFF, 0xD7,
    0xFF, 0xEF, 0xFF, 0xE3, 0xFF, 0xDB, 0xFF, 0xCF, 0xFF, 0xE3, 0xFF, 0xD8, 0xFF, 0xCF, 0xFF, 0xC7,
    0xDA, 0x3A, 0xD5, 0x38, 0xB3, 0x25, 0xB7, 0x2D, 0xD8, 0x39, 0xC7, 0x32, 0xB3, 0x2A, 0xAF, 0x2C,
    0xCE, 0x35, 0xBC, 0x2E, 0xB4, 0x2D, 0xA1, 0x28, 0xBD, 0x2F, 0xAD, 0x2B, 0xA2, 0x28, 0x94, 0x24,
    0xFF, 0xDC, 0xFF, 0xDF, 0xFF, 0xD6, 0xFF, 0xD9, 0xFF, 0xD2, 0xFF, 0xD1, 0xFF, 0xC8, 0xFF, 0xC9,
    0xFF, 0xCA, 0xFF, 0xC4, 0xFF, 0xC9, 0xFF, 0x7C, 0xFF, 0xC6, 0xFF, 0xBD, 0xFF, 0xBC, 0xFF, 0x82,
    0xAF, 0x2B, 0xA8, 0x26, 0xA7, 0x28, 0x8D, 0x1F, 0xA1, 0x27, 0x9F, 0x26, 0x96, 0x24, 0x7F, 0x1C,
    0x96, 0x24, 0x91, 0x23, 0x90, 0x24, 0x4C, 0x11, 0x92, 0x23, 0x89, 0x22, 0x85, 0x22, 0x59, 0x13,
    0xFF, 0x70, 0xFF, 0x00, 0xFF, 0x05, 0xFE, 0x7F, 0xFF, 0x1C, 0xFF, 0x1A, 0xFD, 0xC2, 0xFF, 0xFF,
    0xFF, 0x25, 0xFF, 0xDF, 0xFF, 0xFF, 0xFF, 0xF9, 0xFF, 0xE0, 0xFF, 0xFF, 0xFF, 0xF3, 0xFF, 0xF8,
    0x3D, 0x0B, 0x00, 0x00, 0x01, 0x00, 0x4F, 0x12, 0x0E, 0x03, 0x0C, 0x01, 0x7E, 0x17, 0xCB, 0x2B,
    0x16, 0x03, 0xA3, 0x22, 0xDE, 0x37, 0xD6, 0x34, 0xAE, 0x26, 0xDE, 0x37, 0xD8, 0x39, 0xBA, 0x26,
    0xFD, 0xF3, 0xFF, 0xFF, 0xFF, 0xF1, 0xFF, 0xEB, 0xFF, 0xFF, 0xFF, 0xF1, 0xFF, 0xF3, 0xFE, 0xD1,
    0xFF, 0xFD, 0xFF, 0xF8, 0xFF, 0xF9, 0xFC, 0x8A, 0xFF, 0xF7, 0xFF, 0xEB, 0xFF, 0xD2, 0xFC, 0x31,
    0xA7, 0x2F, 0xC5, 0x30, 0x93, 0x9B, 0x74, 0xB5, 0xCB, 0x1C, 0xA6, 0x5E, 0x8F, 0x63, 0x67, 0x6D,
    0xB9, 0x26, 0x9E, 0x29, 0x92, 0x23, 0x3A, 0x62, 0x9C, 0x1D, 0x9E, 0x13, 0x6E, 0x47, 0x11, 0x31,
    0xFD, 0x47, 0xFF, 0x00, 0x42, 0x0F, 0x00, 0x00, 0xFF, 0x13, 0xF3, 0x00, 0x1A, 0x13, 0x00, 0x00,
    0xFE, 0x00, 0xBE, 0x02, 0x00, 0x00, 0x00, 0x00, 0xFF, 0x00, 0x66, 0x07, 0x00, 0x00, 0x00, 0x00,
    0x1F, 0x38, 0x00, 0x00, 0x07, 0x0B, 0x00, 0x00, 0x05, 0x19, 0x00, 0x00, 0x09, 0x13, 0x00, 0x00,
    0x00, 0x00, 0x02, 0x02, 0x00, 0x00, 0x00, 0x00, 0x00, 0x00, 0x05, 0x07, 0x00, 0x00, 0x00, 0x00,
    0x58, 0x05, 0xFF, 0x00, 0xFC, 0x00, 0xFF, 0x38, 0x63, 0x05, 0xFF, 0x00, 0xFB, 0x02, 0xFF, 0x3C,
    0x87, 0x03, 0xFF, 0x00, 0xFB, 0x09, 0xFF, 0x44, 0xC5, 0x02, 0xFF, 0x00, 0xFC, 0x16, 0xFF, 0x49,
    0x05, 0x05, 0x00, 0x00, 0x00, 0x00, 0x34, 0x60, 0x02, 0x05, 0x00, 0x00, 0x02, 0x03, 0x38, 0x67,
    0x03, 0x03, 0x00, 0x00, 0x08, 0x0E, 0x3F, 0x73, 0x02, 0x03, 0x00, 0x00, 0x15, 0x25, 0x45, 0x7C,
    0xFF, 0x45, 0xFF, 0x45, 0xFF, 0x4F, 0xFF, 0x5C, 0xFF, 0x44, 0xFF, 0x43, 0xFF, 0x4B, 0xFF, 0x56,
    0xFF, 0x43, 0xFF, 0x42, 0xFF, 0x48, 0xFF, 0x52, 0xFF, 0x42, 0xFF, 0x42, 0xFF, 0x45, 0xFF, 0x4D,
    0x40, 0x79, 0x41, 0x76, 0x4A, 0x81, 0x56, 0x8C, 0x40, 0x78, 0x3F, 0x74, 0x46, 0x7D, 0x51, 0x86,
    0x3F, 0x76, 0x3E, 0x75, 0x43, 0x7A, 0x4C, 0x82, 0x3E, 0x74, 0x3E, 0x74, 0x41, 0x77, 0x47, 0x7E,
    0xFF, 0x6B, 0xFF, 0x68, 0xFF, 0x7B, 0xFF, 0xAD, 0xFF, 0x64, 0xFF, 0x6E, 0xFF, 0x6E, 0xFF, 0xA2,
    0xFF, 0x5F, 0xFF, 0x6C, 0xFF, 0x6C, 0xFF, 0x93, 0xFF, 0x5B, 0xFF, 0x68, 0xFF, 0x6D, 0xFF, 0x87,
    0x64, 0x9A, 0x63, 0x96, 0x75, 0xAC, 0xA2, 0xE9, 0x5E, 0x92, 0x67, 0x9A, 0x68, 0x9A, 0x99, 0xD8,
    0x59, 0x8D, 0x65, 0x98, 0x66, 0x98, 0x8A, 0xC5, 0x55, 0x8A, 0x62, 0x95, 0x67, 0x97, 0x7F, 0xB6,
    0xFF, 0x98, 0xFF, 0x8D, 0xFF, 0x8B, 0xFF, 0x8E, 0xFF, 0xA2, 0xFF, 0x93, 0xFF, 0x8B, 0xFF, 0x83,
    0xFF, 0xA6, 0xFF, 0x98, 0xFF, 0x8E, 0xFF, 0x7F, 0xFF, 0xA4, 0xFF, 0x9F, 0xFF, 0x94, 0xFF, 0x84,
    0x8E, 0xD5, 0x86, 0xC5, 0x84, 0xC3, 0x85, 0xD2, 0x98, 0xDD, 0x8A, 0xCA, 0x84, 0xC0, 0x7B, 0xC0,
    0x9B, 0xDC, 0x8F, 0xCF, 0x86, 0xC1, 0x77, 0xB4, 0x99, 0xD8, 0x95, 0xD4, 0x8B, 0xC7, 0x7C, 0xB7,
    0xFF, 0x4E, 0xFB, 0x00, 0xFF, 0x01, 0x88, 0x03, 0xFF, 0x80, 0xFE, 0x10, 0xFE, 0x00, 0xEF, 0x02,
    0xFF, 0x89, 0xFF, 0x4D, 0xFB, 0x00, 0xFF, 0x02, 0xFF, 0x7A, 0xFF, 0x7C, 0xFE, 0x11, 0xFD, 0x00,
    0x49, 0x72, 0x00, 0x00, 0x01, 0x02, 0x03, 0x05, 0x78, 0xBB, 0x0F, 0x17, 0x00, 0x01, 0x02, 0x03,
    0x7F, 0xC8, 0x48, 0x6E, 0x00, 0x00, 0x02, 0x02, 0x72, 0xB3, 0x74, 0xB5, 0x10, 0x18, 0x00, 0x01,
    0x00, 0x00, 0x04, 0x00, 0x00, 0x00, 0x00, 0x00, 0x16, 0x0B, 0x01, 0x00, 0x02, 0x00, 0x00, 0x00,
    0x8B, 0x03, 0x00, 0x00, 0x04, 0x00, 0x00, 0x00, 0xF4, 0x02, 0x1E, 0x08, 0x01, 0x00, 0x02, 0x00,
    0x00, 0x00, 0x00, 0x00, 0x00, 0x00, 0x00, 0x00, 0x0B, 0x17, 0x00, 0x00, 0x00, 0x00, 0x00, 0x00,
    0x03, 0x03, 0x00, 0x00, 0x00, 0x00, 0x00, 0x00, 0x02, 0x03, 0x08, 0x11, 0x00, 0x00, 0x00, 0x00,
    0x00, 0x00, 0x00, 0x00, 0x00, 0x00, 0x00, 0x00, 0x00, 0x00, 0x00, 0x00, 0x00, 0x00, 0x00, 0x00,
    0x00, 0x00, 0x00, 0x00, 0x00, 0x00, 0x00, 0x00, 0x00, 0x00, 0x00, 0x00, 0x00, 0x00, 0x00, 0x00,
    0x00, 0x00, 0x00, 0x00, 0x00, 0x00, 0x00, 0x00, 0x00, 0x00, 0x00, 0x00, 0x00, 0x00, 0x00, 0x00,
    0x00, 0x00, 0x00, 0x00, 0x00, 0x00, 0x00, 0x00, 0x00, 0x00, 0x00, 0x00, 0x00, 0x00, 0x00, 0x00,
    0x00, 0x00, 0x00, 0x00, 0x00, 0x00, 0x00, 0x00, 0x00, 0x00, 0x00, 0x00, 0x00, 0x00, 0x00, 0x00,
    0x00, 0x00, 0x00, 0x00, 0x00, 0x00, 0x00, 0x00, 0x00, 0x00, 0x00, 0x00, 0x00, 0x00, 0x00, 0x00,
    0x00, 0x00, 0x00, 0x00, 0x00, 0x00, 0x00, 0x00, 0x00, 0x00, 0x00, 0x00, 0x00, 0x00, 0x00, 0x00,
    0x00, 0x00, 0x00, 0x00, 0x00, 0x00, 0x00, 0x00, 0x00, 0x00, 0x00, 0x00, 0x00, 0x00, 0x00, 0x00,
    0x00, 0x00, 0x00, 0x00, 0x00, 0x00, 0x00, 0x00, 0x00, 0x00, 0x00, 0x00, 0x00, 0x00, 0x00, 0x00,
    0x00, 0x00, 0x00, 0x00, 0x00, 0x00, 0x00, 0x00, 0x00, 0x00, 0x00, 0x00, 0x00, 0x00, 0x00, 0x00,
    0x00, 0x00, 0x00, 0x00, 0x00, 0x00, 0x00, 0x00, 0x00, 0x00, 0x00, 0x00, 0x00, 0x00, 0x00, 0x00,
    0x00, 0x00, 0x00, 0x00, 0x00, 0x00, 0x00, 0x00, 0x00, 0x00, 0x00, 0x00, 0x00, 0x00, 0x00, 0x00,
    0x00, 0x00, 0x00, 0x00, 0x00, 0x00, 0x00, 0x00, 0x00, 0x00, 0x00, 0x00, 0x00, 0x00, 0x00, 0x00,
    0x00, 0x00, 0x00, 0x00, 0x00, 0x00, 0x00, 0x00, 0x00, 0x00, 0x00, 0x00, 0x00, 0x00, 0x00, 0x00,
    0x00, 0x00, 0x00, 0x00, 0x00, 0x00, 0x00, 0x00, 0x00, 0x00, 0x00, 0x00, 0x00, 0x00, 0x00, 0x00,
    0x00, 0x00, 0x00, 0x00, 0x00, 0x00, 0x00, 0x00, 0x00, 0x00, 0x00, 0x00, 0x00, 0x00, 0x00, 0x00,
    0x00, 0x00, 0x00, 0x00, 0x00, 0x00, 0x00, 0x00, 0x00, 0x00, 0x00, 0x00, 0x00, 0x00, 0x00, 0x00,
    0x00, 0x00, 0x00, 0x00, 0x00, 0x00, 0x00, 0x00, 0x00, 0x00, 0x00, 0x00, 0x00, 0x00, 0x00, 0x00,
    0x00, 0x00, 0x00, 0x00, 0x00, 0x00, 0x00, 0x00, 0x00, 0x00, 0x00, 0x00, 0x00, 0x00, 0x00, 0x00,
    0x00, 0x00, 0x00, 0x00, 0x00, 0x00, 0x00, 0x00, 0x00, 0x00, 0x00, 0x00, 0x00, 0x00, 0x00, 0x00,
    0x00, 0x00, 0x00, 0x00, 0x00, 0x00, 0x00, 0x00, 0x00, 0x00, 0x00, 0x00, 0x00, 0x00, 0x03, 0x00,
    0x00, 0x00, 0x00, 0x00, 0x01, 0x00, 0x03, 0x00, 0x00, 0x00, 0x00, 0x00, 0x05, 0x00, 0x00, 0x00,
    0x00, 0x00, 0x00, 0x00, 0x00, 0x00, 0x00, 0x00, 0x00, 0x00, 0x00, 0x00, 0x00, 0x00, 0x00, 0x00,
    0x00, 0x00, 0x00, 0x00, 0x00, 0x00, 0x00, 0x00, 0x00, 0x00, 0x00, 0x00, 0x00, 0x00, 0x00, 0x00,
    0x03, 0x00, 0x00, 0x00, 0xA0, 0x03, 0xFF, 0x01, 0x00, 0x00, 0x3A, 0x08, 0xFD, 0x02, 0xFC, 0x00,
    0x06, 0x2A, 0xD2, 0x02, 0xFF, 0x01, 0xFD, 0x00, 0x8D, 0x01, 0xFF, 0x02, 0xFC, 0x00, 0xFF, 0x3D,
    0x00, 0x00, 0x00, 0x00, 0x03, 0x03, 0x01, 0x02, 0x00, 0x00, 0x04, 0x08, 0x02, 0x03, 0x00, 0x00,
    0x00, 0x2A, 0x01, 0x02, 0x01, 0x02, 0x00, 0x00, 0x01, 0x03, 0x02, 0x03, 0x00, 0x00, 0x39, 0x4F,
    0xFB, 0x00, 0xFF, 0x4E, 0xFF, 0x7F, 0xFF, 0x75, 0xFF, 0x1A, 0xFF, 0x79, 0xFF, 0x6D, 0xFF, 0x7A,
    0xFF, 0x60, 0xFF, 0x73, 0xFF, 0x68, 0xFF, 0x7E, 0xFF, 0x88, 0xFF, 0x64, 0xFF, 0x6C, 0xFF, 0x80,
    0x00, 0x00, 0x49, 0x72, 0x76, 0xBB, 0x6D, 0xA7, 0x18, 0x25, 0x70, 0xB1, 0x65, 0xA1, 0x72, 0xA9,
    0x5A, 0x88, 0x6B, 0xA9, 0x61, 0x97, 0x76, 0xAB, 0x7F, 0xBC, 0x5D, 0x92, 0x65, 0x98, 0x79, 0xAB,
    0xFF, 0x89, 0xFF, 0x9A, 0xFF, 0xA4, 0xFF, 0x9E, 0xFF, 0x8F, 0xFF, 0x9D, 0xFF, 0xA4, 0xFF, 0x96,
    0xFF, 0x92, 0xFF, 0x9D, 0xFF, 0xA4, 0xFF, 0x8A, 0xFF, 0x93, 0xFF, 0x9D, 0xFF, 0xA2, 0xFF, 0x78,
    0x81, 0xBA, 0x91, 0xCD, 0x99, 0xD7, 0x94, 0xD0, 0x86, 0xBE, 0x93, 0xCD, 0x99, 0xD5, 0x8D, 0xC6,
    0x89, 0xBF, 0x93, 0xCB, 0x9A, 0xD5, 0x82, 0xB8, 0x8A, 0xBE, 0x94, 0xCA, 0x99, 0xD1, 0x71, 0xA1,
    0xFF, 0x80, 0xFF, 0x6C, 0xFF, 0x64, 0xFF, 0x56, 0xFF, 0x78, 0xFF, 0x6A, 0xFF, 0x60, 0xFF, 0x51,
    0xFF, 0x6D, 0xFF, 0x68, 0xFF, 0x5B, 0xFF, 0x4D, 0xFF, 0x63, 0xFF, 0x65, 0xFF, 0x55, 0xFF, 0x4A,
    0x78, 0xAC, 0x66, 0x97, 0x5D, 0x91, 0x50, 0x85, 0x71, 0xA2, 0x64, 0x96, 0x5A, 0x8E, 0x4B, 0x82,
    0x67, 0x97, 0x62, 0x94, 0x55, 0x89, 0x48, 0x7D, 0x5E, 0x8C, 0x5F, 0x91, 0x50, 0x83, 0x45, 0x79,
    0xFF, 0x49, 0xFF, 0x43, 0xFF, 0x42, 0xFF, 0x42, 0xFF, 0x46, 0xFF, 0x43, 0xFF, 0x42, 0xFF, 0x42,
    0xFF, 0x45, 0xFF, 0x43, 0xFF, 0x42, 0xFF, 0x41, 0xFF, 0x43, 0xFF, 0x42, 0xFF, 0x41, 0xFF, 0x3E,
    0x44, 0x7B, 0x3F, 0x76, 0x3E, 0x74, 0x3E, 0x73, 0x42, 0x78, 0x3F, 0x75, 0x3E, 0x74, 0x3E, 0x73,
    0x40, 0x76, 0x3E, 0x74, 0x3D, 0x73, 0x3C, 0x71, 0x3F, 0x73, 0x3E, 0x71, 0x3C, 0x70, 0x3B, 0x6D,
    0xFF, 0x48, 0xFF, 0x2B, 0xFE, 0x00, 0xFB, 0x01, 0xFF, 0x41, 0xFF, 0x3D, 0xFC, 0x07, 0xFF, 0x00,
    0xFF, 0x3D, 0xFF, 0x41, 0xFF, 0x26, 0xFC, 0x00, 0xFF, 0x3D, 0xFF, 0x3A, 0xFF, 0x3D, 0xFE, 0x12,
    0x43, 0x7C, 0x28, 0x49, 0x00, 0x00, 0x01, 0x02, 0x3D, 0x72, 0x39, 0x6B, 0x07, 0x0C, 0x00, 0x00,
    0x3A, 0x6C, 0x3D, 0x71, 0x24, 0x3F, 0x00, 0x00, 0x39, 0x6A, 0x37, 0x65, 0x39, 0x65, 0x11, 0x1C,
    0x2D, 0x05, 0x01, 0x00, 0x11, 0x00, 0xEA, 0x02, 0xAA, 0x01, 0x00, 0x00, 0x00, 0x00, 0x73, 0x04,
    0xFF, 0x01, 0x59, 0x00, 0x00, 0x00, 0x09, 0x00, 0xFD, 0x00, 0xF4, 0x01, 0x37, 0x00, 0x00, 0x00,
    0x05, 0x05, 0x00, 0x00, 0x00, 0x0F, 0x01, 0x01, 0x01, 0x03, 0x00, 0x00, 0x00, 0x00, 0x02, 0x04,
    0x01, 0x02, 0x00, 0x02, 0x00, 0x00, 0x00, 0x00, 0x00, 0x00, 0x01, 0x02, 0x00, 0x00, 0x00, 0x00,
    0xFD, 0x01, 0xFD, 0x88, 0xFF, 0xD4, 0xFF, 0xDB, 0xFF, 0x00, 0xFA, 0x20, 0xFF, 0xB7, 0xFF, 0xC1,
    0xCC, 0x02, 0xFF, 0x00, 0xFD, 0x4C, 0xFF, 0xC1, 0x1D, 0x00, 0xD4, 0x02, 0xFE, 0x00, 0xFE, 0x5C,
    0x00, 0x05, 0x3C, 0x45, 0x86, 0x1E, 0x9E, 0x23, 0x00, 0x00, 0x0D, 0x18, 0x5D, 0x24, 0x86, 0x1C,
    0x01, 0x01, 0x00, 0x00, 0x28, 0x0E, 0x6A, 0x17, 0x00, 0x00, 0x01, 0x00, 0x00, 0x00, 0x31, 0x0C,
    0xFF, 0xE6, 0xFF, 0xEB, 0xFF, 0xEC, 0xFF, 0xF7, 0xFF, 0xCC, 0xFF, 0xD5, 0xFF, 0xDF, 0xFF, 0xE7,
    0xFF, 0xC0, 0xFF, 0xCC, 0xFF, 0xC9, 0xFF, 0xB6, 0xFF, 0x90, 0xFF, 0x59, 0xFF, 0x30, 0xFF, 0x0F,
    0x91, 0x1B, 0xBB, 0x2C, 0xCF, 0x36, 0xCE, 0x33, 0x95, 0x23, 0x92, 0x20, 0xB8, 0x2E, 0xBF, 0x2F,
    0x85, 0x20, 0x93, 0x23, 0x92, 0x24, 0x8B, 0x24, 0x57, 0x1A, 0x44, 0x19, 0x25, 0x0F, 0x0C, 0x07,
    0xFF, 0xE5, 0xFF, 0xBB, 0xFF, 0xB6, 0xFF, 0xC1, 0xFF, 0xEB, 0xFF, 0xDB, 0xFF, 0xC8, 0xFF, 0xC0,
    0xFF, 0x98, 0xFF, 0x73, 0xFF, 0x4E, 0xFF, 0x30, 0xFF, 0x00, 0xFF, 0x00, 0xFF, 0x00, 0xFF, 0x00,
    0xAF, 0x27, 0x86, 0x21, 0x82, 0x21, 0x8D, 0x23, 0xB6, 0x2A, 0xA0, 0x24, 0x8F, 0x23, 0x8B, 0x23,
    0x74, 0x20, 0x57, 0x1A, 0x3B, 0x15, 0x26, 0x10, 0x00, 0x00, 0x00, 0x00, 0x00, 0x00, 0x00, 0x00,
    0xFF, 0xC6, 0xFF, 0xCA, 0xFF, 0xD7, 0xFF, 0xE5, 0xFF, 0xB8, 0xFF, 0xAB, 0xFF, 0x9E, 0xFF, 0x90,
    0xFF, 0x1B, 0xFF, 0x0C, 0xFF, 0x01, 0xFF, 0x00, 0xFF, 0x00, 0xFF, 0x02, 0xFF, 0x09, 0xFF, 0x13,
    0x8F, 0x22, 0x93, 0x23, 0xA2, 0x26, 0xB1, 0x29, 0x85, 0x21, 0x7D, 0x20, 0x75, 0x1E, 0x6D, 0x1D,
    0x17, 0x0B, 0x0C, 0x07, 0x03, 0x04, 0x00, 0x01, 0x00, 0x00, 0x03, 0x00, 0x09, 0x05, 0x12, 0x0E,
    0xFF, 0xF1, 0xFF, 0xEA, 0xFF, 0xD9, 0xFF, 0xD0, 0xFF, 0x83, 0xFF, 0x71, 0xFF, 0x60, 0xFF, 0x53,
    0xFF, 0x00, 0xFF, 0x00, 0xFF, 0x00, 0xFF, 0x00, 0xFF, 0x1E, 0xFF, 0x1E, 0xFF, 0x0C, 0xFF, 0x09,
    0xBF, 0x2D, 0xB9, 0x2C, 0xA2, 0x26, 0x96, 0x24, 0x64, 0x1B, 0x56, 0x19, 0x48, 0x16, 0x3E, 0x15,
    0x00, 0x00, 0x00, 0x00, 0x00, 0x01, 0x00, 0x02, 0x1B, 0x17, 0x1C, 0x17, 0x0C, 0x07, 0x09, 0x04,
    0xFF, 0xCC, 0xFF, 0xCB, 0xFF, 0xC7, 0xFF, 0xC5, 0xFF, 0x4A, 0xFF, 0x46, 0xFF, 0x43, 0xFF, 0x41,
    0xFF, 0x00, 0xFF, 0x00, 0xFF, 0x00, 0xFF, 0x00, 0xFF, 0x10, 0xFF, 0x1D, 0xFF, 0x29, 0xFF, 0x2E,
    0x93, 0x24, 0x92, 0x24, 0x8E, 0x23, 0x8C, 0x22, 0x38, 0x13, 0x35, 0x12, 0x32, 0x13, 0x31, 0x13,
    0x00, 0x00, 0x00, 0x00, 0x00, 0x00, 0x00, 0x00, 0x10, 0x0C, 0x1A, 0x16, 0x24, 0x1F, 0x28, 0x23,
    0xFF, 0xC4, 0xFF, 0xC6, 0xFF, 0xC9, 0xFF, 0xCA, 0xFF, 0x41, 0xFF, 0x43, 0xFF, 0x46, 0xFF, 0x4A,
    0xFF, 0x00, 0xFF, 0x00, 0xFF, 0x00, 0xFF, 0x00, 0xFF, 0x30, 0xFF, 0x30, 0xFF, 0x2F, 0xFF, 0x2D,
    0x8C, 0x22, 0x8D, 0x23, 0x90, 0x23, 0x90, 0x23, 0x31, 0x12, 0x32, 0x12, 0x34, 0x12, 0x38, 0x13,
    0x00, 0x00, 0x00, 0x00, 0x00, 0x00, 0x00, 0x00, 0x29, 0x23, 0x29, 0x22, 0x28, 0x20, 0x26, 0x1F,
    0xFF, 0xCD, 0xFF, 0xD7, 0xFF, 0xEA, 0xFF, 0xF1, 0xFF, 0x52, 0xFF, 0x5F, 0xFF, 0x71, 0xFF, 0x83,
    0xFF, 0x00, 0xFF, 0x00, 0xFF, 0x00, 0xFF, 0x00, 0xFF, 0x29, 0xFF, 0x25, 0xFF, 0x20, 0xFF, 0x19,
    0x93, 0x24, 0xA0, 0x26, 0xB8, 0x2C, 0xBF, 0x2D, 0x3E, 0x15, 0x48, 0x17, 0x56, 0x19, 0x63, 0x1C,
    0x00, 0x00, 0x00, 0x00, 0x00, 0x00, 0x00, 0x00, 0x23, 0x1C, 0x20, 0x18, 0x1C, 0x16, 0x17, 0x11,
    0xFF, 0xE5, 0xFF, 0xD7, 0xFF, 0xCB, 0xFF, 0xC6, 0xFF, 0x90, 0xFF, 0x9D, 0xFF, 0xAB, 0xFF, 0xB7,
    0xFF, 0x00, 0xFF, 0x01, 0xFF, 0x0C, 0xFF, 0x1A, 0xFF, 0x12, 0xFF, 0x0A, 0xFF, 0x03, 0xFF, 0x00,
    0xB1, 0x29, 0xA2, 0x26, 0x94, 0x23, 0x90, 0x22, 0x6D, 0x1E, 0x74, 0x1F, 0x7D, 0x21, 0x85, 0x22,
    0x00, 0x01, 0x03, 0x04, 0x0C, 0x08, 0x16, 0x0B, 0x11, 0x0D, 0x0A, 0x06, 0x04, 0x01, 0x00, 0x00,
    0xFF, 0xC1, 0xFF, 0xB6, 0xFF, 0xBB, 0xFF, 0xE5, 0xFF, 0xC0, 0xFF, 0xC8, 0xFF, 0xDC, 0xFF, 0xEC,
    0xFF, 0x2F, 0xFF, 0x4D, 0xFF, 0x73, 0xFF, 0x97, 0xFF, 0x00, 0xFF, 0x00, 0xFF, 0x00, 0xFF, 0x00,
    0x8D, 0x23, 0x83, 0x21, 0x86, 0x21, 0xAF, 0x27, 0x8B, 0x23, 0x90, 0x23, 0xA1, 0x25, 0xB6, 0x2A,
    0x26, 0x10, 0x3B, 0x16, 0x57, 0x1C, 0x74, 0x21, 0x00, 0x00, 0x00, 0x00, 0x00, 0x00, 0x00, 0x00,
    0xFF, 0xF7, 0xFF, 0xEC, 0xFF, 0xEB, 0xFF, 0xE6, 0xFF, 0xE7, 0xFF, 0xDF, 0xFF, 0xD6, 0xFF, 0xCC,
    0xFF, 0xB6, 0xFF, 0xC8, 0xFF, 0xCC, 0xFF, 0xC0, 0xFF, 0x0E, 0xFF, 0x2F, 0xFF, 0x58, 0xFF, 0x8E,
    0xCE, 0x33, 0xCF, 0x36, 0xBB, 0x2C, 0x91, 0x1B, 0xBF, 0x2F, 0xB8, 0x2E, 0x92, 0x20, 0x95, 0x23,
    0x8B, 0x25, 0x92, 0x24, 0x93, 0x23, 0x85, 0x20, 0x0C, 0x07, 0x25, 0x10, 0x43, 0x19, 0x56, 0x19,
    0xFF, 0xDB, 0xFF, 0xD4, 0xFD, 0x88, 0xFD, 0x01, 0xFF, 0xC1, 0xFF, 0xB7, 0xFA, 0x20, 0xFF, 0x00,
    0xFF, 0xC1, 0xFD, 0x4C, 0xFF, 0x00, 0xCC, 0x02, 0xFE, 0x5C, 0xFE, 0x00, 0xD3, 0x02, 0x1D, 0x00,
    0x9E, 0x23, 0x86, 0x1E, 0x3C, 0x45, 0x00, 0x05, 0x86, 0x1C, 0x5D, 0x24, 0x0D, 0x18, 0x00, 0x00,
    0x6A, 0x17, 0x28, 0x0E, 0x00, 0x00, 0x01, 0x01, 0x31, 0x0C, 0x00, 0x00, 0x01, 0x00, 0x00, 0x00,
    0xEA, 0x02, 0x11, 0x00, 0x01, 0x00, 0x2D, 0x05, 0x73, 0x04, 0x00, 0x00, 0x00, 0x00, 0xAA, 0x01,
    0x09, 0x00, 0x00, 0x00, 0x58, 0x00, 0xFF, 0x01, 0x00, 0x00, 0x37, 0x00, 0xF4, 0x01, 0xFD, 0x00,
    0x01, 0x01, 0x00, 0x0F, 0x00, 0x00, 0x05, 0x05, 0x02, 0x04, 0x00, 0x00, 0x00, 0x00, 0x01, 0x03,
    0x00, 0x00, 0x00, 0x00, 0x00, 0x02, 0x01, 0x02, 0x00, 0x00, 0x00, 0x00, 0x01, 0x02, 0x00, 0x00,
    0xFB, 0x01, 0xFE, 0x00, 0xFF, 0x2B, 0xFF, 0x48, 0xFF, 0x00, 0xFC, 0x07, 0xFF, 0x3D, 0xFF, 0x41,
    0xFC, 0x00, 0xFF, 0x26, 0xFF, 0x41, 0xFF, 0x3D, 0xFE, 0x12, 0xFF, 0x3D, 0xFF, 0x3A, 0xFF, 0x3D,
    0x01, 0x02, 0x00, 0x00, 0x28, 0x49, 0x43, 0x7C, 0x00, 0x00, 0x07, 0x0C, 0x39, 0x6B, 0x3D, 0x72,
    0x00, 0x00, 0x24, 0x3F, 0x3D, 0x71, 0x3A, 0x6C, 0x11, 0x1C, 0x39, 0x65, 0x37, 0x65, 0x39, 0x6A,
    0xFF, 0x42, 0xFF, 0x42, 0xFF, 0x43, 0xFF, 0x49, 0xFF, 0x42, 0xFF, 0x42, 0xFF, 0x43, 0xFF, 0x46,
    0xFF, 0x41, 0xFF, 0x42, 0xFF, 0x43, 0xFF, 0x45, 0xFF, 0x3E, 0xFF, 0x41, 0xFF, 0x42, 0xFF, 0x43,
    0x3E, 0x73, 0x3E, 0x74, 0x3F, 0x76, 0x44, 0x7B, 0x3E, 0x73, 0x3E, 0x74, 0x3F, 0x75, 0x42, 0x78,
    0x3C, 0x71, 0x3D, 0x73, 0x3E, 0x74, 0x40, 0x76, 0x3B, 0x6D, 0x3C, 0x70, 0x3E, 0x71, 0x3F, 0x73,
    0xFF, 0x56, 0xFF, 0x64, 0xFF, 0x6D, 0xFF, 0x80, 0xFF, 0x51, 0xFF, 0x60, 0xFF, 0x6A, 0xFF, 0x78,
    0xFF, 0x4D, 0xFF, 0x5B, 0xFF, 0x68, 0xFF, 0x6D, 0xFF, 0x4A, 0xFF, 0x55, 0xFF, 0x65, 0xFF, 0x63,
    0x50, 0x85, 0x5D, 0x91, 0x66, 0x97, 0x78, 0xAC, 0x4B, 0x82, 0x5A, 0x8E, 0x64, 0x96, 0x70, 0xA2,
    0x48, 0x7D, 0x55, 0x89, 0x62, 0x94, 0x67, 0x97, 0x45, 0x79, 0x50, 0x83, 0x5F, 0x91, 0x5E, 0x8C,
    0xFF, 0x9E, 0xFF, 0xA4, 0xFF, 0x9A, 0xFF, 0x89, 0xFF, 0x96, 0xFF, 0xA4, 0xFF, 0x9D, 0xFF, 0x8F,
    0xFF, 0x8A, 0xFF, 0xA4, 0xFF, 0x9D, 0xFF, 0x92, 0xFF, 0x78, 0xFF, 0xA3, 0xFF, 0x9D, 0xFF, 0x93,
    0x94, 0xCF, 0x99, 0xD7, 0x91, 0xCD, 0x81, 0xBA, 0x8D, 0xC6, 0x99, 0xD5, 0x93, 0xCC, 0x86, 0xBE,
    0x82, 0xB8, 0x9A, 0xD5, 0x93, 0xCB, 0x89, 0xBF, 0x71, 0xA1, 0x99, 0xD1, 0x94, 0xCA, 0x8A, 0xBE,
    0xFF, 0x75, 0xFF, 0x7F, 0xFF, 0x4E, 0xFB, 0x00, 0xFF, 0x7A, 0xFF, 0x6D, 0xFF, 0x79, 0xFF, 0x1A,
    0xFF, 0x7E, 0xFF, 0x68, 0xFF, 0x73, 0xFF, 0x60, 0xFF, 0x80, 0xFF, 0x6C, 0xFF, 0x64, 0xFF, 0x88,
    0x6D, 0xA7, 0x76, 0xBB, 0x49, 0x72, 0x00, 0x00, 0x72, 0xA9, 0x65, 0xA1, 0x70, 0xB1, 0x18, 0x25,
    0x76, 0xAB, 0x61, 0x97, 0x6B, 0xA9, 0x5A, 0x88, 0x79, 0xAB, 0x65, 0x98, 0x5D, 0x92, 0x7F, 0xBC,
    0xFF, 0x01, 0xA0, 0x03, 0x00, 0x00, 0x03, 0x00, 0xFC, 0x00, 0xFD, 0x02, 0x3A, 0x08, 0x00, 0x00,
    0xFD, 0x00, 0xFF, 0x01, 0xD2, 0x02, 0x06, 0x2A, 0xFF, 0x3D, 0xFC, 0x00, 0xFF, 0x02, 0x8D, 0x01,
    0x01, 0x02, 0x03, 0x03, 0x00, 0x00, 0x00, 0x00, 0x00, 0x00, 0x02, 0x03, 0x04, 0x08, 0x00, 0x00,
    0x00, 0x00, 0x01, 0x02, 0x01, 0x02, 0x00, 0x2A, 0x39, 0x4F, 0x00, 0x00, 0x02, 0x03, 0x01, 0x03,
    0x00, 0x00, 0x00, 0x00, 0x00, 0x00, 0x00, 0x00, 0x03, 0x00, 0x00, 0x00, 0x00, 0x00, 0x00, 0x00,
    0x03, 0x00, 0x01, 0x00, 0x00, 0x00, 0x00, 0x00, 0x00, 0x00, 0x05, 0x00, 0x00, 0x00, 0x00, 0x00,
    0x00, 0x00, 0x00, 0x00, 0x00, 0x00, 0x00, 0x00, 0x00, 0x00, 0x00, 0x00, 0x00, 0x00, 0x00, 0x00,
    0x00, 0x00, 0x00, 0x00, 0x00, 0x00, 0x00, 0x00, 0x00, 0x00, 0x00, 0x00, 0x00, 0x00, 0x00, 0x00,
    0x00, 0x00, 0x00, 0x00, 0x00, 0x00, 0x00, 0x00, 0x00, 0x00, 0x00, 0x00, 0x00, 0x00, 0x00, 0x00,
    0x00, 0x00, 0x00, 0x00, 0x00, 0x00, 0x00, 0x00, 0x00, 0x00, 0x00, 0x00, 0x00, 0x00, 0x00, 0x00,
    0x00, 0x00, 0x00, 0x00, 0x00, 0x00, 0x00, 0x00, 0x00, 0x00, 0x00, 0x00, 0x00, 0x00, 0x00, 0x00,
    0x00, 0x00, 0x00, 0x00, 0x00, 0x00, 0x00, 0x00, 0x00, 0x00, 0x00, 0x00, 0x00, 0x00, 0x00, 0x00,
    0x00, 0x00, 0x00, 0x00, 0x00, 0x00, 0x00, 0x00, 0x00, 0x00, 0x00, 0x00, 0x00, 0x00, 0x00, 0x00,
    0x00, 0x00, 0x00, 0x00, 0x00, 0x00, 0x00, 0x00, 0x00, 0x00, 0x00, 0x00, 0x00, 0x00, 0x00, 0x00,
    0x00, 0x00, 0x00, 0x00, 0x00, 0x00, 0x00, 0x00, 0x00, 0x00, 0x00, 0x00, 0x00, 0x00, 0x00, 0x00,
    0x00, 0x00, 0x00, 0x00, 0x00, 0x00, 0x00, 0x00, 0x00, 0x00, 0x00, 0x00, 0x00, 0x00, 0x00, 0x00,
    0x00, 0x00, 0x00, 0x00, 0x00, 0x00, 0x00, 0x00, 0x00, 0x00, 0x00, 0x00, 0x00, 0x00, 0x00, 0x00,
    0x00, 0x00, 0x00, 0x00, 0x00, 0x00, 0x00, 0x00, 0x00, 0x00, 0x00, 0x00, 0x00, 0x00, 0x00, 0x00,
    0x00, 0x00, 0x00, 0x00, 0x00, 0x00, 0x00, 0x00, 0x00, 0x00, 0x00, 0x00, 0x00, 0x00, 0x00, 0x00,
    0x00, 0x00, 0x00, 0x00, 0x00, 0x00, 0x00, 0x00, 0x00, 0x00, 0x00, 0x00, 0x00, 0x00, 0x00, 0x00,
    0x00, 0x00, 0x00, 0x00, 0x00, 0x00, 0x00, 0x00, 0x00, 0x00, 0x00, 0x00, 0x00, 0x00, 0x00, 0x00,
    0x00, 0x00, 0x00, 0x00, 0x00, 0x00, 0x02, 0x00, 0x00, 0x00, 0x00, 0x00, 0x01, 0x00, 0x03, 0x00,
    0x00, 0x00, 0x00, 0x00, 0x00, 0x00, 0x00, 0x00, 0x00, 0x00, 0x00, 0x00, 0x00, 0x00, 0x00, 0x00,
    0x00, 0x00, 0x00, 0x00, 0x00, 0x00, 0x00, 0x00, 0x00, 0x00, 0x00, 0x00, 0x00, 0x00, 0x00, 0x00,
    0x00, 0x00, 0x04, 0x00, 0x00, 0x00, 0x4E, 0x03, 0x03, 0x00, 0x00, 0x00, 0x28, 0x00, 0xEF, 0x01,
    0x01, 0x00, 0x13, 0x00, 0xDA, 0x00, 0xFF, 0x02, 0x03, 0x00, 0xBE, 0x00, 0xFF, 0x03, 0xFC, 0x00,
    0x00, 0x00, 0x00, 0x00, 0x00, 0x00, 0x03, 0x03, 0x00, 0x00, 0x00, 0x00, 0x00, 0x00, 0x01, 0x01,
    0x00, 0x00, 0x00, 0x00, 0x00, 0x01, 0x02, 0x02, 0x00, 0x00, 0x00, 0x01, 0x02, 0x03, 0x00, 0x00,
    0xFF, 0x01, 0xFB, 0x00, 0xFF, 0x08, 0xFF, 0x95, 0xFD, 0x02, 0xFE, 0x05, 0xFF, 0x2C, 0xFF, 0x83,
    0xFD, 0x00, 0xFF, 0x57, 0xFF, 0x71, 0xFF, 0x46, 0xFF, 0x3E, 0xFF, 0xA8, 0xFF, 0x90, 0xFF, 0x32,
    0x01, 0x02, 0x00, 0x00, 0x08, 0x0C, 0x8D, 0xBF, 0x02, 0x02, 0x05, 0x05, 0x2E, 0x49, 0x7F, 0xAD,
    0x00, 0x00, 0x53, 0x66, 0x70, 0x99, 0x48, 0x6E, 0x3C, 0x4A, 0xA0, 0xCC, 0x8A, 0xB4, 0x37, 0x5C,
    0xFF, 0x87, 0xFF, 0x61, 0xFF, 0x6A, 0xFF, 0x80, 0xFF, 0x8C, 0xFF, 0x63, 0xFF, 0x67, 0xFF, 0x7F,
    0xFF, 0x8E, 0xFF, 0x67, 0xFF, 0x64, 0xFF, 0x7E, 0xFF, 0x7D, 0xFF, 0x73, 0xFF, 0x62, 0xFF, 0x7C,
    0x7E, 0xB5, 0x5B, 0x8D, 0x63, 0x93, 0x79, 0xA7, 0x84, 0xB3, 0x5C, 0x8C, 0x61, 0x8E, 0x78, 0xA4,
    0x86, 0xB1, 0x60, 0x8E, 0x5E, 0x8A, 0x77, 0xA1, 0x78, 0xA1, 0x6B, 0x9A, 0x5C, 0x88, 0x76, 0x9F,
    0xFF, 0x94, 0xFF, 0x9D, 0xFF, 0x9F, 0xFE, 0x66, 0xFF, 0x94, 0xFF, 0x9C, 0xFF, 0x9D, 0xFE, 0x59,
    0xFF, 0x93, 0xFF, 0x99, 0xFF, 0x9B, 0xFE, 0x51, 0xFF, 0x91, 0xFF, 0x96, 0xFF, 0x9D, 0xFF, 0x5D,
    0x8C, 0xBD, 0x95, 0xC9, 0x96, 0xCC, 0x62, 0x8C, 0x8D, 0xBB, 0x94, 0xC6, 0x94, 0xC6, 0x56, 0x7E,
    0x8C, 0xB7, 0x92, 0xBF, 0x93, 0xC0, 0x50, 0x76, 0x8A, 0xB3, 0x8F, 0xB8, 0x95, 0xBF, 0x5A, 0x7E,
    0xFE, 0x5E, 0xFF, 0x62, 0xFF, 0x51, 0xFF, 0x47, 0xFE, 0x58, 0xFF, 0x5F, 0xFF, 0x4E, 0xFF, 0x45,
    0xFF, 0x50, 0xFF, 0x60, 0xFF, 0x4E, 0xFF, 0x46, 0xFF, 0x30, 0xFF, 0x6B, 0xFF, 0x53, 0xFF, 0x49,
    0x59, 0x83, 0x5B, 0x8C, 0x4B, 0x7D, 0x42, 0x75, 0x54, 0x7C, 0x59, 0x87, 0x49, 0x78, 0x41, 0x70,
    0x4D, 0x73, 0x5A, 0x85, 0x49, 0x74, 0x41, 0x6D, 0x31, 0x52, 0x65, 0x8A, 0x4E, 0x74, 0x45, 0x6A,
    0xFF, 0x42, 0xFF, 0x40, 0xFF, 0x3F, 0xFF, 0x3C, 0xFF, 0x41, 0xFF, 0x3E, 0xFF, 0x3C, 0xFF, 0x3A,
    0xFF, 0x41, 0xFF, 0x3D, 0xFF, 0x3B, 0xFF, 0x38, 0xFF, 0x44, 0xFF, 0x40, 0xFF, 0x3C, 0xFF, 0x39,
    0x3E, 0x6F, 0x3C, 0x6D, 0x3B, 0x6B, 0x38, 0x67, 0x3D, 0x6B, 0x3A, 0x68, 0x38, 0x64, 0x36, 0x60,
    0x3D, 0x67, 0x3A, 0x62, 0x37, 0x5D, 0x35, 0x57, 0x40, 0x64, 0x3C, 0x5D, 0x39, 0x57, 0x36, 0x50,
    0xFF, 0x3B, 0xFF, 0x39, 0xFF, 0x38, 0xFF, 0x38, 0xFF, 0x38, 0xFF, 0x36, 0xFF, 0x33, 0xFF, 0x36,
    0xFF, 0x34, 0xFF, 0x32, 0xFF, 0x32, 0xFF, 0x30, 0xFF, 0x34, 0xFF, 0x32, 0xFF, 0x32, 0xFF, 0x3C,
    0x37, 0x64, 0x35, 0x5E, 0x34, 0x5A, 0x35, 0x54, 0x34, 0x5B, 0x33, 0x55, 0x30, 0x4E, 0x33, 0x4F,
    0x31, 0x50, 0x2F, 0x4A, 0x30, 0x47, 0x2E, 0x42, 0x32, 0x49, 0x30, 0x44, 0x30, 0x42, 0x39, 0x4D,
    0xFD, 0x0D, 0xFF, 0x00, 0xEB, 0x00, 0x3F, 0x00, 0xFF, 0x33, 0xFE, 0x0E, 0xFF, 0x02, 0xFE, 0x00,
    0xFF, 0x36, 0xFF, 0x35, 0xFE, 0x07, 0xFF, 0x06, 0xFF, 0x2E, 0xFF, 0x06, 0xFF, 0x26, 0xFE, 0x75,
    0x0C, 0x12, 0x00, 0x00, 0x00, 0x00, 0x00, 0x00, 0x31, 0x46, 0x0E, 0x14, 0x02, 0x02, 0x00, 0x00,
    0x33, 0x49, 0x33, 0x44, 0x07, 0x08, 0x06, 0x05, 0x2D, 0x39, 0x07, 0x06, 0x26, 0x27, 0x74, 0x78,
    0x12, 0x1C, 0x81, 0x03, 0xFE, 0x00, 0xFD, 0x00, 0xF2, 0x00, 0xFF, 0x00, 0xFF, 0x0A, 0xFF, 0x20,
    0xFF, 0x2B, 0xFE, 0x53, 0xFF, 0x78, 0xFF, 0x8F, 0xFE, 0x97, 0xFF, 0x8B, 0xFF, 0x86, 0xFF, 0x88,
    0x1C, 0x1C, 0x03, 0x03, 0x00, 0x00, 0x00, 0x00, 0x00, 0x00, 0x00, 0x00, 0x0A, 0x09, 0x20, 0x1C,
    0x2A, 0x2C, 0x53, 0x54, 0x78, 0x78, 0x8F, 0x8E, 0x95, 0x99, 0x8B, 0x8C, 0x85, 0x86, 0x86, 0x8A,
    0xFF, 0x00, 0xFF, 0x00, 0xFF, 0x00, 0xFF, 0x07, 0xFF, 0x37, 0xFF, 0x56, 0xFF, 0x6E, 0xFF, 0x7B,
    0xFF, 0x99, 0xFF, 0x98, 0xFF, 0x8D, 0xFF, 0x85, 0xFF, 0x83, 0xFF, 0x79, 0xFF, 0x71, 0xFF, 0x6C,
    0x00, 0x00, 0x00, 0x00, 0x00, 0x00, 0x08, 0x06, 0x37, 0x33, 0x55, 0x53, 0x6C, 0x6F, 0x79, 0x80,
    0x98, 0x9A, 0x96, 0x9C, 0x8A, 0x93, 0x81, 0x89, 0x81, 0x88, 0x76, 0x80, 0x6E, 0x76, 0x67, 0x6B,
    0xFF, 0x19, 0xFF, 0x2A, 0xFF, 0x3A, 0xFF, 0x48, 0xFF, 0x85, 0xFF, 0x86, 0xFF, 0x81, 0xFF, 0x84,
    0xFF, 0x78, 0xFF, 0x71, 0xFF, 0x71, 0xFF, 0x58, 0xFF, 0x6B, 0xFF, 0x5C, 0xFF, 0x34, 0xFF, 0x23,
    0x18, 0x16, 0x28, 0x27, 0x38, 0x39, 0x45, 0x46, 0x81, 0x8A, 0x81, 0x89, 0x7C, 0x81, 0x7D, 0x80,
    0x73, 0x79, 0x6B, 0x6D, 0x6A, 0x69, 0x52, 0x50, 0x64, 0x65, 0x56, 0x54, 0x32, 0x2F, 0x21, 0x1F,
    0xFF, 0x55, 0xFF, 0x67, 0xFF, 0x71, 0xFF, 0x65, 0xFF, 0x82, 0xFF, 0x66, 0xFF, 0x3F, 0xFF, 0x38,
    0xFF, 0x2C, 0xFF, 0x28, 0xFF, 0x48, 0xFF, 0x64, 0xFF, 0x42, 0xFF, 0x60, 0xFF, 0x66, 0xFF, 0x69,
    0x52, 0x52, 0x62, 0x62, 0x6A, 0x6A, 0x5E, 0x5E, 0x7A, 0x7B, 0x5F, 0x5F, 0x3C, 0x3B, 0x34, 0x33,
    0x2B, 0x28, 0x26, 0x25, 0x40, 0x40, 0x55, 0x55, 0x3B, 0x3B, 0x52, 0x52, 0x55, 0x52, 0x57, 0x4F,
    0xFF, 0x4A, 0xFF, 0x36, 0xFF, 0x3C, 0xFF, 0x55, 0xFF, 0x48, 0xFF, 0x62, 0xFF, 0x75, 0xFF, 0x7B,
    0xFF, 0x6D, 0xFF, 0x6E, 0xFF, 0x73, 0xFF, 0x7D, 0xFF, 0x75, 0xFF, 0x82, 0xFF, 0x8C, 0xFF, 0x91,
    0x45, 0x44, 0x33, 0x31, 0x37, 0x35, 0x4C, 0x4A, 0x41, 0x41, 0x54, 0x54, 0x63, 0x61, 0x65, 0x62,
    0x5A, 0x59, 0x5B, 0x55, 0x5D, 0x52, 0x64, 0x53, 0x5E, 0x4F, 0x67, 0x52, 0x6D, 0x51, 0x70, 0x4E,
    0xFF, 0x6E, 0xFF, 0x7F, 0xFF, 0x89, 0xFF, 0x8E, 0xFF, 0x7D, 0xFF, 0x81, 0xFF, 0x85, 0xFF, 0x8B,
    0xFF, 0x87, 0xFF, 0x8D, 0xFF, 0x92, 0xFF, 0x96, 0xFF, 0x95, 0xFF, 0x98, 0xFF, 0x9B, 0xFF, 0x9E,
    0x5F, 0x5C, 0x6B, 0x66, 0x72, 0x6A, 0x74, 0x69, 0x66, 0x5E, 0x67, 0x5B, 0x69, 0x59, 0x6B, 0x57,
    0x69, 0x53, 0x6C, 0x51, 0x6E, 0x4E, 0x70, 0x4C, 0x71, 0x4A, 0x71, 0x46, 0x72, 0x42, 0x72, 0x40,
    0xFF, 0x92, 0xFF, 0x96, 0xFF, 0x99, 0xFF, 0x9A, 0xFF, 0x8F, 0xFF, 0x92, 0xFF, 0x95, 0xFF, 0x96,
    0xFF, 0x98, 0xFF, 0x99, 0xFF, 0x99, 0xFF, 0x99, 0xFF, 0xA0, 0xFF, 0xA1, 0xFF, 0xA1, 0xFF, 0xA0,
    0x75, 0x69, 0x78, 0x67, 0x79, 0x66, 0x79, 0x65, 0x6D, 0x56, 0x6F, 0x56, 0x71, 0x56, 0x72, 0x56,
    0x71, 0x4B, 0x72, 0x4A, 0x72, 0x4A, 0x72, 0x4A, 0x73, 0x3F, 0x74, 0x3E, 0x73, 0x3D, 0x72, 0x3D,
    0xFF, 0x9A, 0xFF, 0x99, 0xFF, 0x93, 0xFF, 0x89, 0xFF, 0x98, 0xFF, 0x9B, 0xFF, 0x9D, 0xFF, 0x98,
    0xFF, 0x9A, 0xFF, 0x9B, 0xFF, 0x9D, 0xFF, 0x9B, 0xFF, 0x9F, 0xFF, 0x9F, 0xFF, 0x9E, 0xFF, 0x9E,
    0x7A, 0x64, 0x7A, 0x64, 0x77, 0x62, 0x70, 0x60, 0x73, 0x56, 0x77, 0x58, 0x79, 0x59, 0x76, 0x5A,
    0x72, 0x49, 0x74, 0x4A, 0x76, 0x4B, 0x75, 0x4C, 0x72, 0x3D, 0x72, 0x3D, 0x72, 0x3F, 0x74, 0x41,
    0xFF, 0x7D, 0xFF, 0x70, 0xFF, 0x3F, 0xFF, 0x56, 0xFF, 0x8F, 0xFF, 0x88, 0xFF, 0x68, 0xFF, 0x4D,
    0xFF, 0x94, 0xFF, 0x84, 0xFF, 0x79, 0xFF, 0x3E, 0xFF, 0x9C, 0xFF, 0x8E, 0xFF, 0x7D, 0xFF, 0x5F,
    0x6A, 0x60, 0x64, 0x60, 0x3C, 0x39, 0x55, 0x51, 0x71, 0x5D, 0x71, 0x68, 0x5C, 0x5A, 0x4C, 0x4A,
    0x71, 0x4E, 0x68, 0x51, 0x64, 0x5C, 0x38, 0x37, 0x74, 0x44, 0x6D, 0x48, 0x64, 0x4F, 0x51, 0x4B,
    0xFF, 0x53, 0xFF, 0x42, 0xFF, 0x2E, 0xFF, 0x1B, 0xFF, 0x91, 0xFF, 0xA2, 0xFF, 0xA8, 0xFF, 0x9D,
    0xFF, 0x55, 0xFF, 0x86, 0xFF, 0x9D, 0xFF, 0xA8, 0xFF, 0x30, 0xFF, 0x6C, 0xFF, 0x8A, 0xFF, 0xA1,
    0x52, 0x50, 0x41, 0x3F, 0x2D, 0x2A, 0x1A, 0x17, 0x8E, 0x8C, 0xA2, 0xA1, 0xA9, 0xA6, 0x9E, 0x9B,
    0x53, 0x51, 0x85, 0x82, 0x9F, 0x99, 0xAA, 0xA4, 0x2E, 0x2E, 0x68, 0x67, 0x8A, 0x86, 0xA4, 0x9E,
    0xFF, 0x08, 0xFF, 0x00, 0xFF, 0x00, 0xFF, 0x01, 0xFF, 0x89, 0xFF, 0x70, 0xFF, 0x47, 0xFF, 0x0D,
    0xFF, 0xAF, 0xFF, 0xA5, 0xFF, 0x9C, 0xFF, 0x6C, 0xFF, 0xA7, 0xFF, 0xA7, 0xFF, 0x93, 0xFF, 0x8C,
    0x09, 0x07, 0x00, 0x00, 0x00, 0x00, 0x04, 0x05, 0x89, 0x88, 0x6F, 0x70, 0x46, 0x46, 0x0E, 0x0A,
    0xB0, 0xAA, 0xA6, 0xA4, 0x9B, 0x9F, 0x6B, 0x6F, 0xAA, 0xA3, 0xA9, 0xA3, 0x93, 0x92, 0x8B, 0x90,
    0xFD, 0x00, 0xFD, 0x00, 0x7E, 0x06, 0x12, 0x1C, 0xFF, 0x1B, 0xFF, 0x0C, 0xFF, 0x00, 0xF2, 0x00,
    0xFF, 0x3E, 0xFF, 0x82, 0xFE, 0x64, 0xFF, 0x2C, 0xFF, 0x60, 0xFF, 0x43, 0xFF, 0xA4, 0xFE, 0xA6,
    0x00, 0x02, 0x00, 0x00, 0x06, 0x04, 0x1C, 0x1C, 0x1A, 0x17, 0x0C, 0x0B, 0x00, 0x00, 0x00, 0x00,
    0x3F, 0x3D, 0x84, 0x80, 0x65, 0x61, 0x2C, 0x2C, 0x5F, 0x62, 0x43, 0x41, 0xA5, 0xA0, 0xA7, 0xA4,
    0x3E, 0x00, 0xEA, 0x00, 0xFF, 0x00, 0xFD, 0x0D, 0xFD, 0x00, 0xFF, 0x02, 0xFE, 0x0F, 0xFF, 0x33,
    0xFF, 0x07, 0xFE, 0x06, 0xFF, 0x33, 0xFF, 0x36, 0xFE, 0x76, 0xFF, 0x28, 0xFF, 0x06, 0xFF, 0x2D,
    0x00, 0x00, 0x00, 0x01, 0x00, 0x00, 0x0C, 0x12, 0x00, 0x00, 0x02, 0x02, 0x0E, 0x14, 0x31, 0x46,
    0x07, 0x05, 0x06, 0x07, 0x31, 0x42, 0x33, 0x49, 0x75, 0x77, 0x27, 0x28, 0x06, 0x06, 0x2B, 0x38,
    0xFF, 0x38, 0xFF, 0x38, 0xFF, 0x39, 0xFF, 0x3B, 0xFF, 0x36, 0xFF, 0x33, 0xFF, 0x36, 0xFF, 0x38,
    0xFF, 0x30, 0xFF, 0x32, 0xFF, 0x32, 0xFF, 0x34, 0xFF, 0x3B, 0xFF, 0x32, 0xFF, 0x32, 0xFF, 0x34,
    0x35, 0x54, 0x34, 0x5A, 0x35, 0x5E, 0x37, 0x64, 0x33, 0x4F, 0x30, 0x4E, 0x33, 0x55, 0x34, 0x5B,
    0x2E, 0x42, 0x30, 0x47, 0x2F, 0x4A, 0x31, 0x50, 0x38, 0x4C, 0x30, 0x42, 0x30, 0x44, 0x32, 0x49,
    0xFF, 0x3C, 0xFF, 0x3F, 0xFF, 0x40, 0xFF, 0x42, 0xFF, 0x3A, 0xFF, 0x3C, 0xFF, 0x3E, 0xFF, 0x41,
    0xFF, 0x38, 0xFF, 0x3B, 0xFF, 0x3D, 0xFF, 0x41, 0xFF, 0x39, 0xFF, 0x3C, 0xFF, 0x40, 0xFF, 0x44,
    0x38, 0x67, 0x3B, 0x6B, 0x3C, 0x6D, 0x3E, 0x6F, 0x36, 0x60, 0x38, 0x64, 0x3A, 0x68, 0x3D, 0x6B,
    0x35, 0x57, 0x37, 0x5D, 0x3A, 0x62, 0x3D, 0x67, 0x36, 0x50, 0x39, 0x57, 0x3C, 0x5D, 0x40, 0x64,
    0xFF, 0x47, 0xFF, 0x51, 0xFF, 0x62, 0xFE, 0x5E, 0xFF, 0x45, 0xFF, 0x4E, 0xFF, 0x5F, 0xFE, 0x58,
    0xFF, 0x46, 0xFF, 0x4E, 0xFF, 0x60, 0xFF, 0x50, 0xFF, 0x49, 0xFF, 0x53, 0xFF, 0x6B, 0xFF, 0x30,
    0x42, 0x75, 0x4B, 0x7D, 0x5B, 0x8C, 0x59, 0x83, 0x41, 0x70, 0x49, 0x78, 0x59, 0x87, 0x54, 0x7C,
    0x41, 0x6D, 0x49, 0x74, 0x5A, 0x85, 0x4D, 0x74, 0x45, 0x6A, 0x4E, 0x74, 0x65, 0x8A, 0x31, 0x52,
    0xFE, 0x66, 0xFF, 0x9F, 0xFF, 0x9D, 0xFF, 0x94, 0xFE, 0x59, 0xFF, 0x9D, 0xFF, 0x9C, 0xFF, 0x94,
    0xFE, 0x51, 0xFF, 0x9B, 0xFF, 0x99, 0xFF, 0x93, 0xFF, 0x5D, 0xFF, 0x9D, 0xFF, 0x96, 0xFF, 0x91,
    0x62, 0x8C, 0x96, 0xCC, 0x95, 0xC9, 0x8C, 0xBD, 0x56, 0x7E, 0x94, 0xC6, 0x94, 0xC6, 0x8D, 0xBB,
    0x50, 0x76, 0x93, 0xC0, 0x92, 0xBF, 0x8C, 0xB7, 0x5A, 0x7E, 0x95, 0xBF, 0x8F, 0xB8, 0x8A, 0xB3,
    0xFF, 0x80, 0xFF, 0x6A, 0xFF, 0x61, 0xFF, 0x87, 0xFF, 0x7F, 0xFF, 0x67, 0xFF, 0x63, 0xFF, 0x8C,
    0xFF, 0x7E, 0xFF, 0x64, 0xFF, 0x67, 0xFF, 0x8E, 0xFF, 0x7C, 0xFF, 0x62, 0xFF, 0x73, 0xFF, 0x7D,
    0x79, 0xA7, 0x63, 0x93, 0x5B, 0x8D, 0x7E, 0xB5, 0x78, 0xA4, 0x61, 0x8E, 0x5C, 0x8C, 0x84, 0xB3,
    0x77, 0xA1, 0x5E, 0x8A, 0x60, 0x8E, 0x86, 0xB1, 0x76, 0x9F, 0x5C, 0x88, 0x6B, 0x9A, 0x78, 0xA1,
    0xFF, 0x95, 0xFF, 0x08, 0xFB, 0x00, 0xFF, 0x01, 0xFF, 0x83, 0xFF, 0x2C, 0xFE, 0x05, 0xFD, 0x02,
    0xFF, 0x46, 0xFF, 0x71, 0xFF, 0x57, 0xFD, 0x00, 0xFF, 0x32, 0xFF, 0x90, 0xFF, 0xA8, 0xFF, 0x3E,
    0x8D, 0xBF, 0x08, 0x0C, 0x00, 0x00, 0x01, 0x02, 0x7F, 0xAD, 0x2E, 0x49, 0x05, 0x05, 0x02, 0x02,
    0x48, 0x6E, 0x70, 0x99, 0x53, 0x66, 0x00, 0x00, 0x37, 0x5C, 0x8A, 0xB4, 0xA0, 0xCC, 0x3C, 0x4A,
    0x4E, 0x03, 0x00, 0x00, 0x04, 0x00, 0x00, 0x00, 0xEF, 0x01, 0x28, 0x00, 0x00, 0x00, 0x03, 0x00,
    0xFF, 0x02, 0xDA, 0x00, 0x13, 0x00, 0x01, 0x00, 0xFC, 0x00, 0xFF, 0x03, 0xBE, 0x00, 0x03, 0x00,
    0x03, 0x03, 0x00, 0x00, 0x00, 0x00, 0x00, 0x00, 0x01, 0x01, 0x00, 0x00, 0x00, 0x00, 0x00, 0x00,
    0x02, 0x02, 0x00, 0x01, 0x00, 0x00, 0x00, 0x00, 0x00, 0x00, 0x02, 0x03, 0x00, 0x01, 0x00, 0x00,
    0x00, 0x00, 0x00, 0x00, 0x00, 0x00, 0x00, 0x00, 0x00, 0x00, 0x00, 0x00, 0x00, 0x00, 0x00, 0x00,
    0x02, 0x00, 0x00, 0x00, 0x00, 0x00, 0x00, 0x00, 0x03, 0x00, 0x01, 0x00, 0x00, 0x00, 0x00, 0x00,
    0x00, 0x00, 0x00, 0x00, 0x00, 0x00, 0x00, 0x00, 0x00, 0x00, 0x00, 0x00, 0x00, 0x00, 0x00, 0x00,
    0x00, 0x00, 0x00, 0x00, 0x00, 0x00, 0x00, 0x00, 0x00, 0x00, 0x00, 0x00, 0x00, 0x00, 0x00, 0x00,
    0x00, 0x00, 0x00, 0x00, 0x00, 0x00, 0x00, 0x00, 0x00, 0x00, 0x00, 0x00, 0x00, 0x00, 0x00, 0x00,
    0x00, 0x00, 0x00, 0x00, 0x00, 0x00, 0x00, 0x00, 0x00, 0x00, 0x00, 0x00, 0x00, 0x00, 0x00, 0x00,
    0x00, 0x00, 0x00, 0x00, 0x00, 0x00, 0x00, 0x00, 0x00, 0x00, 0x00, 0x00, 0x00, 0x00, 0x00, 0x00,
    0x00, 0x00, 0x00, 0x00, 0x00, 0x00, 0x00, 0x00, 0x00, 0x00, 0x00, 0x00, 0x00, 0x00, 0x00, 0x00,
    0x00, 0x00, 0x00, 0x00, 0x00, 0x00, 0x00, 0x00, 0x00, 0x00, 0x00, 0x00, 0x00, 0x00, 0x00, 0x00,
    0x00, 0x00, 0x00, 0x00, 0x00, 0x00, 0x00, 0x00, 0x00, 0x00, 0x00, 0x00, 0x00, 0x00, 0x00, 0x00,
    0x00, 0x00, 0x00, 0x00, 0x00, 0x00, 0x00, 0x00, 0x00, 0x00, 0x00, 0x00, 0x00, 0x00, 0x00, 0x00,
    0x00, 0x00, 0x00, 0x00, 0x00, 0x00, 0x00, 0x00, 0x00, 0x00, 0x00, 0x00, 0x00, 0x00, 0x00, 0x00,
    0x00, 0x00, 0x00, 0x00, 0x03, 0x00, 0x00, 0x00, 0x00, 0x00, 0x03, 0x00, 0x00, 0x00, 0x49, 0x03,
    0x01, 0x00, 0x01, 0x00, 0x07, 0x00, 0xD9, 0x02, 0x04, 0x00, 0x00, 0x00, 0x5E, 0x02, 0xFF, 0x02,
    0x00, 0x00, 0x00, 0x00, 0x00, 0x00, 0x00, 0x00, 0x00, 0x00, 0x00, 0x00, 0x00, 0x00, 0x03, 0x03,
    0x00, 0x00, 0x00, 0x00, 0x00, 0x24, 0x02, 0x02, 0x00, 0x00, 0x00, 0x00, 0x02, 0x05, 0x02, 0x03,
    0x91, 0x01, 0xFF, 0x02, 0xFA, 0x00, 0xFF, 0x23, 0xFF, 0x02, 0xFB, 0x00, 0xFF, 0x1A, 0xFE, 0x55,
    0xFE, 0x01, 0xFD, 0x07, 0xFF, 0x8F, 0xFF, 0x62, 0xFC, 0x00, 0xFF, 0x5C, 0xFF, 0xC7, 0xFF, 0x68,
    0x01, 0x01, 0x02, 0x03, 0x00, 0x00, 0x23, 0x2D, 0x01, 0x02, 0x00, 0x00, 0x19, 0x1F, 0x56, 0x7A,
    0x01, 0x02, 0x07, 0x09, 0x87, 0xB0, 0x61, 0x8E, 0x00, 0x00, 0x57, 0x76, 0xBB, 0xFA, 0x65, 0x93,
    0xFF, 0xB2, 0xFF, 0xA4, 0xFF, 0x8B, 0xFF, 0x3D, 0xFF, 0xB3, 0xFF, 0x9C, 0xFF, 0x77, 0xFF, 0x5B,
    0xFF, 0x8F, 0xFF, 0xA2, 0xFF, 0x74, 0xFF, 0x74, 0xFF, 0x6A, 0xFF, 0xAD, 0xFF, 0x7A, 0xFF, 0x77,
    0xAA, 0xD6, 0x9C, 0xCD, 0x83, 0xAE, 0x40, 0x64, 0xAA, 0xDD, 0x93, 0xC6, 0x70, 0x9A, 0x59, 0x7F,
    0x89, 0xB9, 0x98, 0xCD, 0x6D, 0x9A, 0x6E, 0x96, 0x68, 0x95, 0xA2, 0xDA, 0x72, 0xA3, 0x70, 0x9A,
    0xFF, 0x57, 0xFF, 0x83, 0xFF, 0x63, 0xFF, 0x77, 0xFF, 0x34, 0xFF, 0x85, 0xFF, 0x6F, 0xFF, 0x6F,
    0xFF, 0x33, 0xFF, 0x65, 0xFF, 0x82, 0xFF, 0x6A, 0xFF, 0x56, 0xFF, 0x38, 0xFF, 0x85, 0xFF, 0x6C,
    0x57, 0x80, 0x7B, 0xAB, 0x5D, 0x8B, 0x71, 0x9B, 0x39, 0x5F, 0x7D, 0xAC, 0x68, 0x97, 0x68, 0x94,
    0x38, 0x5D, 0x63, 0x8E, 0x7A, 0xA9, 0x64, 0x90, 0x55, 0x7C, 0x3D, 0x62, 0x7E, 0xAB, 0x65, 0x92,
    0xFF, 0x90, 0xFF, 0x95, 0xFF, 0x9C, 0xFF, 0x8C, 0xFF, 0x8A, 0xFF, 0x94, 0xFF, 0x98, 0xFF, 0x9C,
    0xFF, 0x7C, 0xFF, 0x8F, 0xFF, 0x96, 0xFF, 0x99, 0xFF, 0x6D, 0xFF, 0x7C, 0xFF, 0x8A, 0xFF, 0x90,
    0x89, 0xB1, 0x8E, 0xB6, 0x95, 0xBF, 0x86, 0xAC, 0x83, 0xAC, 0x8D, 0xB4, 0x92, 0xBA, 0x95, 0xBD,
    0x76, 0x9E, 0x89, 0xAE, 0x90, 0xB4, 0x93, 0xB8, 0x67, 0x8E, 0x76, 0x99, 0x84, 0xA4, 0x8B, 0xA9,
    0xFF, 0x26, 0xFF, 0x30, 0xFF, 0x62, 0xFF, 0x56, 0xFF, 0x80, 0xFF, 0x22, 0xFF, 0x16, 0xFF, 0x46,
    0xFF, 0x99, 0xFF, 0x8B, 0xFF, 0x45, 0xFF, 0x16, 0xFF, 0x94, 0xFF, 0x94, 0xFF, 0x92, 0xFF, 0x7A,
    0x29, 0x48, 0x30, 0x4D, 0x5D, 0x7D, 0x52, 0x73, 0x7B, 0x9E, 0x23, 0x40, 0x15, 0x25, 0x43, 0x55,
    0x93, 0xB6, 0x85, 0xA5, 0x44, 0x58, 0x16, 0x18, 0x8F, 0xAB, 0x8F, 0xA8, 0x8E, 0xA4, 0x77, 0x86,
    0xFF, 0x49, 0xFF, 0x43, 0xFF, 0x3F, 0xFF, 0x3B, 0xFF, 0x55, 0xFF, 0x50, 0xFF, 0x47, 0xFF, 0x42,
    0xFF, 0x13, 0xFF, 0x2B, 0xFF, 0x3E, 0xFF, 0x42, 0xFF, 0x49, 0xFF, 0x1F, 0xFF, 0x0D, 0xFF, 0x08,
    0x45, 0x63, 0x40, 0x5A, 0x3C, 0x53, 0x38, 0x4C, 0x52, 0x6A, 0x4D, 0x62, 0x45, 0x55, 0x3F, 0x4D,
    0x13, 0x17, 0x2A, 0x33, 0x3C, 0x45, 0x41, 0x49, 0x49, 0x4D, 0x1F, 0x20, 0x0D, 0x0D, 0x0A, 0x07,
    0xFF, 0x38, 0xFF, 0x36, 0xFF, 0x3E, 0xFF, 0x29, 0xFF, 0x40, 0xFF, 0x43, 0xFF, 0x23, 0xFF, 0x03,
    0xFF, 0x3E, 0xFF, 0x1A, 0xFF, 0x05, 0xFF, 0x52, 0xFF, 0x08, 0xFF, 0x16, 0xFF, 0x57, 0xFF, 0x77,
    0x36, 0x46, 0x34, 0x42, 0x3C, 0x4C, 0x28, 0x2F, 0x3E, 0x4A, 0x41, 0x4D, 0x22, 0x26, 0x04, 0x01,
    0x3C, 0x45, 0x1A, 0x1C, 0x06, 0x03, 0x50, 0x55, 0x08, 0x05, 0x16, 0x14, 0x56, 0x5B, 0x75, 0x7B,
    0xFF, 0x04, 0xFF, 0x3F, 0xFF, 0x85, 0xFF, 0x8E, 0xFF, 0x4E, 0xFF, 0x84, 0xFF, 0x7E, 0xFF, 0x76,
    0xFF, 0x7E, 0xFF, 0x76, 0xFF, 0x6F, 0xFF, 0x6B, 0xFF, 0x6E, 0xFF, 0x6B, 0xFF, 0x67, 0xFF, 0x6B,
    0x04, 0x02, 0x3E, 0x41, 0x83, 0x8A, 0x8D, 0x90, 0x4D, 0x51, 0x81, 0x89, 0x7D, 0x80, 0x76, 0x77,
    0x7C, 0x83, 0x75, 0x78, 0x6F, 0x70, 0x6B, 0x6D, 0x6E, 0x70, 0x6A, 0x6C, 0x66, 0x68, 0x69, 0x6E,
    0xFF, 0x7C, 0xFF, 0x77, 0xFF, 0x7C, 0xFF, 0x79, 0xFF, 0x73, 0xFF, 0x74, 0xFF, 0x6F, 0xFF, 0x64,
    0xFF, 0x6C, 0xFF, 0x6C, 0xFF, 0x61, 0xFF, 0x57, 0xFF, 0x6E, 0xFF, 0x61, 0xFF, 0x57, 0xFF, 0x5D,
    0x7C, 0x7B, 0x77, 0x78, 0x7B, 0x7F, 0x77, 0x7F, 0x73, 0x75, 0x72, 0x77, 0x6D, 0x75, 0x61, 0x69,
    0x6B, 0x70, 0x6A, 0x73, 0x5E, 0x68, 0x54, 0x58, 0x6B, 0x73, 0x5F, 0x69, 0x54, 0x58, 0x58, 0x57,
    0xFF, 0x70, 0xFF, 0x63, 0xFF, 0x62, 0xFF, 0x61, 0xFF, 0x59, 0xFF, 0x5F, 0xFF, 0x53, 0xFF, 0x29,
    0xFF, 0x5F, 0xFF, 0x44, 0xFF, 0x26, 0xFF, 0x42, 0xFF, 0x39, 0xFF, 0x2A, 0xFF, 0x52, 0xFF, 0x5C,
    0x6D, 0x76, 0x60, 0x67, 0x5D, 0x5F, 0x5A, 0x59, 0x56, 0x5A, 0x59, 0x59, 0x4E, 0x4B, 0x27, 0x24,
    0x5A, 0x59, 0x40, 0x3D, 0x25, 0x22, 0x3C, 0x3B, 0x36, 0x34, 0x28, 0x26, 0x49, 0x49, 0x4F, 0x4F,
    0xFF, 0x3D, 0xFF, 0x25, 0xFF, 0x3B, 0xFF, 0x57, 0xFF, 0x30, 0xFF, 0x52, 0xFF, 0x5E, 0xFF, 0x64,
    0xFF, 0x5C, 0xFF, 0x5F, 0xFF, 0x6D, 0xFF, 0x7F, 0xFF, 0x63, 0xFF, 0x76, 0xFF, 0x88, 0xFF, 0x94,
    0x3A, 0x37, 0x23, 0x21, 0x35, 0x35, 0x4B, 0x4B, 0x2C, 0x2B, 0x47, 0x47, 0x4F, 0x4E, 0x53, 0x4C,
    0x4F, 0x4F, 0x50, 0x4C, 0x5A, 0x4E, 0x67, 0x51, 0x53, 0x4D, 0x62, 0x51, 0x6E, 0x52, 0x75, 0x4F,
    0xFF, 0x61, 0xFF, 0x67, 0xFF, 0x76, 0xFF, 0x86, 0xFF, 0x74, 0xFF, 0x88, 0xFF, 0x97, 0xFF, 0x9C,
    0xFF, 0x91, 0xFF, 0x9D, 0xFF, 0xA1, 0xFF, 0xA2, 0xFF, 0x9D, 0xFF, 0xA2, 0xFF, 0xA8, 0xFF, 0xB4,
    0x51, 0x4E, 0x54, 0x4C, 0x60, 0x50, 0x6B, 0x52, 0x5F, 0x4F, 0x6D, 0x54, 0x77, 0x53, 0x7A, 0x4E,
    0x73, 0x52, 0x7C, 0x50, 0x7C, 0x49, 0x78, 0x42, 0x79, 0x4A, 0x7A, 0x44, 0x79, 0x3E, 0x7E, 0x3B,
    0xFF, 0x90, 0xFF, 0x96, 0xFF, 0x99, 0xFF, 0x9C, 0xFF, 0x9D, 0xFF, 0xA0, 0xFF, 0xA6, 0xFF, 0xAE,
    0xFF, 0xA8, 0xFF, 0xB1, 0xFF, 0xBA, 0xFF, 0xC2, 0xFF, 0xBD, 0xFF, 0xC5, 0xFF, 0xCD, 0xFF, 0xC8,
    0x72, 0x50, 0x74, 0x4D, 0x74, 0x48, 0x74, 0x43, 0x77, 0x47, 0x77, 0x42, 0x78, 0x3F, 0x7B, 0x3B,
    0x79, 0x3E, 0x7C, 0x3A, 0x81, 0x37, 0x84, 0x34, 0x81, 0x37, 0x85, 0x33, 0x89, 0x30, 0x85, 0x2E,
    0xFF, 0xA1, 0xFF, 0xA7, 0xFF, 0xAC, 0xFF, 0xB2, 0xFF, 0xB7, 0xFF, 0xBF, 0xFF, 0xC0, 0xFF, 0xB9,
    0xFF, 0xC1, 0xFF, 0xAF, 0xFF, 0x9A, 0xFF, 0x8E, 0xFF, 0xBE, 0xFF, 0xBA, 0xFF, 0xBF, 0xFF, 0xC6,
    0x75, 0x40, 0x77, 0x3D, 0x79, 0x3A, 0x7B, 0x39, 0x7F, 0x39, 0x82, 0x37, 0x81, 0x35, 0x7C, 0x32,
    0x81, 0x31, 0x75, 0x2D, 0x67, 0x29, 0x5F, 0x26, 0x7C, 0x2B, 0x79, 0x29, 0x7C, 0x2A, 0x7F, 0x2D,
    0xFF, 0xB8, 0xFF, 0xBD, 0xFF, 0xBE, 0xFF, 0xBB, 0xFF, 0xAC, 0xFF, 0x9C, 0xFF, 0x8D, 0xFF, 0x81,
    0xFF, 0x8C, 0xFF, 0x8F, 0xFF, 0x91, 0xFF, 0x98, 0xFF, 0xC7, 0xFF, 0xC2, 0xFF, 0xC1, 0xFF, 0xAD,
    0x7E, 0x38, 0x80, 0x38, 0x80, 0x38, 0x7F, 0x39, 0x74, 0x2F, 0x69, 0x2B, 0x60, 0x29, 0x58, 0x26,
    0x5D, 0x25, 0x5F, 0x26, 0x61, 0x28, 0x65, 0x2C, 0x80, 0x2F, 0x7E, 0x30, 0x7E, 0x34, 0x73, 0x32,
    0xFF, 0xB6, 0xFF, 0xB1, 0xFF, 0xB1, 0xFF, 0xAD, 0xFF, 0x78, 0xFF, 0x7C, 0xFF, 0x73, 0xFF, 0x92,
    0xFF, 0x9E, 0xFF, 0x83, 0xFF, 0x5E, 0xFF, 0x92, 0xFF, 0x84, 0xFF, 0x84, 0xFF, 0xAB, 0xFF, 0xB4,
    0x7C, 0x39, 0x7A, 0x39, 0x7B, 0x3C, 0x7A, 0x3D, 0x52, 0x25, 0x55, 0x27, 0x50, 0x25, 0x66, 0x31,
    0x6B, 0x30, 0x59, 0x29, 0x42, 0x1F, 0x67, 0x31, 0x5A, 0x29, 0x5C, 0x2B, 0x78, 0x39, 0x7F, 0x3F,
    0xFF, 0xA5, 0xFF, 0x97, 0xFF, 0x80, 0xFF, 0x6E, 0xFF, 0xB0, 0xFF, 0x9E, 0xFF, 0x86, 0xFF, 0x70,
    0xFF, 0xB0, 0xFF, 0x9E, 0xFF, 0x85, 0xFF, 0x6C, 0xFF, 0xA7, 0xFF, 0x98, 0xFF, 0x7D, 0xFF, 0x68,
    0x76, 0x3F, 0x70, 0x42, 0x63, 0x45, 0x5B, 0x4F, 0x7D, 0x3F, 0x73, 0x40, 0x65, 0x43, 0x5B, 0x4C,
    0x7E, 0x3F, 0x73, 0x3F, 0x64, 0x41, 0x57, 0x49, 0x78, 0x3E, 0x70, 0x40, 0x5F, 0x42, 0x55, 0x4A,
    0xFF, 0x31, 0xFF, 0x50, 0xFF, 0x7C, 0xFF, 0x99, 0xFF, 0x42, 0xFF, 0x3C, 0xFF, 0x73, 0xFF, 0x8A,
    0xFF, 0x4E, 0xFF, 0x35, 0xFF, 0x71, 0xFF, 0x7F, 0xFF, 0x4E, 0xFF, 0x31, 0xFF, 0x70, 0xFF, 0x78,
    0x2C, 0x2A, 0x4E, 0x4D, 0x7A, 0x78, 0x9B, 0x95, 0x39, 0x36, 0x3A, 0x39, 0x70, 0x70, 0x8A, 0x89,
    0x44, 0x41, 0x34, 0x33, 0x6F, 0x70, 0x7F, 0x7F, 0x45, 0x43, 0x31, 0x31, 0x6E, 0x71, 0x77, 0x78,
    0xFF, 0xA4, 0xFF, 0xA6, 0xFF, 0xA2, 0xFF, 0x85, 0xFF, 0xA1, 0xFF, 0xA1, 0xFF, 0xA0, 0xFF, 0x95,
    0xFF, 0x98, 0xFF, 0x9D, 0xFF, 0x9B, 0xFF, 0x9A, 0xFF, 0x8A, 0xFF, 0x93, 0xFF, 0x8D, 0xFF, 0x90,
    0xA6, 0xA0, 0xA7, 0xA1, 0xA2, 0x9E, 0x85, 0x85, 0xA2, 0x9D, 0xA2, 0x9D, 0xA2, 0x9D, 0x96, 0x92,
    0x99, 0x96, 0x9E, 0x9B, 0x9C, 0x98, 0x9B, 0x97, 0x8B, 0x89, 0x92, 0x91, 0x8D, 0x8C, 0x91, 0x8E,
    0xFF, 0x7B, 0xFF, 0x50, 0xFF, 0x3C, 0xFF, 0x91, 0xFF, 0x75, 0xFF, 0x6D, 0xFF, 0x40, 0xFF, 0x4C,
    0xFF, 0x87, 0xFF, 0x6B, 0xFF, 0x63, 0xFF, 0x34, 0xFF, 0x8D, 0xFF, 0x75, 0xFF, 0x66, 0xFF, 0x53,
    0x7A, 0x7F, 0x4F, 0x52, 0x3E, 0x3B, 0x93, 0x8F, 0x74, 0x75, 0x6C, 0x71, 0x3F, 0x41, 0x4D, 0x4A,
    0x87, 0x85, 0x6A, 0x6D, 0x61, 0x67, 0x34, 0x33, 0x8E, 0x8B, 0x75, 0x76, 0x64, 0x69, 0x52, 0x56,
    0xFF, 0x95, 0xFF, 0x88, 0xFF, 0x40, 0xFF, 0x02, 0xFF, 0x8A, 0xFF, 0x88, 0xFF, 0x8C, 0xFF, 0x50,
    0xFF, 0x5E, 0xFF, 0x86, 0xFF, 0x83, 0xFF, 0x85, 0xFF, 0x35, 0xFF, 0x71, 0xFF, 0x7F, 0xFF, 0x76,
    0x95, 0x94, 0x86, 0x8C, 0x3F, 0x42, 0x03, 0x01, 0x8B, 0x87, 0x88, 0x87, 0x8B, 0x90, 0x4F, 0x53,
    0x5F, 0x5C, 0x87, 0x84, 0x83, 0x83, 0x84, 0x89, 0x36, 0x34, 0x72, 0x6F, 0x7F, 0x7D, 0x76, 0x76,
    0xFF, 0x28, 0xFF, 0x3E, 0xFF, 0x36, 0xFF, 0x38, 0xFF, 0x03, 0xFF, 0x22, 0xFF, 0x43, 0xFF, 0x40,
    0xFF, 0x55, 0xFF, 0x06, 0xFF, 0x1A, 0xFF, 0x40, 0xFF, 0x7D, 0xFF, 0x5D, 0xFF, 0x17, 0xFF, 0x08,
    0x27, 0x2F, 0x3B, 0x4C, 0x33, 0x42, 0x35, 0x46, 0x04, 0x01, 0x21, 0x26, 0x41, 0x4D, 0x3E, 0x4A,
    0x54, 0x57, 0x06, 0x04, 0x1A, 0x1C, 0x3E, 0x46, 0x7C, 0x80, 0x5D, 0x60, 0x17, 0x16, 0x09, 0x06,
    0xFF, 0x3B, 0xFF, 0x3F, 0xFF, 0x43, 0xFF, 0x49, 0xFF, 0x41, 0xFF, 0x47, 0xFF, 0x51, 0xFF, 0x55,
    0xFF, 0x44, 0xFF, 0x3E, 0xFF, 0x2B, 0xFF, 0x13, 0xFF, 0x09, 0xFF, 0x0E, 0xFF, 0x20, 0xFF, 0x4A,
    0x38, 0x4C, 0x3C, 0x53, 0x40, 0x5A, 0x45, 0x63, 0x3F, 0x4D, 0x45, 0x55, 0x4D, 0x62, 0x52, 0x6A,
    0x42, 0x4A, 0x3C, 0x45, 0x2A, 0x32, 0x13, 0x17, 0x0B, 0x08, 0x0E, 0x0E, 0x20, 0x21, 0x49, 0x4E,
    0xFF, 0x56, 0xFF, 0x62, 0xFF, 0x30, 0xFF, 0x26, 0xFF, 0x46, 0xFF, 0x16, 0xFF, 0x22, 0xFF, 0x80,
    0xFF, 0x16, 0xFF, 0x45, 0xFF, 0x8B, 0xFF, 0x99, 0xFF, 0x7A, 0xFF, 0x93, 0xFF, 0x94, 0xFF, 0x94,
    0x52, 0x73, 0x5D, 0x7D, 0x30, 0x4D, 0x29, 0x48, 0x43, 0x55, 0x15, 0x25, 0x23, 0x40, 0x7B, 0x9E,
    0x16, 0x18, 0x44, 0x58, 0x85, 0xA4, 0x93, 0xB6, 0x77, 0x86, 0x8E, 0xA4, 0x90, 0xA8, 0x8F, 0xAB,
    0xFF, 0x8C, 0xFF, 0x9C, 0xFF, 0x95, 0xFF, 0x90, 0xFF, 0x9C, 0xFF, 0x98, 0xFF, 0x94, 0xFF, 0x8A,
    0xFF, 0x99, 0xFF, 0x96, 0xFF, 0x8F, 0xFF, 0x7C, 0xFF, 0x90, 0xFF, 0x8A, 0xFF, 0x7C, 0xFF, 0x6D,
    0x86, 0xAC, 0x95, 0xBF, 0x8E, 0xB6, 0x89, 0xB1, 0x95, 0xBD, 0x92, 0xBA, 0x8D, 0xB4, 0x83, 0xAC,
    0x93, 0xB8, 0x90, 0xB4, 0x89, 0xAE, 0x76, 0x9E, 0x8B, 0xA9, 0x84, 0xA4, 0x76, 0x99, 0x67, 0x8E,
    0xFF, 0x77, 0xFF, 0x63, 0xFF, 0x83, 0xFF, 0x57, 0xFF, 0x6F, 0xFF, 0x6F, 0xFF, 0x85, 0xFF, 0x34,
    0xFF, 0x6A, 0xFF, 0x82, 0xFF, 0x65, 0xFF, 0x33, 0xFF, 0x6C, 0xFF, 0x85, 0xFF, 0x38, 0xFF, 0x56,
    0x71, 0x9B, 0x5D, 0x8B, 0x7B, 0xAB, 0x57, 0x80, 0x68, 0x94, 0x68, 0x97, 0x7D, 0xAC, 0x39, 0x5F,
    0x64, 0x90, 0x7A, 0xA9, 0x63, 0x8E, 0x37, 0x5D, 0x65, 0x92, 0x7E, 0xAB, 0x3D, 0x62, 0x55, 0x7C,
    0xFF, 0x3D, 0xFF, 0x8B, 0xFF, 0xA4, 0xFF, 0xB2, 0xFF, 0x5B, 0xFF, 0x77, 0xFF, 0x9C, 0xFF, 0xB3,
    0xFF, 0x74, 0xFF, 0x74, 0xFF, 0xA2, 0xFF, 0x8F, 0xFF, 0x77, 0xFF, 0x7A, 0xFF, 0xAD, 0xFF, 0x6A,
    0x40, 0x64, 0x83, 0xAE, 0x9C, 0xCD, 0xAA, 0xD6, 0x59, 0x7F, 0x70, 0x9A, 0x93, 0xC6, 0xAA, 0xDD,
    0x6E, 0x96, 0x6D, 0x9A, 0x98, 0xCD, 0x89, 0xB9, 0x70, 0x9A, 0x72, 0xA3, 0xA2, 0xDA, 0x68, 0x95,
    0xFF, 0x23, 0xFA, 0x00, 0xFF, 0x02, 0x91, 0x01, 0xFE, 0x55, 0xFF, 0x1A, 0xFB, 0x00, 0xFF, 0x02,
    0xFF, 0x62, 0xFF, 0x8F, 0xFD, 0x07, 0xFE, 0x01, 0xFF, 0x67, 0xFF, 0xC7, 0xFF, 0x5C, 0xFC, 0x00,
    0x23, 0x2D, 0x00, 0x00, 0x02, 0x03, 0x01, 0x01, 0x56, 0x7A, 0x19, 0x1F, 0x00, 0x00, 0x01, 0x02,
    0x61, 0x8E, 0x87, 0xB0, 0x07, 0x09, 0x01, 0x02, 0x65, 0x93, 0xBB, 0xFA, 0x57, 0x76, 0x00, 0x00,
    0x00, 0x00, 0x03, 0x00, 0x00, 0x00, 0x00, 0x00, 0x49, 0x03, 0x00, 0x00, 0x03, 0x00, 0x00, 0x00,
    0xD9, 0x02, 0x07, 0x00, 0x01, 0x00, 0x01, 0x00, 0xFF, 0x02, 0x5E, 0x02, 0x00, 0x00, 0x04, 0x00,
    0x00, 0x00, 0x00, 0x00, 0x00, 0x00, 0x00, 0x00, 0x03, 0x03, 0x00, 0x00, 0x00, 0x00, 0x00, 0x00,
    0x02, 0x02, 0x00, 0x24, 0x00, 0x00, 0x00, 0x00, 0x02, 0x03, 0x02, 0x05, 0x00, 0x00, 0x00, 0x00,
    0x00, 0x00, 0x00, 0x00, 0x00, 0x00, 0x00, 0x00, 0x00, 0x00, 0x00, 0x00, 0x00, 0x00, 0x00, 0x00,
    0x00, 0x00, 0x00, 0x00, 0x00, 0x00, 0x00, 0x00, 0x00, 0x00, 0x00, 0x00, 0x00, 0x00, 0x00, 0x00,
    0x00, 0x00, 0x00, 0x00, 0x00, 0x00, 0x00, 0x00, 0x00, 0x00, 0x00, 0x00, 0x00, 0x00, 0x00, 0x00,
    0x00, 0x00, 0x00, 0x00, 0x00, 0x00, 0x00, 0x00, 0x00, 0x00, 0x00, 0x00, 0x00, 0x00, 0x00, 0x00,
    0x00, 0x00, 0x00, 0x00, 0x00, 0x00, 0x00, 0x00, 0x00, 0x00, 0x00, 0x00, 0x00, 0x00, 0x02, 0x00,
    0x00, 0x00, 0x00, 0x00, 0x00, 0x00, 0x04, 0x00, 0x00, 0x00, 0x00, 0x00, 0x00, 0x00, 0x04, 0x00,
    0x00, 0x00, 0x00, 0x00, 0x00, 0x00, 0x00, 0x00, 0x00, 0x00, 0x00, 0x00, 0x00, 0x00, 0x00, 0x00,
    0x00, 0x00, 0x00, 0x00, 0x00, 0x00, 0x00, 0x00, 0x00, 0x00, 0x00, 0x00, 0x00, 0x00, 0x00, 0x00,
    0x02, 0x00, 0x00, 0x00, 0xC6, 0x03, 0xFE, 0x00, 0x00, 0x00, 0x26, 0x06, 0xFB, 0x04, 0xFE, 0x00,
    0x00, 0x00, 0x64, 0x05, 0xFF, 0x01, 0xFB, 0x00, 0x00, 0x00, 0x99, 0x05, 0xFF, 0x00, 0xFB, 0x0F,
    0x00, 0x00, 0x00, 0x00, 0x02, 0x03, 0x00, 0x00, 0x00, 0x00, 0x06, 0x0D, 0x03, 0x05, 0x00, 0x00,
    0x00, 0x00, 0x05, 0x05, 0x01, 0x01, 0x00, 0x01, 0x00, 0x00, 0x05, 0x06, 0x00, 0x00, 0x0E, 0x16,
    0xFC, 0x15, 0xFF, 0xAC, 0xFF, 0xBB, 0xFF, 0x74, 0xFF, 0x55, 0xFF, 0xC3, 0xFF, 0xAC, 0xFF, 0x85,
    0xFF, 0x88, 0xFF, 0xBF, 0xFF, 0xA7, 0xFF, 0x99, 0xFF, 0x9B, 0xFF, 0xB6, 0xFF, 0xA8, 0xFF, 0xA3,
    0x14, 0x1B, 0xA2, 0xDE, 0xAF, 0xEF, 0x6F, 0x9E, 0x50, 0x6F, 0xB6, 0xFA, 0xA2, 0xDE, 0x7F, 0xB2,
    0x81, 0xB4, 0xB3, 0xF7, 0x9D, 0xD9, 0x90, 0xC7, 0x95, 0xD9, 0xAE, 0xF2, 0x9F, 0xDE, 0x99, 0xD5,
    0xFF, 0x4F, 0xFF, 0xB0, 0xFF, 0x89, 0xFF, 0x70, 0xFF, 0x3F, 0xFF, 0xA0, 0xFF, 0x9D, 0xFF, 0x75,
    0xFF, 0x42, 0xFF, 0x7C, 0xFF, 0xAF, 0xFF, 0x83, 0xFF, 0x5E, 0xFF, 0x50, 0xFF, 0xAF, 0xFF, 0x96,
    0x4F, 0x7A, 0xA4, 0xDE, 0x81, 0xB5, 0x6A, 0x96, 0x41, 0x69, 0x96, 0xCE, 0x94, 0xCD, 0x6E, 0x9C,
    0x44, 0x6E, 0x78, 0xAB, 0xA3, 0xE0, 0x7C, 0xAD, 0x5C, 0x8A, 0x51, 0x7C, 0xA5, 0xE1, 0x8D, 0xC5,
    0xFF, 0x78, 0xFF, 0x31, 0xFF, 0x5E, 0xFF, 0x7E, 0xFF, 0x7B, 0xFF, 0x65, 0xFF, 0x2A, 0xFF, 0x61,
    0xFF, 0x77, 0xFF, 0x84, 0xFF, 0x5F, 0xFF, 0x34, 0xFF, 0x79, 0xFF, 0x7A, 0xFF, 0x83, 0xFF, 0x78,
    0x72, 0x9A, 0x37, 0x5C, 0x5D, 0x85, 0x76, 0xA0, 0x75, 0x9E, 0x62, 0x88, 0x31, 0x56, 0x5F, 0x84,
    0x71, 0x9B, 0x7D, 0xA3, 0x5E, 0x81, 0x39, 0x5D, 0x73, 0x9F, 0x74, 0x9B, 0x7C, 0x9F, 0x74, 0x92,
    0xFF, 0x68, 0xFF, 0x65, 0xFF, 0x6A, 0xFF, 0x74, 0xFF, 0x72, 0xFF, 0x6E, 0xFF, 0x6A, 0xFF, 0x67,
    0xFF, 0x3A, 0xFE, 0x45, 0xFE, 0x54, 0xFF, 0x60, 0xFF, 0x6D, 0xFF, 0x67, 0xFF, 0x65, 0xFF, 0x68,
    0x63, 0x89, 0x60, 0x82, 0x65, 0x83, 0x70, 0x89, 0x6D, 0x8F, 0x69, 0x86, 0x65, 0x7D, 0x63, 0x77,
    0x3E, 0x62, 0x47, 0x68, 0x55, 0x6F, 0x5F, 0x71, 0x6A, 0x87, 0x65, 0x81, 0x64, 0x7C, 0x68, 0x79,
    0xFF, 0x78, 0xFF, 0x7E, 0xFF, 0x89, 0xFF, 0x8E, 0xFF, 0x64, 0xFF, 0x66, 0xFF, 0x6F, 0xFF, 0x73,
    0xFF, 0x64, 0xFF, 0x62, 0xFF, 0x5A, 0xFF, 0x56, 0xFF, 0x6F, 0xFF, 0x6E, 0xFF, 0x5B, 0xFF, 0x49,
    0x75, 0x8A, 0x7B, 0x8D, 0x86, 0x93, 0x8C, 0x94, 0x61, 0x71, 0x64, 0x6F, 0x6E, 0x74, 0x72, 0x76,
    0x63, 0x6D, 0x61, 0x67, 0x5A, 0x5D, 0x56, 0x59, 0x6D, 0x77, 0x6D, 0x72, 0x5B, 0x5F, 0x49, 0x4C,
    0xFF, 0x8B, 0xFF, 0x7F, 0xFF, 0x6A, 0xFF, 0x5B, 0xFF, 0x70, 0xFF, 0x71, 0xFF, 0x76, 0xFF, 0x7C,
    0xFF, 0x59, 0xFF, 0x5E, 0xFF, 0x64, 0xFF, 0x69, 0xFE, 0x3C, 0xFE, 0x36, 0xFE, 0x3E, 0xFF, 0x51,
    0x89, 0x91, 0x7D, 0x84, 0x69, 0x6E, 0x59, 0x5E, 0x6F, 0x74, 0x6F, 0x74, 0x74, 0x7A, 0x7A, 0x80,
    0x58, 0x5C, 0x5D, 0x62, 0x63, 0x68, 0x69, 0x6C, 0x3C, 0x3D, 0x36, 0x37, 0x3D, 0x3F, 0x51, 0x52,
    0xFF, 0x5F, 0xFF, 0x73, 0xFF, 0x73, 0xFF, 0x68, 0xFF, 0x7E, 0xFF, 0x74, 0xFF, 0x68, 0xFF, 0x64,
    0xFF, 0x6A, 0xFF, 0x66, 0xFF, 0x63, 0xFF, 0x5E, 0xFF, 0x63, 0xFF, 0x63, 0xFF, 0x60, 0xFF, 0x5A,
    0x5D, 0x62, 0x71, 0x77, 0x72, 0x76, 0x67, 0x69, 0x7C, 0x82, 0x73, 0x76, 0x68, 0x69, 0x63, 0x65,
    0x69, 0x6C, 0x65, 0x67, 0x62, 0x64, 0x5D, 0x60, 0x63, 0x65, 0x62, 0x65, 0x5F, 0x63, 0x59, 0x5D,
    0xFF, 0x66, 0xFF, 0x63, 0xFF, 0x69, 0xFF, 0x70, 0xFF, 0x60, 0xFF, 0x64, 0xFF, 0x6F, 0xFF, 0x68,
    0xFF, 0x61, 0xFF, 0x6C, 0xFF, 0x6A, 0xFF, 0x59, 0xFF, 0x67, 0xFF, 0x6E, 0xFF, 0x61, 0xFF, 0x55,
    0x66, 0x68, 0x63, 0x65, 0x67, 0x6C, 0x6E, 0x75, 0x5F, 0x62, 0x63, 0x68, 0x6C, 0x74, 0x66, 0x6F,
    0x60, 0x64, 0x6A, 0x71, 0x68, 0x70, 0x57, 0x5F, 0x65, 0x6A, 0x6C, 0x74, 0x5F, 0x67, 0x53, 0x59,
    0xFF, 0x64, 0xFF, 0x56, 0xFF, 0x59, 0xFF, 0x32, 0xFF, 0x56, 0xFF, 0x54, 0xFF, 0x2A, 0xFF, 0x3A,
    0xFF, 0x54, 0xFF, 0x23, 0xFF, 0x36, 0xFF, 0x5D, 0xFF, 0x26, 0xFF, 0x31, 0xFF, 0x5F, 0xFF, 0x5C,
    0x61, 0x6B, 0x54, 0x59, 0x55, 0x54, 0x30, 0x2E, 0x54, 0x5B, 0x51, 0x52, 0x29, 0x27, 0x36, 0x34,
    0x51, 0x54, 0x22, 0x22, 0x33, 0x31, 0x54, 0x54, 0x25, 0x26, 0x2E, 0x2C, 0x56, 0x56, 0x4F, 0x4E,
    0xFF, 0x35, 0xFF, 0x59, 0xFF, 0x5B, 0xFF, 0x68, 0xFF, 0x5B, 0xFF, 0x5A, 0xFF, 0x6C, 0xFF, 0x81,
    0xFF, 0x5B, 0xFF, 0x6F, 0xFF, 0x85, 0xFF, 0x92, 0xFF, 0x71, 0xFF, 0x88, 0xFF, 0x95, 0xFF, 0x98,
    0x32, 0x30, 0x4F, 0x4F, 0x4E, 0x4D, 0x57, 0x4F, 0x52, 0x52, 0x4D, 0x4D, 0x5A, 0x51, 0x69, 0x53,
    0x4E, 0x4D, 0x5D, 0x52, 0x6C, 0x54, 0x73, 0x4F, 0x5E, 0x53, 0x6F, 0x56, 0x75, 0x50, 0x73, 0x45,
    0xFF, 0x7D, 0xFF, 0x8D, 0xFF, 0x98, 0xFF, 0x9E, 0xFF, 0x91, 0xFF, 0x99, 0xFF, 0x9F, 0xFF, 0xAC,
    0xFF, 0x99, 0xFF, 0xA1, 0xFF, 0xB4, 0xFF, 0xAF, 0xFF, 0xA4, 0xFF, 0xB5, 0xFF, 0x97, 0xFF, 0x81,
    0x66, 0x52, 0x71, 0x51, 0x77, 0x4C, 0x77, 0x45, 0x73, 0x50, 0x76, 0x4A, 0x75, 0x42, 0x7A, 0x3E,
    0x74, 0x47, 0x75, 0x40, 0x7E, 0x3D, 0x78, 0x36, 0x76, 0x40, 0x7F, 0x3C, 0x68, 0x2E, 0x58, 0x25,
    0xFF, 0xA4, 0xFF, 0xB3, 0xFF, 0xBC, 0xFF, 0xB6, 0xFF, 0xBA, 0xFF, 0xAB, 0xFF, 0x9F, 0xFF, 0xB5,
    0xFF, 0x8F, 0xFF, 0x9B, 0xFF, 0xC4, 0xFF, 0xD3, 0xFF, 0xB0, 0xFF, 0xD2, 0xFF, 0xD4, 0xFF, 0xDB,
    0x78, 0x3F, 0x7E, 0x3C, 0x81, 0x38, 0x7B, 0x32, 0x80, 0x3B, 0x75, 0x32, 0x6B, 0x2B, 0x78, 0x29,
    0x61, 0x2A, 0x67, 0x27, 0x80, 0x2A, 0x8C, 0x29, 0x74, 0x2A, 0x8A, 0x2B, 0x8D, 0x29, 0x95, 0x28,
    0xFF, 0xB9, 0xFF, 0xCE, 0xFF, 0xD1, 0xFF, 0xD0, 0xFF, 0xCC, 0xFF, 0xD2, 0xFF, 0xD7, 0xFF, 0xDB,
    0xFF, 0xD7, 0xFF, 0xDF, 0xFF, 0xE2, 0xFF, 0xDE, 0xFF, 0xE5, 0xFF, 0xE6, 0xFF, 0xE1, 0xFF, 0xD9,
    0x7B, 0x2D, 0x88, 0x2C, 0x8A, 0x2A, 0x89, 0x29, 0x87, 0x29, 0x8C, 0x29, 0x90, 0x28, 0x93, 0x28,
    0x90, 0x28, 0x98, 0x28, 0x9B, 0x28, 0x96, 0x28, 0x9F, 0x28, 0xA2, 0x27, 0x9C, 0x27, 0x92, 0x2A,
    0xFF, 0xD3, 0xFF, 0xD3, 0xFF, 0xCE, 0xFF, 0xC4, 0xFF, 0xD7, 0xFF, 0xD1, 0xFF, 0xC8, 0xFF, 0xC9,
    0xFF, 0xD6, 0xFF, 0xCC, 0xFF, 0xCE, 0xFF, 0xA9, 0xFF, 0xD2, 0xFF, 0xCF, 0xFF, 0x9A, 0xFF, 0x84,
    0x8B, 0x2A, 0x89, 0x2B, 0x84, 0x2B, 0x7E, 0x2C, 0x8F, 0x29, 0x88, 0x2B, 0x80, 0x2B, 0x81, 0x2E,
    0x8E, 0x2A, 0x85, 0x2A, 0x84, 0x2E, 0x6F, 0x2B, 0x8B, 0x2B, 0x86, 0x2E, 0x65, 0x28, 0x5A, 0x28,
    0xFF, 0xC0, 0xFF, 0xBB, 0xFF, 0x94, 0xFF, 0x7D, 0xFF, 0xB6, 0xFF, 0x87, 0xFF, 0x8D, 0xFF, 0xB1,
    0xFF, 0x81, 0xFF, 0xA1, 0xFF, 0xB6, 0xFF, 0xAC, 0xFF, 0xB1, 0xFF, 0xB5, 0xFF, 0xAA, 0xFF, 0xA6,
    0x7C, 0x2E, 0x7A, 0x32, 0x63, 0x2B, 0x56, 0x27, 0x77, 0x2F, 0x5B, 0x27, 0x62, 0x2C, 0x7C, 0x3A,
    0x58, 0x26, 0x6F, 0x33, 0x80, 0x3D, 0x7E, 0x40, 0x79, 0x37, 0x81, 0x3F, 0x7F, 0x43, 0x81, 0x4A,
    0xFF, 0x9D, 0xFF, 0xB7, 0xFF, 0xB1, 0xFF, 0xA9, 0xFF, 0xB4, 0xFF, 0xAC, 0xFF, 0xA8, 0xFF, 0xA2,
    0xFF, 0xA7, 0xFF, 0xA4, 0xFF, 0x9D, 0xFF, 0x95, 0xFF, 0xA2, 0xFF, 0x9A, 0xFF, 0x8F, 0xFF, 0x80,
    0x6E, 0x33, 0x81, 0x3E, 0x7E, 0x3E, 0x79, 0x3F, 0x80, 0x3F, 0x7D, 0x3F, 0x7C, 0x42, 0x7A, 0x45,
    0x7D, 0x44, 0x7D, 0x47, 0x7A, 0x4A, 0x76, 0x4D, 0x80, 0x4F, 0x7C, 0x52, 0x75, 0x54, 0x6B, 0x53,
    0xFF, 0xA0, 0xFF, 0x8D, 0xFF, 0x73, 0xFF, 0x65, 0xFF, 0x95, 0xFF, 0x7E, 0xFF, 0x67, 0xFF, 0x61,
    0xFF, 0x84, 0xFF, 0x6C, 0xFF, 0x5D, 0xFF, 0x57, 0xFF, 0x6F, 0xFF, 0x61, 0xFF, 0x58, 0xFF, 0x58,
    0x75, 0x41, 0x69, 0x43, 0x5A, 0x44, 0x56, 0x50, 0x72, 0x46, 0x63, 0x47, 0x55, 0x49, 0x57, 0x55,
    0x6B, 0x4E, 0x5B, 0x4D, 0x53, 0x4F, 0x53, 0x54, 0x60, 0x53, 0x58, 0x54, 0x54, 0x55, 0x57, 0x5A,
    0xFF, 0x3F, 0xFF, 0x2F, 0xFF, 0x6D, 0xFF, 0x72, 0xFF, 0x2A, 0xFF, 0x3B, 0xFF, 0x66, 0xFF, 0x6E,
    0xFF, 0x1C, 0xFF, 0x4E, 0xFF, 0x5E, 0xFF, 0x6A, 0xFF, 0x1F, 0xFF, 0x3E, 0xFF, 0x64, 0xFF, 0x61,
    0x3A, 0x39, 0x2F, 0x30, 0x6C, 0x6F, 0x72, 0x73, 0x28, 0x28, 0x3B, 0x3D, 0x65, 0x69, 0x6E, 0x6F,
    0x1C, 0x1C, 0x4D, 0x50, 0x5D, 0x60, 0x69, 0x6B, 0x1F, 0x1F, 0x3E, 0x40, 0x64, 0x66, 0x61, 0x61,
    0xFF, 0x7F, 0xFF, 0x80, 0xFF, 0x7A, 0xFF, 0x7C, 0xFF, 0x73, 0xFF, 0x7A, 0xFF, 0x7F, 0xFF, 0x79,
    0xFF, 0x70, 0xFF, 0x7B, 0xFF, 0x83, 0xFF, 0x7F, 0xFF, 0x6A, 0xFF, 0x76, 0xFF, 0x7F, 0xFF, 0x79,
    0x7F, 0x7E, 0x80, 0x80, 0x7A, 0x7A, 0x7C, 0x7C, 0x73, 0x73, 0x7A, 0x7A, 0x7F, 0x80, 0x79, 0x79,
    0x70, 0x70, 0x7B, 0x7B, 0x83, 0x85, 0x7E, 0x80, 0x69, 0x69, 0x76, 0x76, 0x7E, 0x81, 0x78, 0x7C,
    0xFF, 0x83, 0xFF, 0x7C, 0xFF, 0x6B, 0xFF, 0x64, 0xFF, 0x74, 0xFF, 0x79, 0xFF, 0x6E, 0xFF, 0x68,
    0xFF, 0x74, 0xFF, 0x6F, 0xFF, 0x6F, 0xFF, 0x6A, 0xFF, 0x72, 0xFF, 0x6E, 0xFF, 0x6D, 0xFF, 0x65,
    0x83, 0x82, 0x7C, 0x7C, 0x6A, 0x6C, 0x62, 0x68, 0x74, 0x74, 0x79, 0x78, 0x6E, 0x6E, 0x67, 0x6B,
    0x74, 0x75, 0x6F, 0x6F, 0x6F, 0x6F, 0x69, 0x6C, 0x71, 0x74, 0x6E, 0x70, 0x6C, 0x6E, 0x64, 0x68,
    0xFF, 0x40, 0xFF, 0x4E, 0xFF, 0x7C, 0xFF, 0x7D, 0xFF, 0x57, 0xFF, 0x37, 0xFF, 0x6D, 0xFF, 0x84,
    0xFF, 0x5E, 0xFF, 0x38, 0xFF, 0x53, 0xFF, 0x7E, 0xFF, 0x58, 0xFF, 0x42, 0xFF, 0x3D, 0xFF, 0x74,
    0x3F, 0x41, 0x4F, 0x4D, 0x7D, 0x7A, 0x7D, 0x7C, 0x55, 0x5A, 0x37, 0x36, 0x6E, 0x6A, 0x86, 0x81,
    0x5C, 0x62, 0x37, 0x3A, 0x54, 0x51, 0x80, 0x7B, 0x56, 0x5C, 0x41, 0x47, 0x3D, 0x3C, 0x76, 0x71,
    0xFF, 0x71, 0xFF, 0x7A, 0xFF, 0x79, 0xFF, 0x64, 0xFF, 0x83, 0xFF, 0x75, 0xFF, 0x77, 0xFF, 0x83,
    0xFF, 0x8B, 0xFF, 0x7F, 0xFF, 0x74, 0xFF, 0x77, 0xFF, 0x88, 0xFF, 0x84, 0xFF, 0x75, 0xFF, 0x73,
    0x71, 0x71, 0x7A, 0x7C, 0x78, 0x7B, 0x63, 0x66, 0x83, 0x80, 0x75, 0x74, 0x77, 0x76, 0x83, 0x82,
    0x8D, 0x87, 0x80, 0x7C, 0x75, 0x71, 0x78, 0x74, 0x8A, 0x84, 0x86, 0x81, 0x77, 0x72, 0x75, 0x70,
    0xFF, 0x61, 0xFF, 0x71, 0xFF, 0x82, 0xFF, 0x8C, 0xFF, 0x83, 0xFF, 0x80, 0xFF, 0x7D, 0xFF, 0x7B,
    0xFF, 0x7A, 0xFF, 0x7A, 0xFF, 0x75, 0xFF, 0x6C, 0xFF, 0x5C, 0xFE, 0x44, 0xFE, 0x3C, 0xFE, 0x44,
    0x60, 0x62, 0x70, 0x72, 0x81, 0x84, 0x8B, 0x90, 0x83, 0x83, 0x81, 0x80, 0x7E, 0x7B, 0x7D, 0x7A,
    0x7B, 0x77, 0x7B, 0x77, 0x76, 0x71, 0x6E, 0x69, 0x5E, 0x59, 0x46, 0x41, 0x3E, 0x3A, 0x46, 0x42,
    0xFF, 0x8F, 0xFF, 0x89, 0xFF, 0x7E, 0xFF, 0x78, 0xFF, 0x7A, 0xFF, 0x73, 0xFF, 0x67, 0xFF, 0x64,
    0xFF, 0x65, 0xFF, 0x63, 0xFF, 0x68, 0xFF, 0x68, 0xFF, 0x55, 0xFF, 0x66, 0xFF, 0x77, 0xFF, 0x77,
    0x8E, 0x95, 0x87, 0x93, 0x7B, 0x8D, 0x75, 0x8A, 0x7B, 0x7A, 0x72, 0x76, 0x65, 0x70, 0x62, 0x71,
    0x66, 0x62, 0x64, 0x63, 0x68, 0x6A, 0x67, 0x70, 0x57, 0x53, 0x68, 0x66, 0x77, 0x77, 0x76, 0x7D,
    0xFF, 0x74, 0xFF, 0x6A, 0xFF, 0x65, 0xFF, 0x68, 0xFF, 0x67, 0xFF, 0x6A, 0xFF, 0x6E, 0xFF, 0x72,
    0xFF, 0x61, 0xFE, 0x55, 0xFE, 0x45, 0xFF, 0x3A, 0xFF, 0x6D, 0xFF, 0x68, 0xFF, 0x68, 0xFF, 0x6D,
    0x70, 0x89, 0x65, 0x83, 0x60, 0x82, 0x63, 0x89, 0x63, 0x77, 0x65, 0x7D, 0x69, 0x86, 0x6D, 0x8F,
    0x60, 0x72, 0x55, 0x6F, 0x47, 0x68, 0x3E, 0x62, 0x6D, 0x7D, 0x67, 0x7E, 0x67, 0x81, 0x6A, 0x87,
    0xFF, 0x7E, 0xFF, 0x5E, 0xFF, 0x31, 0xFF, 0x78, 0xFF, 0x61, 0xFF, 0x2A, 0xFF, 0x65, 0xFF, 0x7B,
    0xFF, 0x34, 0xFF, 0x5F, 0xFF, 0x84, 0xFF, 0x77, 0xFF, 0x78, 0xFF, 0x83, 0xFF, 0x7A, 0xFF, 0x79,
    0x76, 0xA0, 0x5D, 0x85, 0x37, 0x5C, 0x72, 0x9A, 0x5F, 0x84, 0x31, 0x56, 0x62, 0x88, 0x74, 0x9E,
    0x39, 0x5D, 0x5E, 0x81, 0x7D, 0xA3, 0x71, 0x9B, 0x74, 0x92, 0x7C, 0x9F, 0x74, 0x9B, 0x73, 0x9F,
    0xFF, 0x70, 0xFF, 0x89, 0xFF, 0xB0, 0xFF, 0x4F, 0xFF, 0x75, 0xFF, 0x9D, 0xFF, 0xA0, 0xFF, 0x3F,
    0xFF, 0x83, 0xFF, 0xAF, 0xFF, 0x7C, 0xFF, 0x42, 0xFF, 0x96, 0xFF, 0xAF, 0xFF, 0x50, 0xFF, 0x5E,
    0x6A, 0x96, 0x81, 0xB5, 0xA4, 0xDE, 0x4F, 0x7A, 0x6E, 0x9C, 0x94, 0xCD, 0x96, 0xCE, 0x41, 0x69,
    0x7C, 0xAD, 0xA3, 0xE0, 0x78, 0xAB, 0x44, 0x6E, 0x8D, 0xC5, 0xA5, 0xE1, 0x51, 0x7C, 0x5C, 0x8A,
    0xFF, 0x74, 0xFF, 0xBB, 0xFF, 0xAC, 0xFC, 0x15, 0xFF, 0x85, 0xFF, 0xAC, 0xFF, 0xC4, 0xFF, 0x55,
    0xFF, 0x99, 0xFF, 0xA7, 0xFF, 0xBF, 0xFF, 0x88, 0xFF, 0xA4, 0xFF, 0xA8, 0xFF, 0xB6, 0xFF, 0x9B,
    0x6F, 0x9E, 0xAF, 0xEF, 0xA2, 0xDE, 0x14, 0x1B, 0x7F, 0xB2, 0xA2, 0xDE, 0xB6, 0xFA, 0x50, 0x6F,
    0x90, 0xC7, 0x9D, 0xD9, 0xB3, 0xF7, 0x81, 0xB4, 0x99, 0xD5, 0x9F, 0xDE, 0xAE, 0xF2, 0x95, 0xD9,
    0xFE, 0x00, 0xC6, 0x02, 0x00, 0x00, 0x02, 0x00, 0xFE, 0x00, 0xFB, 0x04, 0x26, 0x06, 0x00, 0x00,
    0xFB, 0x00, 0xFF, 0x01, 0x64, 0x05, 0x00, 0x00, 0xFB, 0x0F, 0xFF, 0x00, 0x99, 0x05, 0x00, 0x00,
    0x00, 0x00, 0x02, 0x03, 0x00, 0x00, 0x00, 0x00, 0x00, 0x00, 0x03, 0x05, 0x06, 0x0D, 0x00, 0x00,
    0x00, 0x01, 0x01, 0x01, 0x05, 0x05, 0x00, 0x00, 0x0E, 0x16, 0x00, 0x00, 0x05, 0x06, 0x00, 0x00,
    0x00, 0x00, 0x00, 0x00, 0x00, 0x00, 0x00, 0x00, 0x02, 0x00, 0x00, 0x00, 0x00, 0x00, 0x00, 0x00,
    0x04, 0x00, 0x00, 0x00, 0x00, 0x00, 0x00, 0x00, 0x04, 0x00, 0x00, 0x00, 0x00, 0x00, 0x00, 0x00,
    0x00, 0x00, 0x00, 0x00, 0x00, 0x00, 0x00, 0x00, 0x00, 0x00, 0x00, 0x00, 0x00, 0x00, 0x00, 0x00,
    0x00, 0x00, 0x00, 0x00, 0x00, 0x00, 0x00, 0x00, 0x00, 0x00, 0x00, 0x00, 0x00, 0x00, 0x00, 0x00,
    0x00, 0x00, 0x00, 0x00, 0x00, 0x00, 0x02, 0x00, 0x00, 0x00, 0x00, 0x00, 0x01, 0x00, 0x00, 0x00,
    0x00, 0x00, 0x00, 0x00, 0x01, 0x00, 0x00, 0x00, 0x00, 0x00, 0x00, 0x00, 0x01, 0x00, 0x00, 0x00,
    0x00, 0x00, 0x00, 0x00, 0x00, 0x00, 0x00, 0x00, 0x00, 0x00, 0x00, 0x00, 0x00, 0x00, 0x00, 0x00,
    0x00, 0x00, 0x00, 0x00, 0x00, 0x00, 0x00, 0x00, 0x00, 0x00, 0x00, 0x00, 0x00, 0x00, 0x00, 0x00,
    0x00, 0x01, 0xC0, 0x03, 0xFF, 0x00, 0xFC, 0x24, 0x03, 0x55, 0xDA, 0x04, 0xFF, 0x00, 0xFD, 0x3A,
    0x0E, 0x12, 0xE9, 0x04, 0xFF, 0x00, 0xFE, 0x45, 0x17, 0x16, 0xF2, 0x04, 0xFF, 0x00, 0xFE, 0x49,
    0x01, 0x01, 0x03, 0x06, 0x00, 0x00, 0x23, 0x36, 0x55, 0x55, 0x04, 0x07, 0x00, 0x00, 0x39, 0x56,
    0x12, 0x24, 0x04, 0x06, 0x00, 0x00, 0x46, 0x69, 0x16, 0x21, 0x04, 0x06, 0x00, 0x00, 0x48, 0x75,
    0xFF, 0xA1, 0xFF, 0xB0, 0xFF, 0xAB, 0xFF, 0xA6, 0xFF, 0xAA, 0xFF, 0xAC, 0xFF, 0xAF, 0xFF, 0xA9,
    0xFF, 0xAD, 0xFF, 0xA8, 0xFF, 0xB2, 0xFF, 0xB0, 0xFF, 0xAA, 0xFF, 0xA2, 0xFF, 0xB0, 0xFF, 0xB5,
    0x9B, 0xEB, 0xAB, 0xF1, 0xA6, 0xE6, 0x9E, 0xDD, 0xA7, 0xFB, 0xA8, 0xF1, 0xAD, 0xEE, 0xA5, 0xE5,
    0xAB, 0xFF, 0xA7, 0xF4, 0xB3, 0xF5, 0xAE, 0xF0, 0xA9, 0xFF, 0xA3, 0xF3, 0xB5, 0xF9, 0xB7, 0xF9,
    0xFF, 0x85, 0xFF, 0x36, 0xFF, 0x8E, 0xFF, 0xA3, 0xFF, 0x9D, 0xFF, 0x56, 0xFF, 0x44, 0xFF, 0x94,
    0xFF, 0xA1, 0xFF, 0x8B, 0xFF, 0x4B, 0xFF, 0x3E, 0xFF, 0xAA, 0xFF, 0x92, 0xFF, 0x88, 0xFF, 0x6C,
    0x7F, 0xB5, 0x3A, 0x62, 0x87, 0xBB, 0x99, 0xD2, 0x96, 0xD3, 0x56, 0x84, 0x46, 0x6E, 0x8B, 0xBC,
    0x9C, 0xDD, 0x85, 0xBF, 0x4C, 0x77, 0x41, 0x68, 0xA8, 0xEA, 0x8E, 0xCC, 0x82, 0xB9, 0x69, 0x97,
    0xFF, 0x85, 0xFF, 0x77, 0xFF, 0x73, 0xFF, 0x6A, 0xFF, 0x94, 0xFF, 0x8A, 0xFF, 0x82, 0xFF, 0x77,
    0xFF, 0x5B, 0xFF, 0x6A, 0xFF, 0x79, 0xFF, 0x81, 0xFF, 0x54, 0xFE, 0x4C, 0xFE, 0x4E, 0xFF, 0x5F,
    0x7E, 0xB0, 0x71, 0x9C, 0x6D, 0x95, 0x65, 0x8A, 0x8C, 0xBD, 0x82, 0xB0, 0x7A, 0xA5, 0x71, 0x9A,
    0x5A, 0x83, 0x67, 0x8F, 0x74, 0x99, 0x7B, 0x9D, 0x53, 0x7C, 0x4C, 0x73, 0x4E, 0x73, 0x5C, 0x7F,
    0xFF, 0x68, 0xFF, 0x68, 0xFF, 0x6A, 0xFF, 0x69, 0xFF, 0x6E, 0xFF, 0x66, 0xFF, 0x62, 0xFF, 0x5D,
    0xFF, 0x7C, 0xFF, 0x76, 0xFF, 0x73, 0xFF, 0x6C, 0xFF, 0x72, 0xFF, 0x6B, 0xFF, 0x5C, 0xFF, 0x54,
    0x62, 0x82, 0x64, 0x7E, 0x66, 0x7A, 0x66, 0x76, 0x68, 0x8D, 0x62, 0x82, 0x5E, 0x79, 0x5A, 0x6F,
    0x77, 0x97, 0x71, 0x8F, 0x6E, 0x88, 0x68, 0x7E, 0x6E, 0x8B, 0x68, 0x82, 0x59, 0x70, 0x52, 0x64,
    0xFF, 0x68, 0xFF, 0x69, 0xFF, 0x6D, 0xFF, 0x70, 0xFF, 0x5A, 0xFF, 0x5A, 0xFF, 0x5B, 0xFF, 0x5C,
    0xFF, 0x63, 0xFF, 0x5E, 0xFF, 0x5F, 0xFF, 0x5C, 0xFF, 0x57, 0xFF, 0x60, 0xFF, 0x5C, 0xFF, 0x5F,
    0x66, 0x70, 0x67, 0x6E, 0x6B, 0x70, 0x6F, 0x74, 0x57, 0x66, 0x59, 0x62, 0x59, 0x5F, 0x5B, 0x5F,
    0x60, 0x71, 0x5B, 0x67, 0x5D, 0x65, 0x5B, 0x61, 0x55, 0x63, 0x5E, 0x69, 0x5B, 0x63, 0x5D, 0x64,
    0xFF, 0x6E, 0xFF, 0x61, 0xFE, 0x4E, 0xFE, 0x30, 0xFF, 0x62, 0xFF, 0x69, 0xFF, 0x72, 0xFF, 0x70,
    0xFF, 0x56, 0xFF, 0x53, 0xFF, 0x5D, 0xFF, 0x6F, 0xFF, 0x58, 0xFF, 0x55, 0xFF, 0x61, 0xFF, 0x72,
    0x6D, 0x70, 0x61, 0x63, 0x4D, 0x4E, 0x30, 0x30, 0x61, 0x65, 0x69, 0x6C, 0x71, 0x75, 0x6F, 0x73,
    0x55, 0x5A, 0x53, 0x56, 0x5C, 0x60, 0x6E, 0x71, 0x57, 0x5D, 0x54, 0x58, 0x61, 0x64, 0x72, 0x72,
    0xFE, 0x2B, 0xFF, 0x55, 0xFF, 0x5E, 0xFF, 0x5A, 0xFF, 0x3C, 0xFE, 0x20, 0xFF, 0x5B, 0xFF, 0x5C,
    0xFF, 0x5E, 0xFF, 0x17, 0xFF, 0x5B, 0xFF, 0x65, 0xFF, 0x2D, 0xFF, 0x2E, 0xFF, 0x68, 0xFF, 0x69,
    0x2B, 0x2C, 0x54, 0x58, 0x5D, 0x61, 0x58, 0x5D, 0x3C, 0x3E, 0x20, 0x21, 0x5B, 0x5E, 0x5C, 0x5F,
    0x5D, 0x5E, 0x17, 0x16, 0x5B, 0x5D, 0x65, 0x68, 0x2E, 0x2C, 0x2E, 0x2F, 0x67, 0x6A, 0x68, 0x6B,
    0xFF, 0x64, 0xFF, 0x68, 0xFF, 0x5B, 0xFF, 0x31, 0xFF, 0x64, 0xFF, 0x61, 0xFF, 0x46, 0xFF, 0x1F,
    0xFF, 0x65, 0xFF, 0x58, 0xFF, 0x24, 0xFF, 0x42, 0xFF, 0x61, 0xFF, 0x3B, 0xFF, 0x29, 0xFF, 0x5E,
    0x62, 0x68, 0x66, 0x6C, 0x5A, 0x61, 0x31, 0x34, 0x63, 0x68, 0x60, 0x65, 0x45, 0x4A, 0x1F, 0x1D,
    0x64, 0x69, 0x56, 0x5C, 0x24, 0x24, 0x3F, 0x3E, 0x60, 0x64, 0x3A, 0x3C, 0x27, 0x25, 0x54, 0x53,
    0xFF, 0x26, 0xFF, 0x5F, 0xFF, 0x5D, 0xFF, 0x70, 0xFF, 0x57, 0xFF, 0x60, 0xFF, 0x6D, 0xFF, 0x86,
    0xFF, 0x62, 0xFF, 0x6A, 0xFF, 0x83, 0xFF, 0x91, 0xFF, 0x64, 0xFF, 0x7C, 0xFF, 0x91, 0xFF, 0x93,
    0x24, 0x22, 0x56, 0x55, 0x50, 0x4E, 0x5D, 0x52, 0x4F, 0x4F, 0x52, 0x50, 0x59, 0x50, 0x6B, 0x53,
    0x56, 0x55, 0x57, 0x4F, 0x67, 0x51, 0x70, 0x4D, 0x53, 0x4E, 0x61, 0x4F, 0x6E, 0x4A, 0x6D, 0x40,
    0xFF, 0x89, 0xFF, 0x94, 0xFF, 0x97, 0xFF, 0xA7, 0xFF, 0x92, 0xFF, 0x94, 0xFF, 0xA7, 0xFF, 0xA3,
    0xFF, 0x92, 0xFF, 0xA4, 0xFF, 0x98, 0xFF, 0x6A, 0xFF, 0xA0, 0xFF, 0x94, 0xFF, 0x67, 0xFF, 0xAC,
    0x6E, 0x55, 0x74, 0x50, 0x72, 0x44, 0x78, 0x40, 0x73, 0x4E, 0x70, 0x44, 0x79, 0x41, 0x72, 0x37,
    0x6E, 0x43, 0x78, 0x42, 0x6C, 0x36, 0x4A, 0x21, 0x74, 0x3F, 0x69, 0x35, 0x47, 0x21, 0x73, 0x2F,
    0xFF, 0xAF, 0xFF, 0x7F, 0xFF, 0x8A, 0xFF, 0xC6, 0xFF, 0x71, 0xFF, 0x9B, 0xFF, 0xCF, 0xFF, 0xD1,
    0xFF, 0xA7, 0xFF, 0xD0, 0xFF, 0xCF, 0xFF, 0xDD, 0xFF, 0xCD, 0xFF, 0xD0, 0xFF, 0xDF, 0xFF, 0xE8,
    0x7A, 0x3A, 0x58, 0x28, 0x5D, 0x26, 0x82, 0x2D, 0x4E, 0x24, 0x67, 0x29, 0x88, 0x2F, 0x8B, 0x2A,
    0x6F, 0x2C, 0x88, 0x30, 0x8A, 0x2A, 0x97, 0x29, 0x86, 0x30, 0x8A, 0x2B, 0x99, 0x2A, 0xA4, 0x29,
    0xFF, 0xD4, 0xFF, 0xD5, 0xFF, 0xE1, 0xFF, 0xE9, 0xFF, 0xD9, 0xFF, 0xE5, 0xFF, 0xE9, 0xFF, 0xE8,
    0xFF, 0xE6, 0xFF, 0xEA, 0xFF, 0xE9, 0xFF, 0xE6, 0xFF, 0xEB, 0xFF, 0xEA, 0xFF, 0xE7, 0xFF, 0xE1,
    0x8C, 0x2B, 0x8F, 0x28, 0x9B, 0x28, 0xA3, 0x28, 0x93, 0x29, 0x9F, 0x28, 0xA5, 0x28, 0xA4, 0x28,
    0xA1, 0x29, 0xA6, 0x28, 0xA5, 0x29, 0xA2, 0x29, 0xA8, 0x29, 0xA8, 0x29, 0xA4, 0x2A, 0x9D, 0x2B,
    0xFF, 0xE8, 0xFF, 0xE3, 0xFF, 0xDC, 0xFF, 0xD6, 0xFF, 0xE5, 0xFF, 0xDE, 0xFF, 0xD7, 0xFF, 0xCF,
    0xFF, 0xE0, 0xFF, 0xD7, 0xFF, 0xD1, 0xFF, 0x89, 0xFF, 0xD7, 0xFF, 0xD4, 0xFF, 0x92, 0xFF, 0x89,
    0xA4, 0x28, 0x9F, 0x28, 0x97, 0x29, 0x8F, 0x2B, 0xA1, 0x28, 0x9A, 0x29, 0x91, 0x2B, 0x89, 0x2E,
    0x9B, 0x2A, 0x92, 0x2B, 0x8B, 0x2E, 0x5C, 0x25, 0x92, 0x2C, 0x8D, 0x2E, 0x61, 0x26, 0x5D, 0x29,
    0xFF, 0xCF, 0xFF, 0x8E, 0xFF, 0x8B, 0xFF, 0xB9, 0xFF, 0x88, 0xFF, 0x8F, 0xFF, 0xBB, 0xFF, 0xB4,
    0xFF, 0x8F, 0xFF, 0xBB, 0xFF, 0xB6, 0xFF, 0xBA, 0xFF, 0xBA, 0xFF, 0xB3, 0xFF, 0xBF, 0xFF, 0xBC,
    0x88, 0x2E, 0x5F, 0x26, 0x5E, 0x29, 0x7E, 0x38, 0x5C, 0x25, 0x61, 0x2A, 0x80, 0x38, 0x84, 0x40,
    0x60, 0x2A, 0x7F, 0x39, 0x87, 0x42, 0x93, 0x4D, 0x7E, 0x38, 0x84, 0x40, 0x98, 0x50, 0x9A, 0x58,
    0xFF, 0xB4, 0xFF, 0xAE, 0xFF, 0xA8, 0xFF, 0x9E, 0xFF, 0xB4, 0xFF, 0xB1, 0xFF, 0x9D, 0xFF, 0x82,
    0xFF, 0xB6, 0xFF, 0xA3, 0xFF, 0x85, 0xFF, 0x6C, 0xFF, 0xA4, 0xFF, 0x86, 0xFF, 0x5B, 0xFE, 0x38,
    0x83, 0x40, 0x85, 0x47, 0x84, 0x4E, 0x7F, 0x53, 0x8C, 0x4A, 0x8E, 0x53, 0x7E, 0x54, 0x6B, 0x51,
    0x93, 0x55, 0x83, 0x55, 0x6B, 0x51, 0x5C, 0x4D, 0x83, 0x54, 0x6B, 0x4F, 0x4D, 0x40, 0x34, 0x2F,
    0xFF, 0x8F, 0xFF, 0x82, 0xFF, 0x76, 0xFF, 0x6A, 0xFF, 0x74, 0xFF, 0x6B, 0xFF, 0x62, 0xFF, 0x5B,
    0xFF, 0x4D, 0xFE, 0x31, 0xFE, 0x25, 0xFE, 0x1D, 0xFF, 0x42, 0xFF, 0x52, 0xFF, 0x61, 0xFF, 0x69,
    0x76, 0x55, 0x6E, 0x56, 0x68, 0x56, 0x60, 0x56, 0x64, 0x54, 0x60, 0x56, 0x5B, 0x55, 0x56, 0x54,
    0x45, 0x3F, 0x2E, 0x2B, 0x23, 0x21, 0x1D, 0x1B, 0x3F, 0x38, 0x4F, 0x48, 0x5F, 0x59, 0x6A, 0x64,
    0xFF, 0x61, 0xFF, 0x5F, 0xFF, 0x5F, 0xFF, 0x5F, 0xFF, 0x59, 0xFF, 0x60, 0xFF, 0x68, 0xFF, 0x65,
    0xFE, 0x18, 0xFF, 0x1C, 0xFF, 0x37, 0xFF, 0x62, 0xFF, 0x61, 0xFF, 0x4C, 0xFF, 0x25, 0xFF, 0x13,
    0x5A, 0x58, 0x5D, 0x5E, 0x5E, 0x61, 0x5E, 0x62, 0x57, 0x58, 0x5F, 0x63, 0x67, 0x6A, 0x64, 0x67,
    0x18, 0x17, 0x1C, 0x1C, 0x37, 0x38, 0x62, 0x63, 0x63, 0x5E, 0x4D, 0x4A, 0x26, 0x24, 0x13, 0x12,
    0xFF, 0x4E, 0xFE, 0x14, 0xFF, 0x46, 0xFF, 0x68, 0xFF, 0x67, 0xFF, 0x59, 0xFE, 0x1D, 0xFF, 0x35,
    0xFF, 0x69, 0xFF, 0x6F, 0xFF, 0x72, 0xFE, 0x38, 0xFF, 0x4E, 0xFF, 0x6B, 0xFF, 0x71, 0xFF, 0x7F,
    0x4E, 0x4F, 0x14, 0x13, 0x45, 0x46, 0x67, 0x68, 0x67, 0x68, 0x59, 0x58, 0x1E, 0x1C, 0x36, 0x35,
    0x69, 0x69, 0x6F, 0x6E, 0x73, 0x6F, 0x39, 0x35, 0x4F, 0x4D, 0x6B, 0x6B, 0x72, 0x70, 0x81, 0x7C,
    0xFF, 0x62, 0xFF, 0x68, 0xFF, 0x76, 0xFF, 0x75, 0xFF, 0x63, 0xFF, 0x63, 0xFF, 0x63, 0xFF, 0x6A,
    0xFE, 0x2B, 0xFF, 0x55, 0xFF, 0x64, 0xFF, 0x60, 0xFF, 0x5D, 0xFE, 0x3D, 0xFF, 0x4C, 0xFF, 0x5E,
    0x62, 0x62, 0x68, 0x68, 0x75, 0x77, 0x74, 0x78, 0x63, 0x63, 0x63, 0x63, 0x63, 0x64, 0x69, 0x6D,
    0x2C, 0x2A, 0x56, 0x54, 0x64, 0x64, 0x5F, 0x61, 0x5F, 0x5A, 0x3F, 0x3B, 0x4C, 0x4A, 0x5E, 0x5E,
    0xFF, 0x6B, 0xFF, 0x66, 0xFF, 0x64, 0xFF, 0x5D, 0xFF, 0x65, 0xFF, 0x61, 0xFF, 0x60, 0xFF, 0x5A,
    0xFF, 0x5D, 0xFF, 0x5D, 0xFF, 0x5E, 0xFF, 0x5A, 0xFF, 0x5B, 0xFF, 0x57, 0xFF, 0x59, 0xFF, 0x5B,
    0x69, 0x6D, 0x65, 0x68, 0x63, 0x67, 0x5C, 0x60, 0x64, 0x69, 0x60, 0x64, 0x5E, 0x62, 0x59, 0x5D,
    0x5C, 0x61, 0x5B, 0x60, 0x5C, 0x60, 0x59, 0x5D, 0x5B, 0x5E, 0x56, 0x5B, 0x58, 0x5C, 0x5B, 0x5E,
    0xFF, 0x55, 0xFF, 0x47, 0xFF, 0x32, 0xFF, 0x72, 0xFF, 0x5B, 0xFF, 0x3F, 0xFF, 0x37, 0xFF, 0x79,
    0xFF, 0x5F, 0xFF, 0x35, 0xFF, 0x53, 0xFF, 0x84, 0xFF, 0x5D, 0xFF, 0x32, 0xFF, 0x71, 0xFF, 0x8A,
    0x53, 0x5A, 0x45, 0x4C, 0x32, 0x31, 0x73, 0x6E, 0x59, 0x5F, 0x3F, 0x42, 0x38, 0x35, 0x7B, 0x76,
    0x5E, 0x62, 0x35, 0x36, 0x54, 0x50, 0x86, 0x80, 0x5C, 0x5F, 0x32, 0x31, 0x72, 0x6E, 0x8D, 0x86,
    0xFF, 0x83, 0xFF, 0x80, 0xFF, 0x67, 0xFE, 0x30, 0xFF, 0x80, 0xFF, 0x76, 0xFE, 0x24, 0xFF, 0x44,
    0xFF, 0x7F, 0xFF, 0x6E, 0xFE, 0x17, 0xFF, 0x6A, 0xFF, 0x79, 0xFF, 0x7B, 0xFF, 0x36, 0xFF, 0x2F,
    0x85, 0x7F, 0x82, 0x7C, 0x69, 0x63, 0x31, 0x2E, 0x82, 0x7C, 0x78, 0x72, 0x25, 0x22, 0x45, 0x41,
    0x81, 0x7B, 0x70, 0x6A, 0x18, 0x16, 0x6C, 0x67, 0x7B, 0x75, 0x7D, 0x77, 0x37, 0x34, 0x30, 0x2D,
    0xFE, 0x33, 0xFE, 0x52, 0xFF, 0x67, 0xFF, 0x72, 0xFF, 0x7D, 0xFF, 0x76, 0xFF, 0x63, 0xFF, 0x57,
    0xFF, 0x74, 0xFF, 0x59, 0xFF, 0x4C, 0xFF, 0x4E, 0xFF, 0x7A, 0xFF, 0x5F, 0xFF, 0x50, 0xFF, 0x54,
    0x34, 0x30, 0x54, 0x4F, 0x67, 0x65, 0x72, 0x72, 0x7E, 0x7A, 0x76, 0x77, 0x62, 0x67, 0x55, 0x5C,
    0x74, 0x73, 0x58, 0x5D, 0x4B, 0x51, 0x4D, 0x54, 0x7A, 0x78, 0x5E, 0x61, 0x4F, 0x54, 0x52, 0x59,
    0xFF, 0x74, 0xFF, 0x6D, 0xFF, 0x6A, 0xFF, 0x67, 0xFF, 0x50, 0xFF, 0x4E, 0xFF, 0x4D, 0xFF, 0x4E,
    0xFF, 0x53, 0xFF, 0x56, 0xFF, 0x57, 0xFF, 0x61, 0xFF, 0x5B, 0xFF, 0x5C, 0xFF, 0x64, 0xFF, 0x5D,
    0x74, 0x75, 0x6D, 0x70, 0x68, 0x6E, 0x66, 0x70, 0x4F, 0x57, 0x4C, 0x56, 0x4B, 0x58, 0x4B, 0x5D,
    0x51, 0x5A, 0x54, 0x5E, 0x55, 0x63, 0x5D, 0x6E, 0x5A, 0x61, 0x5B, 0x63, 0x63, 0x6C, 0x5B, 0x68,
    0xFF, 0x68, 0xFF, 0x67, 0xFF, 0x66, 0xFF, 0x66, 0xFF, 0x55, 0xFF, 0x5D, 0xFF, 0x64, 0xFF, 0x6C,
    0xFF, 0x6D, 0xFF, 0x76, 0xFF, 0x78, 0xFF, 0x7B, 0xFF, 0x59, 0xFF, 0x5F, 0xFF, 0x6C, 0xFF, 0x70,
    0x65, 0x74, 0x63, 0x78, 0x61, 0x7C, 0x61, 0x81, 0x51, 0x68, 0x58, 0x75, 0x5F, 0x80, 0x67, 0x8C,
    0x69, 0x7F, 0x72, 0x8B, 0x73, 0x91, 0x76, 0x96, 0x57, 0x68, 0x5D, 0x73, 0x69, 0x83, 0x6C, 0x8A,
    0xFF, 0x6A, 0xFF, 0x73, 0xFF, 0x77, 0xFF, 0x85, 0xFF, 0x77, 0xFF, 0x81, 0xFF, 0x8A, 0xFF, 0x94,
    0xFF, 0x7D, 0xFF, 0x76, 0xFF, 0x69, 0xFF, 0x5B, 0xFF, 0x5C, 0xFE, 0x4C, 0xFE, 0x49, 0xFF, 0x52,
    0x65, 0x8A, 0x6D, 0x95, 0x71, 0x9C, 0x7E, 0xB0, 0x70, 0x99, 0x7A, 0xA5, 0x82, 0xB0, 0x8C, 0xBE,
    0x78, 0x9A, 0x71, 0x97, 0x66, 0x8E, 0x5A, 0x83, 0x5A, 0x7C, 0x4C, 0x71, 0x4A, 0x71, 0x52, 0x7B,
    0xFF, 0xA3, 0xFF, 0x8E, 0xFF, 0x36, 0xFF, 0x85, 0xFF, 0x94, 0xFF, 0x44, 0xFF, 0x56, 0xFF, 0x9D,
    0xFF, 0x3E, 0xFF, 0x4B, 0xFF, 0x8B, 0xFF, 0xA1, 0xFF, 0x6B, 0xFF, 0x87, 0xFF, 0x92, 0xFF, 0xAA,
    0x99, 0xD2, 0x87, 0xBB, 0x3A, 0x62, 0x7F, 0xB5, 0x8B, 0xBC, 0x46, 0x6E, 0x56, 0x84, 0x96, 0xD3,
    0x41, 0x69, 0x4C, 0x77, 0x85, 0xBF, 0x9C, 0xDD, 0x67, 0x96, 0x81, 0xB8, 0x8E, 0xCC, 0xA8, 0xEA,
    0xFF, 0xA6, 0xFF, 0xAB, 0xFF, 0xB0, 0xFF, 0xA1, 0xFF, 0xA9, 0xFF, 0xAF, 0xFF, 0xAC, 0xFF, 0xAA,
    0xFF, 0xB0, 0xFF, 0xB2, 0xFF, 0xA8, 0xFF, 0xAD, 0xFF, 0xB5, 0xFF, 0xB0, 0xFF, 0xA2, 0xFF, 0xAA,
    0x9E, 0xDD, 0xA6, 0xE6, 0xAB, 0xF1, 0x9B, 0xEB, 0xA5, 0xE5, 0xAD, 0xEE, 0xA8, 0xF1, 0xA7, 0xFB,
    0xAE, 0xF0, 0xB3, 0xF5, 0xA7, 0xF4, 0xAB, 0xFF, 0xB7, 0xF9, 0xB5, 0xF9, 0xA3, 0xF3, 0xA9, 0xFF,
    0xFC, 0x24, 0xFF, 0x00, 0xC0, 0x03, 0x00, 0x01, 0xFD, 0x3A, 0xFF, 0x00, 0xDA, 0x04, 0x03, 0x55,
    0xFE, 0x45, 0xFF, 0x00, 0xE9, 0x04, 0x0E, 0x12, 0xFE, 0x49, 0xFF, 0x00, 0xF2, 0x04, 0x17, 0x16,
    0x23, 0x36, 0x00, 0x00, 0x03, 0x06, 0x01, 0x01, 0x39, 0x56, 0x00, 0x00, 0x04, 0x07, 0x55, 0x55,
    0x46, 0x69, 0x00, 0x00, 0x04, 0x06, 0x12, 0x24, 0x48, 0x75, 0x00, 0x00, 0x04, 0x06, 0x16, 0x21,
    0x02, 0x00, 0x00, 0x00, 0x00, 0x00, 0x00, 0x00, 0x00, 0x00, 0x01, 0x00, 0x00, 0x00, 0x00, 0x00,
    0x00, 0x00, 0x01, 0x00, 0x00, 0x00, 0x00, 0x00, 0x00, 0x00, 0x01, 0x00, 0x00, 0x00, 0x00, 0x00,
    0x00, 0x00, 0x00, 0x00, 0x00, 0x00, 0x00, 0x00, 0x00, 0x00, 0x00, 0x00, 0x00, 0x00, 0x00, 0x00,
    0x00, 0x00, 0x00, 0x00, 0x00, 0x00, 0x00, 0x00, 0x00, 0x00, 0x00, 0x00, 0x00, 0x00, 0x00, 0x00,
    0x00, 0x00, 0x00, 0x00, 0x02, 0x00, 0x00, 0x00, 0x00, 0x00, 0x00, 0x00, 0x01, 0x00, 0x00, 0x00,
    0x00, 0x00, 0x00, 0x00, 0x01, 0x00, 0x00, 0x00, 0x00, 0x00, 0x00, 0x00, 0x01, 0x00, 0x00, 0x00,
    0x00, 0x00, 0x00, 0x00, 0x00, 0x00, 0x00, 0x00, 0x00, 0x00, 0x00, 0x00, 0x00, 0x00, 0x00, 0x00,
    0x00, 0x00, 0x00, 0x00, 0x00, 0x00, 0x00, 0x00, 0x00, 0x00, 0x00, 0x00, 0x00, 0x00, 0x00, 0x00,
    0x1B, 0x12, 0xF5, 0x04, 0xFF, 0x00, 0xFE, 0x4D, 0x19, 0x14, 0xF4, 0x04, 0xFF, 0x00, 0xFE, 0x4B,
    0x12, 0x1C, 0xED, 0x04, 0xFF, 0x00, 0xFE, 0x44, 0x06, 0x2A, 0xE0, 0x04, 0xFF, 0x00, 0xFD, 0x39,
    0x12, 0x1C, 0x04, 0x06, 0x00, 0x00, 0x4D, 0x7C, 0x14, 0x1E, 0x04, 0x06, 0x00, 0x00, 0x4B, 0x79,
    0x1C, 0x1C, 0x04, 0x06, 0x00, 0x00, 0x45, 0x6E, 0x2A, 0x55, 0x04, 0x07, 0x00, 0x00, 0x3B, 0x5E,
    0xFF, 0xAC, 0xFF, 0x9C, 0xFF, 0xA9, 0xFF, 0xB5, 0xFF, 0xAE, 0xFF, 0x9A, 0xFF, 0xA2, 0xFF, 0xAE,
    0xFF, 0xB0, 0xFF, 0x9C, 0xFF, 0x99, 0xFF, 0xAA, 0xFF, 0xAE, 0xFF, 0x9D, 0xFF, 0x8D, 0xFF, 0xA4,
    0xAD, 0xFF, 0x9C, 0xF0, 0xAF, 0xF6, 0xBA, 0xFD, 0xAF, 0xFF, 0x9B, 0xF1, 0xA7, 0xF3, 0xB7, 0xFB,
    0xB4, 0xFF, 0x9D, 0xF3, 0x9C, 0xEE, 0xB2, 0xF9, 0xB3, 0xFF, 0xA0, 0xF5, 0x8E, 0xE5, 0xAA, 0xF5,
    0xFF, 0xAB, 0xFF, 0x9A, 0xFF, 0x92, 0xFF, 0x93, 0xFF, 0xA8, 0xFF, 0xA2, 0xFF, 0x9E, 0xFF, 0x9B,
    0xFF, 0xA3, 0xFF, 0x9E, 0xFF, 0x98, 0xFF, 0x92, 0xFF, 0xA1, 0xFF, 0x95, 0xFF, 0x91, 0xFF, 0x86,
    0xAB, 0xEF, 0x97, 0xD8, 0x8D, 0xC8, 0x8B, 0xC1, 0xAA, 0xEF, 0xA1, 0xE3, 0x99, 0xD8, 0x94, 0xCD,
    0xA8, 0xED, 0x9D, 0xE2, 0x95, 0xD5, 0x8C, 0xC6, 0xA7, 0xEE, 0x96, 0xDC, 0x8E, 0xD0, 0x80, 0xBB,
    0xFF, 0x8F, 0xFF, 0x89, 0xFF, 0x81, 0xFF, 0x7B, 0xFF, 0x96, 0xFF, 0x93, 0xFF, 0x8E, 0xFF, 0x8B,
    0xFF, 0x8A, 0xFF, 0x86, 0xFF, 0x85, 0xFF, 0x7F, 0xFF, 0x79, 0xFF, 0x76, 0xFF, 0x6D, 0xFF, 0x61,
    0x86, 0xB5, 0x82, 0xAC, 0x7B, 0xA1, 0x76, 0x97, 0x8E, 0xC2, 0x8B, 0xBB, 0x88, 0xB4, 0x85, 0xAC,
    0x83, 0xB8, 0x80, 0xB0, 0x7F, 0xAC, 0x79, 0xA4, 0x73, 0xA6, 0x6F, 0x9D, 0x67, 0x92, 0x5C, 0x87,
    0xFF, 0x79, 0xFF, 0x70, 0xFF, 0x5F, 0xFF, 0x52, 0xFF, 0x85, 0xFF, 0x79, 0xFF, 0x6E, 0xFF, 0x7E,
    0xFF, 0x78, 0xFF, 0x6C, 0xFF, 0x73, 0xFF, 0x5D, 0xFF, 0x60, 0xFF, 0x6F, 0xFF, 0x63, 0xFE, 0x22,
    0x74, 0x92, 0x6C, 0x87, 0x5D, 0x74, 0x51, 0x62, 0x80, 0xA3, 0x74, 0x93, 0x6A, 0x84, 0x7B, 0x90,
    0x72, 0x9B, 0x67, 0x8C, 0x6E, 0x8D, 0x5A, 0x6C, 0x5A, 0x84, 0x69, 0x90, 0x5F, 0x79, 0x22, 0x2A,
    0xFE, 0x39, 0xFE, 0x41, 0xFF, 0x69, 0xFF, 0x64, 0xFF, 0x4B, 0xFE, 0x36, 0xFF, 0x7A, 0xFF, 0x68,
    0xFE, 0x21, 0xFF, 0x70, 0xFF, 0x76, 0xFF, 0x63, 0xFF, 0x68, 0xFF, 0x7F, 0xFF, 0x6A, 0xFF, 0x63,
    0x38, 0x42, 0x41, 0x46, 0x68, 0x6D, 0x64, 0x67, 0x4A, 0x53, 0x37, 0x39, 0x7A, 0x7E, 0x68, 0x6A,
    0x21, 0x25, 0x6F, 0x78, 0x75, 0x7B, 0x62, 0x66, 0x66, 0x75, 0x7C, 0x8A, 0x69, 0x70, 0x63, 0x65,
    0xFF, 0x5C, 0xFF, 0x5C, 0xFF, 0x6E, 0xFF, 0x4C, 0xFF, 0x5F, 0xFF, 0x6B, 0xFF, 0x5F, 0xFE, 0x19,
    0xFF, 0x63, 0xFF, 0x65, 0xFE, 0x1F, 0xFF, 0x41, 0xFF, 0x68, 0xFE, 0x25, 0xFF, 0x38, 0xFF, 0x5F,
    0x5B, 0x60, 0x5B, 0x5F, 0x6E, 0x6E, 0x4C, 0x4A, 0x5E, 0x61, 0x6B, 0x6B, 0x60, 0x5E, 0x1A, 0x19,
    0x62, 0x63, 0x65, 0x64, 0x1F, 0x1E, 0x40, 0x44, 0x68, 0x67, 0x26, 0x24, 0x37, 0x3B, 0x5D, 0x64,
    0xFF, 0x1A, 0xFF, 0x5D, 0xFF, 0x6A, 0xFF, 0x68, 0xFF, 0x4B, 0xFF, 0x61, 0xFF, 0x6E, 0xFF, 0x64,
    0xFF, 0x5A, 0xFF, 0x65, 0xFF, 0x6D, 0xFE, 0x5C, 0xFF, 0x61, 0xFF, 0x70, 0xFF, 0x66, 0xFE, 0x52,
    0x1A, 0x19, 0x5D, 0x5F, 0x69, 0x6C, 0x67, 0x6B, 0x4B, 0x4E, 0x60, 0x64, 0x6D, 0x70, 0x63, 0x65,
    0x59, 0x5F, 0x64, 0x68, 0x6C, 0x6F, 0x59, 0x59, 0x5F, 0x64, 0x6F, 0x72, 0x65, 0x65, 0x4E, 0x4D,
    0xFE, 0x56, 0xFF, 0x29, 0xFF, 0x4D, 0xFF, 0x63, 0xFE, 0x42, 0xFF, 0x36, 0xFF, 0x62, 0xFF, 0x6B,
    0xFE, 0x36, 0xFF, 0x4D, 0xFF, 0x68, 0xFF, 0x7C, 0xFE, 0x38, 0xFF, 0x60, 0xFF, 0x70, 0xFF, 0x8A,
    0x53, 0x55, 0x29, 0x26, 0x44, 0x42, 0x52, 0x4D, 0x3F, 0x3F, 0x31, 0x2E, 0x51, 0x4C, 0x56, 0x49,
    0x34, 0x32, 0x43, 0x3D, 0x54, 0x4B, 0x61, 0x4C, 0x34, 0x31, 0x50, 0x49, 0x59, 0x4A, 0x6A, 0x4E,
    0xFF, 0x72, 0xFF, 0x8B, 0xFF, 0x93, 0xFF, 0x9D, 0xFF, 0x86, 0xFF, 0x93, 0xFF, 0x99, 0xFE, 0x98,
    0xFF, 0x90, 0xFF, 0x96, 0xFE, 0x9C, 0xFE, 0x67, 0xFF, 0x94, 0xFE, 0x9D, 0xFE, 0x77, 0xFF, 0x73,
    0x5A, 0x4C, 0x6A, 0x4A, 0x6C, 0x3F, 0x6F, 0x39, 0x67, 0x4D, 0x6E, 0x44, 0x6C, 0x38, 0x67, 0x2D,
    0x6E, 0x4A, 0x6D, 0x3E, 0x6A, 0x2E, 0x46, 0x1F, 0x6F, 0x46, 0x6E, 0x36, 0x50, 0x21, 0x4F, 0x25,
    0xFF, 0x94, 0xFF, 0x64, 0xFF, 0xAA, 0xFF, 0xCB, 0xFF, 0x62, 0xFF, 0x9F, 0xFF, 0xC9, 0xFF, 0xCE,
    0xFF, 0x8C, 0xFF, 0xC8, 0xFF, 0xCB, 0xFF, 0xDA, 0xFF, 0xC3, 0xFF, 0xC8, 0xFF, 0xD6, 0xFF, 0xE2,
    0x67, 0x31, 0x46, 0x21, 0x72, 0x30, 0x85, 0x31, 0x44, 0x1F, 0x6C, 0x2F, 0x85, 0x33, 0x88, 0x2C,
    0x60, 0x2B, 0x85, 0x34, 0x85, 0x2D, 0x94, 0x2C, 0x82, 0x35, 0x83, 0x2F, 0x90, 0x2C, 0xA0, 0x2C,
    0xFF, 0xCF, 0xFF, 0xDF, 0xFF, 0xE8, 0xFF, 0xEB, 0xFF, 0xDD, 0xFF, 0xE8, 0xFF, 0xED, 0xFF, 0xEE,
    0xFF, 0xE6, 0xFF, 0xEE, 0xFF, 0xF0, 0xFF, 0xEF, 0xFF, 0xEC, 0xFF, 0xF0, 0xFF, 0xF1, 0xFF, 0xEE,
    0x89, 0x2B, 0x99, 0x2A, 0xA5, 0x2A, 0xAB, 0x29, 0x97, 0x2A, 0xA5, 0x2B, 0xAC, 0x2A, 0xAE, 0x29,
    0xA3, 0x2B, 0xAD, 0x2A, 0xB0, 0x29, 0xB0, 0x2A, 0xAC, 0x2B, 0xB1, 0x29, 0xB3, 0x2A, 0xAF, 0x2A,
    0xFF, 0xEC, 0xFF, 0xEA, 0xFF, 0xE3, 0xFF, 0xD8, 0xFF, 0xED, 0xFF, 0xE7, 0xFF, 0xDD, 0xFF, 0xD5,
    0xFF, 0xEC, 0xFF, 0xE4, 0xFF, 0xD6, 0xFF, 0xD0, 0xFF, 0xE8, 0xFF, 0xDC, 0xFF, 0xD4, 0xFF, 0xAD,
    0xAB, 0x29, 0xA8, 0x2A, 0xA0, 0x2B, 0x94, 0x2C, 0xAD, 0x2A, 0xA5, 0x2B, 0x99, 0x2C, 0x8E, 0x2D,
    0xAB, 0x2A, 0xA1, 0x2B, 0x92, 0x2D, 0x89, 0x30, 0xA7, 0x2A, 0x99, 0x2C, 0x8E, 0x2F, 0x73, 0x2C,
    0xFF, 0xD6, 0xFF, 0xA4, 0xFF, 0x7E, 0xFF, 0xB8, 0xFF, 0xBC, 0xFF, 0x79, 0xFF, 0xAF, 0xFF, 0xB2,
    0xFF, 0x87, 0xFF, 0x99, 0xFF, 0xB5, 0xFF, 0xB1, 0xFF, 0x80, 0xFF, 0xB5, 0xFF, 0xAC, 0xFF, 0xB5,
    0x8D, 0x2E, 0x6D, 0x2A, 0x56, 0x26, 0x7C, 0x37, 0x7C, 0x2E, 0x52, 0x24, 0x76, 0x34, 0x7F, 0x3C,
    0x5B, 0x26, 0x68, 0x2E, 0x7E, 0x3B, 0x86, 0x46, 0x57, 0x27, 0x7C, 0x39, 0x7F, 0x41, 0x90, 0x51,
    0xFF, 0xB1, 0xFF, 0xBB, 0xFF, 0xBE, 0xFF, 0xA6, 0xFF, 0xB6, 0xFF, 0xBC, 0xFF, 0xAC, 0xFF, 0x8D,
    0xFF, 0xBA, 0xFF, 0xB3, 0xFF, 0x93, 0xFF, 0x74, 0xFF, 0xB7, 0xFF, 0x9E, 0xFF, 0x83, 0xFF, 0x4C,
    0x80, 0x3E, 0x93, 0x4D, 0x9B, 0x58, 0x85, 0x55, 0x8E, 0x4A, 0x99, 0x57, 0x8B, 0x58, 0x6F, 0x4F,
    0x96, 0x55, 0x92, 0x5B, 0x75, 0x51, 0x5F, 0x48, 0x97, 0x5D, 0x7E, 0x55, 0x6A, 0x4F, 0x43, 0x37,
    0xFF, 0x86, 0xFF, 0x54, 0xFE, 0x39, 0xFF, 0x61, 0xFF, 0x5E, 0xFE, 0x3E, 0xFF, 0x6F, 0xFF, 0x70,
    0xFE, 0x3D, 0xFF, 0x69, 0xFF, 0x6F, 0xFF, 0x74, 0xFF, 0x51, 0xFF, 0x6F, 0xFF, 0x70, 0xFF, 0x79,
    0x6A, 0x4E, 0x48, 0x3C, 0x35, 0x2F, 0x5A, 0x4F, 0x4F, 0x3F, 0x3B, 0x34, 0x65, 0x57, 0x69, 0x60,
    0x38, 0x31, 0x60, 0x52, 0x68, 0x5F, 0x70, 0x6C, 0x4B, 0x42, 0x68, 0x5E, 0x6C, 0x69, 0x77, 0x77,
    0xFF, 0x70, 0xFF, 0x77, 0xFF, 0x86, 0xFF, 0x8C, 0xFF, 0x71, 0xFF, 0x7E, 0xFF, 0x82, 0xFF, 0x7E,
    0xFF, 0x7A, 0xFF, 0x75, 0xFF, 0x66, 0xFF, 0x5E, 0xFF, 0x6B, 0xFF, 0x56, 0xFF, 0x4E, 0xFF, 0x4F,
    0x6A, 0x60, 0x75, 0x6D, 0x86, 0x80, 0x8F, 0x89, 0x6E, 0x69, 0x7D, 0x7A, 0x83, 0x82, 0x7E, 0x7F,
    0x78, 0x77, 0x74, 0x77, 0x65, 0x69, 0x5C, 0x62, 0x6A, 0x6D, 0x55, 0x59, 0x4C, 0x52, 0x4E, 0x54,
    0xFF, 0x8C, 0xFF, 0x87, 0xFF, 0x7D, 0xFF, 0x4C, 0xFF, 0x82, 0xFF, 0x84, 0xFF, 0x81, 0xFF, 0x7F,
    0xFF, 0x60, 0xFF, 0x68, 0xFF, 0x78, 0xFF, 0x7C, 0xFF, 0x4D, 0xFF, 0x4D, 0xFF, 0x5E, 0xFF, 0x73,
    0x8E, 0x89, 0x89, 0x84, 0x7F, 0x7A, 0x4D, 0x49, 0x82, 0x82, 0x85, 0x82, 0x83, 0x7E, 0x81, 0x7C,
    0x5E, 0x64, 0x66, 0x6B, 0x77, 0x79, 0x7D, 0x79, 0x4C, 0x53, 0x4C, 0x53, 0x5D, 0x63, 0x73, 0x74,
    0xFF, 0x09, 0xFF, 0x4D, 0xFF, 0x6D, 0xFF, 0x78, 0xFF, 0x4E, 0xFF, 0x0C, 0xFF, 0x5D, 0xFF, 0x6D,
    0xFF, 0x78, 0xFF, 0x2E, 0xFF, 0x26, 0xFF, 0x69, 0xFF, 0x75, 0xFF, 0x5F, 0xFF, 0x10, 0xFF, 0x59,
    0x0A, 0x08, 0x4E, 0x4C, 0x6D, 0x6E, 0x78, 0x76, 0x4F, 0x4B, 0x0D, 0x0A, 0x5D, 0x5C, 0x6D, 0x6D,
    0x7A, 0x75, 0x2F, 0x2B, 0x27, 0x24, 0x69, 0x69, 0x76, 0x72, 0x61, 0x5C, 0x11, 0x0E, 0x59, 0x58,
    0xFF, 0x83, 0xFF, 0x74, 0xFF, 0x5D, 0xFF, 0x59, 0xFF, 0x85, 0xFF, 0x82, 0xFF, 0x79, 0xFF, 0x6F,
    0xFF, 0x72, 0xFF, 0x86, 0xFF, 0x84, 0xFF, 0x7B, 0xFF, 0x69, 0xFF, 0x80, 0xFF, 0x85, 0xFF, 0x7E,
    0x84, 0x7E, 0x75, 0x70, 0x5E, 0x59, 0x5A, 0x56, 0x86, 0x81, 0x84, 0x7E, 0x7B, 0x75, 0x71, 0x6C,
    0x72, 0x70, 0x88, 0x82, 0x86, 0x80, 0x7D, 0x77, 0x69, 0x68, 0x82, 0x7D, 0x87, 0x81, 0x7F, 0x7A,
    0xFF, 0x5F, 0xFF, 0x5A, 0xFF, 0x58, 0xFF, 0x5C, 0xFF, 0x66, 0xFF, 0x54, 0xFF, 0x50, 0xFF, 0x5F,
    0xFF, 0x73, 0xFF, 0x65, 0xFF, 0x4F, 0xFF, 0x41, 0xFF, 0x78, 0xFF, 0x75, 0xFF, 0x6F, 0xFF, 0x64,
    0x5F, 0x60, 0x59, 0x5D, 0x56, 0x5B, 0x5B, 0x5F, 0x67, 0x63, 0x54, 0x54, 0x4F, 0x53, 0x5E, 0x62,
    0x75, 0x6F, 0x66, 0x62, 0x50, 0x4F, 0x41, 0x41, 0x7A, 0x75, 0x77, 0x71, 0x71, 0x6C, 0x65, 0x61,
    0xFF, 0x51, 0xFF, 0x3A, 0xFF, 0x82, 0xFF, 0x7D, 0xFF, 0x3F, 0xFF, 0x51, 0xFF, 0x7C, 0xFF, 0x65,
    0xFF, 0x3D, 0xFF, 0x70, 0xFF, 0x6E, 0xFF, 0x3F, 0xFF, 0x6C, 0xFF, 0x75, 0xFF, 0x64, 0xFE, 0x22,
    0x51, 0x52, 0x3B, 0x38, 0x84, 0x7E, 0x7F, 0x79, 0x3F, 0x3F, 0x53, 0x4E, 0x7D, 0x7A, 0x65, 0x65,
    0x3E, 0x3B, 0x72, 0x6D, 0x6D, 0x70, 0x3E, 0x41, 0x6E, 0x68, 0x76, 0x72, 0x62, 0x67, 0x22, 0x23,
    0xFF, 0x72, 0xFF, 0x74, 0xFF, 0x6F, 0xFE, 0x1B, 0xFF, 0x46, 0xFF, 0x5C, 0xFF, 0x6C, 0xFF, 0x59,
    0xFF, 0x09, 0xFF, 0x12, 0xFF, 0x51, 0xFF, 0x6B, 0xFF, 0x4D, 0xFF, 0x3B, 0xFF, 0x09, 0xFF, 0x57,
    0x74, 0x6F, 0x75, 0x71, 0x71, 0x6C, 0x1C, 0x19, 0x47, 0x44, 0x5D, 0x5B, 0x6C, 0x6C, 0x5A, 0x57,
    0x09, 0x08, 0x13, 0x10, 0x51, 0x52, 0x6B, 0x6C, 0x4E, 0x4A, 0x3D, 0x38, 0x0A, 0x08, 0x56, 0x5A,
    0xFF, 0x51, 0xFF, 0x72, 0xFF, 0x59, 0xFF, 0x5A, 0xFE, 0x19, 0xFF, 0x65, 0xFF, 0x6D, 0xFF, 0x5E,
    0xFF, 0x4F, 0xFE, 0x1F, 0xFF, 0x6A, 0xFF, 0x64, 0xFF, 0x72, 0xFF, 0x46, 0xFE, 0x25, 0xFF, 0x6C,
    0x52, 0x4E, 0x72, 0x72, 0x58, 0x5C, 0x59, 0x5E, 0x1A, 0x17, 0x65, 0x61, 0x6D, 0x6D, 0x5D, 0x60,
    0x50, 0x4D, 0x20, 0x1D, 0x6B, 0x67, 0x64, 0x65, 0x71, 0x73, 0x47, 0x43, 0x26, 0x24, 0x6E, 0x6B,
    0xFF, 0x65, 0xFF, 0x6E, 0xFE, 0x45, 0xFE, 0x3B, 0xFF, 0x68, 0xFF, 0x7B, 0xFE, 0x37, 0xFF, 0x4C,
    0xFF, 0x63, 0xFF, 0x75, 0xFF, 0x70, 0xFE, 0x21, 0xFF, 0x63, 0xFF, 0x6A, 0xFF, 0x7F, 0xFF, 0x68,
    0x65, 0x67, 0x6E, 0x71, 0x45, 0x49, 0x3B, 0x44, 0x68, 0x6A, 0x7B, 0x7F, 0x38, 0x3A, 0x4B, 0x55,
    0x62, 0x66, 0x74, 0x7B, 0x6F, 0x78, 0x21, 0x26, 0x63, 0x65, 0x68, 0x70, 0x7C, 0x8A, 0x66, 0x75,
    0xFF, 0x55, 0xFF, 0x62, 0xFF, 0x70, 0xFF, 0x76, 0xFF, 0x7E, 0xFF, 0x6F, 0xFF, 0x7C, 0xFF, 0x86,
    0xFF, 0x5A, 0xFF, 0x72, 0xFF, 0x74, 0xFF, 0x85, 0xFE, 0x22, 0xFF, 0x65, 0xFF, 0x77, 0xFF, 0x70,
    0x54, 0x64, 0x60, 0x76, 0x6C, 0x87, 0x72, 0x90, 0x7A, 0x90, 0x6A, 0x84, 0x77, 0x95, 0x81, 0xA3,
    0x58, 0x6A, 0x6D, 0x8C, 0x6E, 0x92, 0x7F, 0xA5, 0x22, 0x2A, 0x61, 0x7A, 0x71, 0x96, 0x6A, 0x92,
    0xFF, 0x77, 0xFF, 0x7D, 0xFF, 0x84, 0xFF, 0x8A, 0xFF, 0x89, 0xFF, 0x8C, 0xFF, 0x91, 0xFF, 0x91,
    0xFF, 0x8B, 0xFF, 0x8B, 0xFF, 0x8C, 0xFF, 0x8C, 0xFF, 0x75, 0xFF, 0x7B, 0xFF, 0x7D, 0xFF, 0x80,
    0x72, 0x95, 0x77, 0x9E, 0x7D, 0xA8, 0x82, 0xB2, 0x84, 0xAB, 0x86, 0xB3, 0x89, 0xB9, 0x8A, 0xC0,
    0x85, 0xAD, 0x85, 0xB0, 0x85, 0xB4, 0x85, 0xBA, 0x70, 0x98, 0x76, 0x9E, 0x77, 0xA4, 0x7A, 0xAC,
    0xFF, 0x8E, 0xFF, 0x8E, 0xFF, 0x97, 0xFF, 0xAB, 0xFF, 0x96, 0xFF, 0x99, 0xFF, 0x9C, 0xFF, 0xA4,
    0xFF, 0x8F, 0xFF, 0x94, 0xFF, 0x97, 0xFF, 0x9B, 0xFF, 0x88, 0xFF, 0x8E, 0xFF, 0x8E, 0xFF, 0x97,
    0x87, 0xBD, 0x89, 0xC5, 0x94, 0xD5, 0xAA, 0xEE, 0x8F, 0xC9, 0x94, 0xD3, 0x99, 0xDE, 0xA5, 0xEC,
    0x89, 0xC3, 0x8F, 0xD0, 0x95, 0xDC, 0x9D, 0xE6, 0x83, 0xBE, 0x8A, 0xCD, 0x8D, 0xD5, 0x9A, 0xE5,
    0xFF, 0xB6, 0xFF, 0xA9, 0xFF, 0x9C, 0xFF, 0xAC, 0xFF, 0xAE, 0xFF, 0xA2, 0xFF, 0x9A, 0xFF, 0xAE,
    0xFF, 0xA6, 0xFF, 0x98, 0xFF, 0x9C, 0xFF, 0xB0, 0xFF, 0x9E, 0xFF, 0x8C, 0xFF, 0x9D, 0xFF, 0xAE,
    0xBA, 0xFD, 0xAF, 0xF6, 0x9C, 0xF0, 0xAD, 0xFF, 0xB5, 0xFA, 0xA7, 0xF3, 0x9B, 0xF1, 0xAF, 0xFF,
    0xAC, 0xF5, 0x9B, 0xED, 0x9D, 0xF3, 0xB4, 0xFF, 0xA2, 0xF0, 0x8D, 0xE4, 0xA0, 0xF5, 0xB3, 0xFF,
    0xFE, 0x4D, 0xFF, 0x00, 0xF5, 0x04, 0x1B, 0x12, 0xFE, 0x4B, 0xFF, 0x00, 0xF4, 0x04, 0x19, 0x14,
    0xFE, 0x44, 0xFF, 0x00, 0xED, 0x04, 0x12, 0x1C, 0xFD, 0x39, 0xFF, 0x00, 0xE0, 0x04, 0x06, 0x2A,
    0x4D, 0x7C, 0x00, 0x00, 0x04, 0x06, 0x12, 0x1C, 0x4B, 0x79, 0x00, 0x00, 0x04, 0x06, 0x14, 0x1E,
    0x45, 0x6E, 0x00, 0x00, 0x04, 0x06, 0x1C, 0x1C, 0x3B, 0x5E, 0x00, 0x00, 0x04, 0x07, 0x2A, 0x55,
    0x00, 0x00, 0x02, 0x00, 0x00, 0x00, 0x00, 0x00, 0x00, 0x00, 0x01, 0x00, 0x00, 0x00, 0x00, 0x00,
    0x00, 0x00, 0x01, 0x00, 0x00, 0x00, 0x00, 0x00, 0x00, 0x00, 0x01, 0x00, 0x00, 0x00, 0x00, 0x00,
    0x00, 0x00, 0x00, 0x00, 0x00, 0x00, 0x00, 0x00, 0x00, 0x00, 0x00, 0x00, 0x00, 0x00, 0x00, 0x00,
    0x00, 0x00, 0x00, 0x00, 0x00, 0x00, 0x00, 0x00, 0x00, 0x00, 0x00, 0x00, 0x00, 0x00, 0x00, 0x00,
    0x00, 0x00, 0x00, 0x00, 0x00, 0x00, 0x01, 0x00, 0x00, 0x00, 0x00, 0x00, 0x00, 0x00, 0x03, 0x00,
    0x00, 0x00, 0x00, 0x00, 0x00, 0x00, 0x04, 0x00, 0x00, 0x00, 0x00, 0x00, 0x00, 0x00, 0x03, 0x00,
    0x00, 0x00, 0x00, 0x00, 0x00, 0x00, 0x00, 0x00, 0x00, 0x00, 0x00, 0x00, 0x00, 0x00, 0x00, 0x00,
    0x00, 0x00, 0x00, 0x00, 0x00, 0x00, 0x00, 0x00, 0x00, 0x00, 0x00, 0x00, 0x00, 0x00, 0x00, 0x00,
    0x00, 0x01, 0xCA, 0x05, 0xFF, 0x00, 0xFC, 0x2B, 0x00, 0x00, 0xA8, 0x04, 0xFF, 0x00, 0xFB, 0x18,
    0x00, 0x00, 0x79, 0x06, 0xFF, 0x00, 0xFB, 0x06, 0x00, 0x00, 0x44, 0x07, 0xFF, 0x02, 0xFD, 0x00,
    0x01, 0x01, 0x05, 0x07, 0x00, 0x00, 0x2C, 0x44, 0x00, 0x00, 0x06, 0x09, 0x00, 0x00, 0x19, 0x26,
    0x00, 0x00, 0x06, 0x0A, 0x00, 0x00, 0x06, 0x09, 0x00, 0x00, 0x07, 0x0B, 0x02, 0x03, 0x00, 0x00,
    0xFF, 0xA4, 0xFF, 0x9A, 0xFF, 0x87, 0xFF, 0x96, 0xFF, 0x99, 0xFF, 0x9C, 0xFF, 0x8A, 0xFF, 0x8C,
    0xFF, 0x87, 0xFF, 0xA0, 0xFF, 0x90, 0xFF, 0x88, 0xFF, 0x6B, 0xFF, 0xA2, 0xFF, 0x90, 0xFF, 0x84,
    0xA7, 0xFF, 0x9C, 0xF5, 0x87, 0xDF, 0x98, 0xE9, 0x9B, 0xF6, 0x9E, 0xFA, 0x8A, 0xE2, 0x8D, 0xE1,
    0x88, 0xDA, 0xA2, 0xFF, 0x92, 0xE8, 0x87, 0xDC, 0x6C, 0xAE, 0xA3, 0xFF, 0x90, 0xE7, 0x82, 0xD9,
    0xFF, 0x9D, 0xFF, 0x91, 0xFF, 0x88, 0xFF, 0x80, 0xFF, 0x93, 0xFF, 0x8C, 0xFF, 0x84, 0xFF, 0x7A,
    0xFF, 0x88, 0xFF, 0x81, 0xFF, 0x7C, 0xFF, 0x6E, 0xFF, 0x84, 0xFF, 0x78, 0xFF, 0x6D, 0xFF, 0x67,
    0xA2, 0xEB, 0x91, 0xDA, 0x85, 0xC9, 0x7B, 0xB7, 0x95, 0xE3, 0x8A, 0xD5, 0x81, 0xC6, 0x75, 0xB2,
    0x87, 0xD8, 0x7E, 0xCB, 0x77, 0xBD, 0x68, 0xA6, 0x81, 0xD4, 0x74, 0xC1, 0x68, 0xAF, 0x61, 0x9F,
    0xFF, 0x74, 0xFF, 0x65, 0xFF, 0x5B, 0xFF, 0x5A, 0xFF, 0x6B, 0xFF, 0x5E, 0xFF, 0x61, 0xFF, 0x73,
    0xFF, 0x61, 0xFF, 0x67, 0xFF, 0x77, 0xFF, 0x6F, 0xFF, 0x63, 0xFF, 0x74, 0xFF, 0x78, 0xFF, 0x6B,
    0x6E, 0xA1, 0x5F, 0x8D, 0x56, 0x81, 0x55, 0x80, 0x65, 0x9A, 0x59, 0x89, 0x5B, 0x89, 0x6D, 0x96,
    0x5B, 0x90, 0x61, 0x92, 0x71, 0x9B, 0x6A, 0x8E, 0x5E, 0x90, 0x6E, 0x99, 0x73, 0x99, 0x67, 0x89,
    0xFF, 0x6F, 0xFF, 0x67, 0xFE, 0x2B, 0xFF, 0x6B, 0xFF, 0x69, 0xFE, 0x3C, 0xFF, 0x72, 0xFF, 0x8E,
    0xFF, 0x53, 0xFF, 0x7D, 0xFF, 0x8F, 0xFF, 0x7D, 0xFF, 0x89, 0xFF, 0x95, 0xFF, 0x83, 0xFF, 0x73,
    0x69, 0x91, 0x63, 0x80, 0x2C, 0x38, 0x68, 0x7C, 0x65, 0x85, 0x3A, 0x4E, 0x6E, 0x87, 0x88, 0xA4,
    0x51, 0x6D, 0x79, 0x97, 0x8A, 0xA9, 0x7A, 0x92, 0x84, 0xA7, 0x8F, 0xB3, 0x7F, 0x9C, 0x70, 0x85,
    0xFF, 0x89, 0xFF, 0x72, 0xFF, 0x65, 0xFF, 0x6A, 0xFF, 0x78, 0xFF, 0x6A, 0xFF, 0x6C, 0xFE, 0x37,
    0xFF, 0x6F, 0xFF, 0x71, 0xFE, 0x33, 0xFE, 0x2D, 0xFF, 0x74, 0xFE, 0x3A, 0xFE, 0x2C, 0xFF, 0x66,
    0x85, 0x9B, 0x6F, 0x7D, 0x64, 0x6A, 0x6A, 0x6A, 0x75, 0x89, 0x68, 0x73, 0x6C, 0x72, 0x37, 0x37,
    0x6C, 0x7E, 0x6F, 0x7A, 0x33, 0x36, 0x2D, 0x2F, 0x71, 0x82, 0x3A, 0x3E, 0x2C, 0x2E, 0x64, 0x6D,
    0xFE, 0x2C, 0xFE, 0x33, 0xFF, 0x5F, 0xFF, 0x5D, 0xFE, 0x30, 0xFF, 0x61, 0xFF, 0x5D, 0xFF, 0x63,
    0xFF, 0x64, 0xFF, 0x60, 0xFF, 0x60, 0xFF, 0x69, 0xFF, 0x62, 0xFF, 0x61, 0xFF, 0x5D, 0xFF, 0x6E,
    0x2D, 0x2B, 0x33, 0x35, 0x5E, 0x66, 0x5B, 0x61, 0x30, 0x32, 0x5F, 0x68, 0x5B, 0x62, 0x62, 0x65,
    0x62, 0x6B, 0x5E, 0x66, 0x60, 0x62, 0x68, 0x69, 0x60, 0x68, 0x60, 0x63, 0x5D, 0x5D, 0x6D, 0x6C,
    0xFF, 0x6C, 0xFF, 0x6C, 0xFF, 0x62, 0xFE, 0x49, 0xFF, 0x6E, 0xFF, 0x64, 0xFF, 0x60, 0xFE, 0x41,
    0xFF, 0x71, 0xFF, 0x60, 0xFF, 0x5D, 0xFE, 0x3E, 0xFF, 0x6F, 0xFF, 0x60, 0xFF, 0x54, 0xFE, 0x41,
    0x6B, 0x6D, 0x6B, 0x6B, 0x5E, 0x5D, 0x45, 0x43, 0x6E, 0x6E, 0x63, 0x63, 0x5B, 0x59, 0x3E, 0x3B,
    0x70, 0x6F, 0x5E, 0x5D, 0x56, 0x54, 0x3A, 0x37, 0x6E, 0x6B, 0x5B, 0x59, 0x4D, 0x4B, 0x3B, 0x37,
    0xFF, 0x42, 0xFF, 0x6B, 0xFF, 0x7D, 0xFF, 0x91, 0xFF, 0x52, 0xFF, 0x73, 0xFF, 0x89, 0xFF, 0x96,
    0xFF, 0x60, 0xFF, 0x7C, 0xFF, 0x90, 0xFF, 0x9E, 0xFF, 0x6E, 0xFF, 0x86, 0xFF, 0x94, 0xFF, 0xA0,
    0x3A, 0x36, 0x57, 0x4C, 0x63, 0x4D, 0x70, 0x4C, 0x46, 0x41, 0x5D, 0x4E, 0x6C, 0x4F, 0x73, 0x4A,
    0x51, 0x49, 0x64, 0x50, 0x72, 0x4F, 0x77, 0x47, 0x5B, 0x50, 0x6D, 0x53, 0x74, 0x4E, 0x77, 0x43,
    0xFF, 0x9A, 0xFE, 0x8C, 0xFF, 0x5F, 0xFF, 0xB0, 0xFE, 0x9D, 0xFE, 0x66, 0xFF, 0x8A, 0xFF, 0xC7,
    0xFE, 0x87, 0xFF, 0x64, 0xFF, 0xBA, 0xFF, 0xC5, 0xFF, 0x67, 0xFF, 0x90, 0xFF, 0xC6, 0xFF, 0xCB,
    0x71, 0x41, 0x5F, 0x29, 0x42, 0x1E, 0x77, 0x33, 0x70, 0x39, 0x45, 0x1E, 0x5F, 0x2B, 0x85, 0x35,
    0x5E, 0x2D, 0x45, 0x20, 0x7E, 0x35, 0x83, 0x30, 0x48, 0x23, 0x63, 0x2D, 0x84, 0x35, 0x87, 0x2E,
    0xFF, 0xC6, 0xFF, 0xD0, 0xFF, 0xDF, 0xFF, 0xEA, 0xFF, 0xC9, 0xFF, 0xDB, 0xFF, 0xE7, 0xFF, 0xF0,
    0xFF, 0xD5, 0xFF, 0xE3, 0xFF, 0xED, 0xFF, 0xF4, 0xFF, 0xDE, 0xFF, 0xEA, 0xFF, 0xF3, 0xFF, 0xF6,
    0x84, 0x32, 0x8B, 0x2D, 0x9B, 0x2B, 0xAA, 0x2B, 0x86, 0x2E, 0x97, 0x2C, 0xA6, 0x2B, 0xB1, 0x29,
    0x90, 0x2D, 0xA2, 0x2D, 0xAE, 0x2B, 0xB6, 0x29, 0x9A, 0x2D, 0xAA, 0x2B, 0xB4, 0x2A, 0xB9, 0x29,
    0xFF, 0xF1, 0xFF, 0xF2, 0xFF, 0xF1, 0xFF, 0xEC, 0xFF, 0xF4, 0xFF, 0xF3, 0xFF, 0xF1, 0xFF, 0xEA,
    0xFF, 0xF5, 0xFF, 0xF4, 0xFF, 0xEF, 0xFF, 0xE5, 0xFF, 0xF6, 0xFF, 0xF3, 0xFF, 0xEB, 0xFF, 0xDE,
    0xB2, 0x2A, 0xB4, 0x29, 0xB3, 0x29, 0xAD, 0x2A, 0xB6, 0x28, 0xB6, 0x28, 0xB2, 0x2A, 0xA9, 0x2A,
    0xB8, 0x28, 0xB6, 0x29, 0xB0, 0x2A, 0xA3, 0x2B, 0xB9, 0x29, 0xB4, 0x2A, 0xAB, 0x2A, 0x9C, 0x2D,
    0xFF, 0xE4, 0xFF, 0xD4, 0xFF, 0xCC, 0xFF, 0x86, 0xFF, 0xDD, 0xFF, 0xD1, 0xFF, 0xB4, 0xFF, 0x82,
    0xFF, 0xD5, 0xFF, 0xCF, 0xFF, 0x9B, 0xFF, 0x97, 0xFF, 0xD0, 0xFF, 0xC7, 0xFF, 0x92, 0xFF, 0xAB,
    0xA1, 0x2B, 0x90, 0x2E, 0x87, 0x31, 0x5B, 0x26, 0x9A, 0x2D, 0x8C, 0x2F, 0x78, 0x2E, 0x59, 0x27,
    0x92, 0x2E, 0x89, 0x31, 0x68, 0x2A, 0x67, 0x2E, 0x8C, 0x2F, 0x84, 0x31, 0x62, 0x2A, 0x75, 0x35,
    0xFF, 0x9F, 0xFF, 0xB2, 0xFF, 0xAE, 0xFF, 0xB6, 0xFF, 0xB4, 0xFF, 0xAD, 0xFF, 0xB0, 0xFF, 0xB3,
    0xFF, 0xB6, 0xFF, 0xAE, 0xFF, 0xB0, 0xFF, 0xAC, 0xFF, 0xB4, 0xFF, 0xB0, 0xFF, 0xAE, 0xFF, 0xA3,
    0x6C, 0x30, 0x7F, 0x3E, 0x86, 0x49, 0x94, 0x5A, 0x7C, 0x3A, 0x81, 0x43, 0x8C, 0x50, 0x94, 0x5D,
    0x81, 0x3E, 0x86, 0x49, 0x8E, 0x55, 0x8F, 0x5E, 0x84, 0x41, 0x8A, 0x4E, 0x8E, 0x59, 0x88, 0x5D,
    0xFF, 0xAC, 0xFF, 0x87, 0xFF, 0x70, 0xFF, 0x39, 0xFF, 0x9A, 0xFF, 0x7D, 0xFF, 0x55, 0xFF, 0x3E,
    0xFF, 0x8B, 0xFF, 0x75, 0xFF, 0x39, 0xFF, 0x4A, 0xFF, 0x81, 0xFF, 0x67, 0xFF, 0x28, 0xFF, 0x55,
    0x8D, 0x5C, 0x6C, 0x4F, 0x5E, 0x4A, 0x35, 0x2E, 0x7D, 0x57, 0x66, 0x51, 0x4B, 0x3E, 0x3C, 0x37,
    0x72, 0x53, 0x64, 0x54, 0x35, 0x2E, 0x49, 0x46, 0x6C, 0x53, 0x5C, 0x53, 0x27, 0x23, 0x55, 0x54,
    0xFF, 0x65, 0xFF, 0x6A, 0xFF, 0x78, 0xFF, 0x6E, 0xFF, 0x68, 0xFF, 0x71, 0xFF, 0x77, 0xFF, 0x5B,
    0xFF, 0x6C, 0xFF, 0x7A, 0xFF, 0x6A, 0xFF, 0x55, 0xFF, 0x70, 0xFF, 0x7A, 0xFF, 0x61, 0xFF, 0x58,
    0x5F, 0x57, 0x66, 0x64, 0x77, 0x77, 0x6D, 0x71, 0x65, 0x61, 0x6F, 0x70, 0x76, 0x79, 0x5A, 0x5E,
    0x6B, 0x6B, 0x79, 0x7D, 0x69, 0x6D, 0x54, 0x58, 0x70, 0x72, 0x79, 0x7C, 0x60, 0x64, 0x57, 0x5B,
    0xFF, 0x53, 0xFF, 0x52, 0xFF, 0x52, 0xFF, 0x3E, 0xFF, 0x54, 0xFF, 0x4C, 0xFE, 0x1B, 0xFE, 0x29,
    0xFF, 0x55, 0xFF, 0x19, 0xFF, 0x38, 0xFF, 0x6D, 0xFF, 0x3E, 0xFF, 0x1E, 0xFF, 0x6A, 0xFF, 0x80,
    0x52, 0x57, 0x51, 0x56, 0x51, 0x56, 0x3E, 0x42, 0x52, 0x58, 0x4B, 0x4F, 0x1B, 0x1B, 0x29, 0x28,
    0x55, 0x59, 0x1A, 0x1A, 0x39, 0x38, 0x6E, 0x6D, 0x3E, 0x40, 0x1E, 0x1D, 0x6B, 0x69, 0x81, 0x7C,
    0xFF, 0x41, 0xFF, 0x49, 0xFF, 0x4C, 0xFF, 0x62, 0xFE, 0x3D, 0xFF, 0x43, 0xFF, 0x4D, 0xFF, 0x59,
    0xFF, 0x6F, 0xFF, 0x60, 0xFF, 0x57, 0xFF, 0x5A, 0xFF, 0x89, 0xFF, 0x74, 0xFF, 0x69, 0xFF, 0x6A,
    0x40, 0x45, 0x47, 0x4F, 0x4B, 0x52, 0x61, 0x65, 0x3D, 0x3D, 0x42, 0x45, 0x4C, 0x52, 0x58, 0x5C,
    0x6F, 0x6D, 0x60, 0x5E, 0x57, 0x59, 0x5A, 0x5C, 0x8B, 0x85, 0x76, 0x71, 0x6A, 0x67, 0x6B, 0x69,
    0xFF, 0x70, 0xFF, 0x71, 0xFF, 0x1E, 0xFF, 0x3F, 0xFF, 0x6F, 0xFF, 0x77, 0xFF, 0x2E, 0xFF, 0x2E,
    0xFF, 0x71, 0xFF, 0x79, 0xFF, 0x34, 0xFF, 0x29, 0xFF, 0x78, 0xFF, 0x77, 0xFF, 0x2F, 0xFF, 0x2E,
    0x71, 0x6F, 0x72, 0x6E, 0x1F, 0x1C, 0x40, 0x3D, 0x70, 0x6E, 0x78, 0x73, 0x2F, 0x2C, 0x2E, 0x2C,
    0x72, 0x70, 0x7B, 0x76, 0x36, 0x31, 0x29, 0x28, 0x79, 0x75, 0x79, 0x74, 0x30, 0x2D, 0x2E, 0x2D,
    0xFF, 0x69, 0xFF, 0x7D, 0xFF, 0x88, 0xFF, 0x73, 0xFF, 0x69, 0xFF, 0x7B, 0xFF, 0x89, 0xFF, 0x70,
    0xFF, 0x6D, 0xFF, 0x7A, 0xFF, 0x7D, 0xFF, 0x69, 0xFF, 0x70, 0xFF, 0x77, 0xFF, 0x6F, 0xFF, 0x61,
    0x69, 0x68, 0x7E, 0x79, 0x8A, 0x84, 0x75, 0x6F, 0x6A, 0x68, 0x7C, 0x78, 0x8A, 0x84, 0x72, 0x6C,
    0x6E, 0x6C, 0x7B, 0x76, 0x7F, 0x79, 0x6B, 0x66, 0x71, 0x6F, 0x79, 0x73, 0x71, 0x6C, 0x62, 0x5E,
    0xFF, 0x6E, 0xFF, 0x75, 0xFF, 0x6E, 0xFF, 0x6E, 0xFF, 0x65, 0xFF, 0x5C, 0xFF, 0x69, 0xFF, 0x70,
    0xFF, 0x4B, 0xFF, 0x42, 0xFF, 0x3D, 0xFF, 0x68, 0xFF, 0x53, 0xFF, 0x60, 0xFF, 0x4C, 0xFF, 0x35,
    0x70, 0x6A, 0x77, 0x71, 0x70, 0x6A, 0x70, 0x6A, 0x68, 0x62, 0x5E, 0x58, 0x6B, 0x66, 0x72, 0x6C,
    0x4C, 0x48, 0x42, 0x40, 0x3E, 0x3B, 0x69, 0x64, 0x53, 0x55, 0x5F, 0x63, 0x4B, 0x4F, 0x36, 0x34,
    0xFF, 0x74, 0xFF, 0x6F, 0xFF, 0x55, 0xFE, 0x20, 0xFF, 0x77, 0xFF, 0x69, 0xFF, 0x45, 0xFE, 0x2A,
    0xFF, 0x76, 0xFF, 0x67, 0xFE, 0x3C, 0xFE, 0x3A, 0xFF, 0x6B, 0xFF, 0x72, 0xFF, 0x51, 0xFE, 0x2E,
    0x76, 0x70, 0x6F, 0x6E, 0x54, 0x59, 0x20, 0x20, 0x79, 0x73, 0x69, 0x69, 0x43, 0x48, 0x2B, 0x28,
    0x78, 0x73, 0x67, 0x68, 0x3B, 0x3E, 0x3B, 0x38, 0x6D, 0x68, 0x73, 0x71, 0x51, 0x52, 0x2F, 0x2E,
    0xFF, 0x5C, 0xFF, 0x6B, 0xFF, 0x2A, 0xFF, 0x11, 0xFF, 0x6B, 0xFF, 0x5E, 0xFF, 0x62, 0xFF, 0x20,
    0xFF, 0x76, 0xFF, 0x77, 0xFF, 0x6C, 0xFF, 0x60, 0xFF, 0x6A, 0xFF, 0x83, 0xFF, 0x89, 0xFF, 0x71,
    0x5E, 0x5A, 0x6C, 0x6A, 0x2B, 0x27, 0x12, 0x10, 0x6C, 0x68, 0x5E, 0x5F, 0x61, 0x63, 0x21, 0x1E,
    0x77, 0x72, 0x77, 0x75, 0x6B, 0x6F, 0x5F, 0x62, 0x6B, 0x67, 0x84, 0x7F, 0x8A, 0x88, 0x70, 0x74,
    0xFF, 0x5C, 0xFF, 0x71, 0xFE, 0x3E, 0xFE, 0x2C, 0xFF, 0x1A, 0xFF, 0x5E, 0xFF, 0x71, 0xFE, 0x37,
    0xFF, 0x1A, 0xFF, 0x25, 0xFF, 0x63, 0xFF, 0x71, 0xFF, 0x5D, 0xFF, 0x17, 0xFF, 0x30, 0xFF, 0x65,
    0x5A, 0x60, 0x71, 0x72, 0x3F, 0x3C, 0x2D, 0x2A, 0x1A, 0x1B, 0x5D, 0x64, 0x70, 0x73, 0x38, 0x36,
    0x1B, 0x19, 0x25, 0x27, 0x60, 0x6A, 0x71, 0x73, 0x5C, 0x5F, 0x17, 0x16, 0x2F, 0x34, 0x63, 0x6D,
    0xFF, 0x6D, 0xFF, 0x65, 0xFF, 0x71, 0xFF, 0x89, 0xFE, 0x33, 0xFF, 0x70, 0xFF, 0x6A, 0xFF, 0x78,
    0xFE, 0x33, 0xFE, 0x34, 0xFF, 0x74, 0xFF, 0x70, 0xFF, 0x73, 0xFE, 0x33, 0xFE, 0x3C, 0xFF, 0x76,
    0x6E, 0x6D, 0x64, 0x6B, 0x6F, 0x7D, 0x85, 0x9B, 0x34, 0x32, 0x70, 0x75, 0x68, 0x74, 0x75, 0x89,
    0x34, 0x32, 0x34, 0x36, 0x73, 0x7D, 0x6D, 0x7E, 0x72, 0x76, 0x34, 0x33, 0x3B, 0x3F, 0x74, 0x84,
    0xFF, 0x6B, 0xFE, 0x2C, 0xFF, 0x68, 0xFF, 0x74, 0xFF, 0x8E, 0xFF, 0x72, 0xFE, 0x3B, 0xFF, 0x68,
    0xFF, 0x7D, 0xFF, 0x8F, 0xFF, 0x7E, 0xFF, 0x53, 0xFF, 0x73, 0xFF, 0x84, 0xFF, 0x95, 0xFF, 0x8A,
    0x68, 0x7C, 0x2C, 0x38, 0x64, 0x81, 0x6E, 0x95, 0x88, 0xA4, 0x6E, 0x87, 0x3A, 0x4E, 0x64, 0x84,
    0x7A, 0x93, 0x8A, 0xA9, 0x79, 0x97, 0x51, 0x6D, 0x70, 0x86, 0x7F, 0x9C, 0x8F, 0xB3, 0x84, 0xA7,
    0xFF, 0x68, 0xFF, 0x6D, 0xFF, 0x74, 0xFF, 0x7B, 0xFF, 0x75, 0xFF, 0x6A, 0xFF, 0x6E, 0xFF, 0x79,
    0xFF, 0x6C, 0xFF, 0x74, 0xFF, 0x6A, 0xFF, 0x6B, 0xFF, 0x6C, 0xFF, 0x75, 0xFF, 0x6D, 0xFF, 0x63,
    0x62, 0x8B, 0x67, 0x91, 0x6E, 0x99, 0x76, 0xA8, 0x6E, 0x98, 0x64, 0x8F, 0x68, 0x96, 0x73, 0xA6,
    0x68, 0x8C, 0x6E, 0x99, 0x63, 0x94, 0x65, 0x9A, 0x67, 0x8A, 0x70, 0x96, 0x67, 0x93, 0x5D, 0x90,
    0xFF, 0x85, 0xFF, 0x89, 0xFF, 0x8B, 0xFF, 0x95, 0xFF, 0x80, 0xFF, 0x85, 0xFF, 0x88, 0xFF, 0x8F,
    0xFF, 0x79, 0xFF, 0x81, 0xFF, 0x82, 0xFF, 0x88, 0xFF, 0x6E, 0xFF, 0x77, 0xFF, 0x7D, 0xFF, 0x84,
    0x7F, 0xBB, 0x85, 0xCA, 0x89, 0xD4, 0x97, 0xE4, 0x7B, 0xB7, 0x81, 0xC7, 0x86, 0xD2, 0x90, 0xDF,
    0x73, 0xAF, 0x7C, 0xC2, 0x7F, 0xCC, 0x87, 0xD8, 0x68, 0xA5, 0x73, 0xB8, 0x7A, 0xC6, 0x82, 0xD5,
    0xFF, 0x93, 0xFF, 0x87, 0xFF, 0x99, 0xFF, 0xA4, 0xFF, 0x8B, 0xFF, 0x8A, 0xFF, 0x9B, 0xFF, 0x99,
    0xFF, 0x88, 0xFF, 0x8F, 0xFF, 0xA0, 0xFF, 0x87, 0xFF, 0x85, 0xFF, 0x8F, 0xFF, 0xA3, 0xFF, 0x6C,
    0x94, 0xE7, 0x86, 0xDF, 0x9C, 0xF5, 0xA7, 0xFF, 0x8C, 0xE0, 0x8A, 0xE2, 0x9E, 0xFA, 0x9B, 0xF6,
    0x87, 0xDC, 0x91, 0xE7, 0xA2, 0xFF, 0x89, 0xDA, 0x83, 0xDA, 0x90, 0xE7, 0xA4, 0xFF, 0x6D, 0xAE,
    0xFC, 0x2B, 0xFF, 0x00, 0xCA, 0x05, 0x00, 0x01, 0xFB, 0x18, 0xFF, 0x00, 0xA8, 0x04, 0x00, 0x00,
    0xFB, 0x06, 0xFF, 0x00, 0x79, 0x06, 0x00, 0x00, 0xFD, 0x00, 0xFF, 0x02, 0x44, 0x07, 0x00, 0x00,
    0x2C, 0x44, 0x00, 0x00, 0x05, 0x07, 0x01, 0x01, 0x19, 0x26, 0x00, 0x00, 0x06, 0x09, 0x00, 0x00,
    0x06, 0x09, 0x00, 0x00, 0x06, 0x0A, 0x00, 0x00, 0x00, 0x00, 0x02, 0x03, 0x07, 0x0B, 0x00, 0x00,
    0x01, 0x00, 0x00, 0x00, 0x00, 0x00, 0x00, 0x00, 0x03, 0x00, 0x00, 0x00, 0x00, 0x00, 0x00, 0x00,
    0x04, 0x00, 0x00, 0x00, 0x00, 0x00, 0x00, 0x00, 0x03, 0x00, 0x00, 0x00, 0x00, 0x00, 0x00, 0x00,
    0x00, 0x00, 0x00, 0x00, 0x00, 0x00, 0x00, 0x00, 0x00, 0x00, 0x00, 0x00, 0x00, 0x00, 0x00, 0x00,
    0x00, 0x00, 0x00, 0x00, 0x00, 0x00, 0x00, 0x00, 0x00, 0x00, 0x00, 0x00, 0x00, 0x00, 0x00, 0x00,
    0x00, 0x00, 0x00, 0x00, 0x00, 0x00, 0x01, 0x00, 0x00, 0x00, 0x00, 0x00, 0x00, 0x00, 0x00, 0x00,
    0x00, 0x00, 0x00, 0x00, 0x00, 0x00, 0x00, 0x00, 0x00, 0x00, 0x00, 0x00, 0x00, 0x00, 0x00, 0x00,
    0x00, 0x00, 0x00, 0x00, 0x00, 0x00, 0x00, 0x00, 0x00, 0x00, 0x00, 0x00, 0x00, 0x00, 0x00, 0x00,
    0x00, 0x00, 0x00, 0x00, 0x00, 0x00, 0x00, 0x00, 0x00, 0x00, 0x00, 0x00, 0x00, 0x00, 0x00, 0x00,
    0x00, 0x00, 0x12, 0x0E, 0xEF, 0x04, 0xFF, 0x00, 0x02, 0x00, 0x00, 0x00, 0xB5, 0x04, 0xFE, 0x00,
    0x04, 0x00, 0x00, 0x00, 0x64, 0x05, 0xFF, 0x01, 0x01, 0x00, 0x00, 0x00, 0x16, 0x0B, 0xF1, 0x04,
    0x00, 0x00, 0x0E, 0x1C, 0x04, 0x06, 0x00, 0x00, 0x00, 0x00, 0x00, 0x01, 0x05, 0x08, 0x00, 0x00,
    0x00, 0x00, 0x00, 0x00, 0x05, 0x0A, 0x01, 0x01, 0x00, 0x00, 0x00, 0x00, 0x0B, 0x17, 0x04, 0x06,
    0xFE, 0x46, 0xFF, 0xA3, 0xFF, 0x8D, 0xFF, 0x82, 0xFC, 0x1C, 0xFF, 0x9C, 0xFF, 0x91, 0xFF, 0x7D,
    0xFC, 0x01, 0xFF, 0x7D, 0xFF, 0x9E, 0xFF, 0x7B, 0xFE, 0x00, 0xFE, 0x44, 0xFF, 0xA6, 0xFF, 0x84,
    0x47, 0x71, 0xA4, 0xFF, 0x8B, 0xE5, 0x7F, 0xD7, 0x1D, 0x2E, 0x9B, 0xF9, 0x8E, 0xEB, 0x79, 0xD1,
    0x01, 0x02, 0x7B, 0xC7, 0x9B, 0xFA, 0x76, 0xCE, 0x00, 0x00, 0x42, 0x6D, 0xA2, 0xFF, 0x7F, 0xD5,
    0xFF, 0x83, 0xFF, 0x74, 0xFF, 0x64, 0xFF, 0x69, 0xFF, 0x7A, 0xFF, 0x6F, 0xFF, 0x66, 0xFF, 0x71,
    0xFF, 0x73, 0xFF, 0x70, 0xFF, 0x6F, 0xFF, 0x60, 0xFF, 0x71, 0xFF, 0x6C, 0xFF, 0x65, 0xFE, 0x41,
    0x7F, 0xD2, 0x6F, 0xBC, 0x5F, 0xA3, 0x63, 0x9F, 0x76, 0xC8, 0x6A, 0xB7, 0x61, 0xA2, 0x6B, 0xA2,
    0x6E, 0xC0, 0x6A, 0xB4, 0x69, 0xA7, 0x5C, 0x8E, 0x6B, 0xBC, 0x66, 0xAB, 0x5F, 0x98, 0x40, 0x6C,
    0xFF, 0x74, 0xFF, 0x79, 0xFF, 0x7B, 0xFF, 0x8D, 0xFF, 0x6A, 0xFF, 0x6B, 0xFF, 0x8D, 0xFF, 0x98,
    0xFF, 0x51, 0xFF, 0x80, 0xFF, 0x93, 0xFF, 0x83, 0xFF, 0x68, 0xFF, 0x89, 0xFF, 0x89, 0xFF, 0x6E,
    0x6E, 0x9E, 0x73, 0x9B, 0x76, 0x9A, 0x87, 0xAC, 0x65, 0x92, 0x67, 0x8F, 0x86, 0xAF, 0x91, 0xB9,
    0x4F, 0x79, 0x79, 0xA6, 0x8C, 0xB7, 0x7D, 0xA3, 0x63, 0x90, 0x81, 0xB2, 0x82, 0xAF, 0x68, 0x8F,
    0xFF, 0x99, 0xFF, 0x8C, 0xFF, 0x75, 0xFF, 0x75, 0xFF, 0x8A, 0xFF, 0x72, 0xFF, 0x75, 0xFF, 0x55,
    0xFF, 0x6E, 0xFF, 0x6A, 0xFF, 0x77, 0xFF, 0x51, 0xFF, 0x6A, 0xFF, 0x70, 0xFF, 0x6D, 0xFF, 0x6A,
    0x94, 0xBA, 0x86, 0xA8, 0x71, 0x8B, 0x72, 0x86, 0x84, 0xA8, 0x6D, 0x8A, 0x71, 0x8B, 0x52, 0x60,
    0x69, 0x8B, 0x66, 0x84, 0x73, 0x8C, 0x4F, 0x5B, 0x65, 0x88, 0x6C, 0x8A, 0x6A, 0x81, 0x67, 0x78,
    0xFE, 0x3B, 0xFE, 0x30, 0xFF, 0x6F, 0xFF, 0x68, 0xFE, 0x27, 0xFF, 0x74, 0xFF, 0x75, 0xFF, 0x6E,
    0xFF, 0x2C, 0xFF, 0x75, 0xFF, 0x78, 0xFF, 0x75, 0xFE, 0x1F, 0xFF, 0x5D, 0xFF, 0x7D, 0xFF, 0x79,
    0x3A, 0x41, 0x30, 0x33, 0x6D, 0x7A, 0x66, 0x70, 0x27, 0x29, 0x71, 0x81, 0x72, 0x80, 0x6C, 0x73,
    0x2B, 0x2F, 0x72, 0x83, 0x75, 0x80, 0x74, 0x78, 0x1F, 0x21, 0x5B, 0x65, 0x7B, 0x83, 0x79, 0x7B,
    0xFF, 0x61, 0xFF, 0x5E, 0xFF, 0x5E, 0xFF, 0x72, 0xFF, 0x64, 0xFF, 0x5D, 0xFF, 0x64, 0xFF, 0x74,
    0xFF, 0x68, 0xFF, 0x60, 0xFF, 0x6B, 0xFF, 0x76, 0xFF, 0x6C, 0xFF, 0x63, 0xFF, 0x6E, 0xFF, 0x73,
    0x60, 0x64, 0x5E, 0x5E, 0x5E, 0x5E, 0x71, 0x6E, 0x64, 0x64, 0x5D, 0x5D, 0x63, 0x62, 0x73, 0x6E,
    0x69, 0x68, 0x5F, 0x60, 0x6A, 0x67, 0x74, 0x6D, 0x6C, 0x6D, 0x62, 0x62, 0x6D, 0x69, 0x71, 0x69,
    0xFF, 0x6B, 0xFF, 0x60, 0xFE, 0x4B, 0xFE, 0x4D, 0xFF, 0x68, 0xFF, 0x60, 0xFE, 0x46, 0xFF, 0x5B,
    0xFF, 0x65, 0xFF, 0x5E, 0xFE, 0x43, 0xFF, 0x69, 0xFF, 0x63, 0xFF, 0x58, 0xFE, 0x46, 0xFF, 0x75,
    0x69, 0x65, 0x59, 0x57, 0x45, 0x42, 0x43, 0x3D, 0x65, 0x60, 0x58, 0x55, 0x40, 0x3E, 0x4F, 0x46,
    0x60, 0x5B, 0x55, 0x51, 0x3D, 0x3A, 0x59, 0x4C, 0x5D, 0x58, 0x50, 0x4D, 0x40, 0x3B, 0x63, 0x51,
    0xFF, 0x7A, 0xFF, 0x8F, 0xFF, 0x9A, 0xFF, 0x90, 0xFF, 0x85, 0xFF, 0x95, 0xFF, 0xA2, 0xFF, 0x75,
    0xFF, 0x8D, 0xFF, 0x9B, 0xFF, 0x9F, 0xFF, 0x66, 0xFF, 0x93, 0xFF, 0xA2, 0xFF, 0x90, 0xFF, 0x6E,
    0x66, 0x54, 0x74, 0x54, 0x78, 0x4D, 0x6A, 0x3A, 0x6F, 0x56, 0x79, 0x53, 0x7B, 0x4A, 0x54, 0x2C,
    0x75, 0x57, 0x7D, 0x51, 0x77, 0x44, 0x48, 0x23, 0x79, 0x56, 0x80, 0x50, 0x6A, 0x39, 0x4D, 0x23,
    0xFF, 0x65, 0xFF, 0xB9, 0xFF, 0xC4, 0xFF, 0xD4, 0xFF, 0x84, 0xFF, 0xC6, 0xFF, 0xC7, 0xFF, 0xDC,
    0xFF, 0xAA, 0xFF, 0xC7, 0xFF, 0xCF, 0xFF, 0xE2, 0xFF, 0xC1, 0xFF, 0xC5, 0xFF, 0xD4, 0xFF, 0xE6,
    0x46, 0x21, 0x7D, 0x36, 0x82, 0x32, 0x90, 0x2E, 0x5B, 0x29, 0x86, 0x38, 0x85, 0x2F, 0x98, 0x2D,
    0x75, 0x33, 0x86, 0x35, 0x8C, 0x2F, 0x9F, 0x2C, 0x84, 0x38, 0x85, 0x33, 0x91, 0x2E, 0xA5, 0x2C,
    0xFF, 0xE5, 0xFF, 0xF0, 0xFF, 0xF6, 0xFF, 0xF7, 0xFF, 0xEB, 0xFF, 0xF4, 0xFF, 0xF8, 0xFF, 0xF7,
    0xFF, 0xEF, 0xFF, 0xF7, 0xFF, 0xF8, 0xFF, 0xF7, 0xFF, 0xF3, 0xFF, 0xF8, 0xFF, 0xF9, 0xFF, 0xF7,
    0xA3, 0x2C, 0xB1, 0x2A, 0xB8, 0x29, 0xBB, 0x28, 0xAB, 0x2B, 0xB6, 0x29, 0xBB, 0x28, 0xBB, 0x29,
    0xB1, 0x2B, 0xB9, 0x29, 0xBB, 0x28, 0xB9, 0x28, 0xB4, 0x29, 0xBB, 0x29, 0xBC, 0x28, 0xB8, 0x28,
    0xFF, 0xF5, 0xFF, 0xF0, 0xFF, 0xE6, 0xFF, 0xD7, 0xFF, 0xF4, 0xFF, 0xEC, 0xFF, 0xE0, 0xFF, 0xD1,
    0xFF, 0xF2, 0xFF, 0xE8, 0xFF, 0xDA, 0xFF, 0xCC, 0xFF, 0xEF, 0xFF, 0xE4, 0xFF, 0xD7, 0xFF, 0xC9,
    0xB8, 0x29, 0xAF, 0x2A, 0xA4, 0x2B, 0x94, 0x2E, 0xB5, 0x29, 0xAB, 0x2A, 0x9C, 0x2D, 0x8C, 0x2F,
    0xB2, 0x29, 0xA6, 0x2C, 0x96, 0x2D, 0x87, 0x2F, 0xB0, 0x29, 0xA2, 0x2C, 0x91, 0x2E, 0x85, 0x30,
    0xFF, 0xCB, 0xFF, 0xBC, 0xFF, 0x98, 0xFF, 0xB5, 0xFF, 0xC8, 0xFF, 0xB2, 0xFF, 0xA5, 0xFF, 0xB7,
    0xFF, 0xC3, 0xFF, 0xB6, 0xFF, 0xB3, 0xFF, 0xB4, 0xFF, 0xBF, 0xFF, 0xBA, 0xFF, 0xB7, 0xFF, 0xB2,
    0x88, 0x30, 0x7D, 0x31, 0x67, 0x2D, 0x7E, 0x3A, 0x84, 0x31, 0x77, 0x30, 0x70, 0x31, 0x81, 0x3C,
    0x80, 0x31, 0x79, 0x32, 0x79, 0x35, 0x80, 0x3C, 0x7F, 0x32, 0x7B, 0x34, 0x7D, 0x37, 0x7F, 0x3D,
    0xFF, 0xB4, 0xFF, 0xB0, 0xFF, 0xA9, 0xFF, 0x9A, 0xFF, 0xB4, 0xFF, 0xAD, 0xFF, 0xA3, 0xFF, 0x95,
    0xFF, 0xB1, 0xFF, 0xA9, 0xFF, 0xA8, 0xFF, 0x7E, 0xFF, 0xAD, 0xFF, 0xB1, 0xFF, 0x67, 0xFF, 0x0B,
    0x88, 0x46, 0x8B, 0x50, 0x8A, 0x59, 0x80, 0x5C, 0x8A, 0x48, 0x8A, 0x51, 0x86, 0x59, 0x7F, 0x60,
    0x87, 0x48, 0x87, 0x51, 0x8B, 0x60, 0x6D, 0x56, 0x84, 0x47, 0x8E, 0x57, 0x55, 0x3A, 0x0A, 0x08,
    0xFF, 0x77, 0xFF, 0x57, 0xFF, 0x22, 0xFF, 0x5C, 0xFF, 0x7A, 0xFF, 0x56, 0xFF, 0x25, 0xFF, 0x5F,
    0xFF, 0x43, 0xFF, 0x2C, 0xFF, 0x1F, 0xFF, 0x61, 0xFF, 0x0B, 0xFF, 0x0F, 0xFF, 0x07, 0xFF, 0x2A,
    0x68, 0x56, 0x51, 0x4E, 0x22, 0x20, 0x5C, 0x5C, 0x70, 0x62, 0x54, 0x54, 0x25, 0x23, 0x5F, 0x5E,
    0x3F, 0x39, 0x2C, 0x2C, 0x1F, 0x1D, 0x61, 0x60, 0x0B, 0x0C, 0x0F, 0x0F, 0x07, 0x07, 0x2A, 0x2A,
    0xFF, 0x70, 0xFF, 0x77, 0xFF, 0x5C, 0xFF, 0x5A, 0xFF, 0x6E, 0xFF, 0x76, 0xFF, 0x5D, 0xFF, 0x59,
    0xFF, 0x6D, 0xFF, 0x78, 0xFF, 0x5F, 0xFF, 0x56, 0xFF, 0x6B, 0xFF, 0x7A, 0xFF, 0x65, 0xFF, 0x54,
    0x6F, 0x71, 0x76, 0x7A, 0x5C, 0x5F, 0x5A, 0x5D, 0x6E, 0x70, 0x75, 0x79, 0x5C, 0x60, 0x59, 0x5C,
    0x6D, 0x6E, 0x77, 0x7A, 0x5E, 0x62, 0x55, 0x59, 0x6A, 0x6B, 0x79, 0x7C, 0x64, 0x68, 0x53, 0x57,
    0xFF, 0x32, 0xFE, 0x30, 0xFF, 0x6F, 0xFF, 0x8A, 0xFF, 0x3A, 0xFE, 0x2C, 0xFF, 0x6C, 0xFF, 0x81,
    0xFF, 0x51, 0xFE, 0x1E, 0xFF, 0x5D, 0xFF, 0x71, 0xFF, 0x5B, 0xFF, 0x39, 0xFE, 0x25, 0xFF, 0x62,
    0x32, 0x34, 0x30, 0x2F, 0x70, 0x6C, 0x8C, 0x86, 0x3A, 0x3B, 0x2C, 0x2B, 0x6E, 0x6A, 0x83, 0x7D,
    0x50, 0x54, 0x1E, 0x1E, 0x5E, 0x5C, 0x73, 0x6E, 0x5A, 0x5D, 0x38, 0x3A, 0x25, 0x24, 0x62, 0x61,
    0xFF, 0x98, 0xFF, 0x81, 0xFF, 0x79, 0xFF, 0x7E, 0xFF, 0x9B, 0xFF, 0x91, 0xFF, 0x8A, 0xFF, 0x83,
    0xFF, 0x85, 0xFF, 0x8F, 0xFF, 0x88, 0xFF, 0x75, 0xFF, 0x6E, 0xFF, 0x73, 0xFF, 0x75, 0xFF, 0x6D,
    0x9B, 0x95, 0x83, 0x7D, 0x7B, 0x76, 0x80, 0x7B, 0x9E, 0x97, 0x93, 0x8C, 0x8C, 0x86, 0x85, 0x7F,
    0x87, 0x81, 0x91, 0x8B, 0x8A, 0x83, 0x77, 0x72, 0x6F, 0x6C, 0x75, 0x70, 0x76, 0x71, 0x6F, 0x6A,
    0xFF, 0x79, 0xFF, 0x71, 0xFF, 0x1F, 0xFF, 0x40, 0xFF, 0x75, 0xFF, 0x5C, 0xFF, 0x12, 0xFF, 0x5C,
    0xFF, 0x73, 0xFF, 0x23, 0xFF, 0x31, 0xFF, 0x6B, 0xFF, 0x2E, 0xFF, 0x1E, 0xFF, 0x5F, 0xFF, 0x6C,
    0x7A, 0x75, 0x72, 0x6E, 0x21, 0x1E, 0x40, 0x40, 0x77, 0x71, 0x5E, 0x59, 0x13, 0x12, 0x5B, 0x5E,
    0x75, 0x70, 0x24, 0x21, 0x31, 0x32, 0x6A, 0x6E, 0x2F, 0x2C, 0x1E, 0x1D, 0x5E, 0x62, 0x6B, 0x6E,
    0xFF, 0x73, 0xFF, 0x76, 0xFF, 0x6A, 0xFF, 0x5C, 0xFF, 0x73, 0xFF, 0x74, 0xFF, 0x5A, 0xFF, 0x48,
    0xFF, 0x73, 0xFF, 0x6E, 0xFF, 0x42, 0xFF, 0x4B, 0xFF, 0x76, 0xFF, 0x5A, 0xFF, 0x32, 0xFF, 0x5B,
    0x73, 0x73, 0x77, 0x72, 0x6C, 0x66, 0x5C, 0x5C, 0x73, 0x73, 0x75, 0x70, 0x5B, 0x57, 0x47, 0x4B,
    0x73, 0x71, 0x6F, 0x6B, 0x42, 0x42, 0x49, 0x4F, 0x77, 0x73, 0x5B, 0x58, 0x31, 0x33, 0x59, 0x5E,
    0xFF, 0x51, 0xFF, 0x64, 0xFF, 0x6A, 0xFF, 0x4A, 0xFF, 0x5A, 0xFF, 0x81, 0xFF, 0x7F, 0xFF, 0x6A,
    0xFF, 0x6D, 0xFF, 0x94, 0xFF, 0x99, 0xFF, 0x84, 0xFF, 0x78, 0xFF, 0x99, 0xFF, 0x9B, 0xFF, 0x9F,
    0x4F, 0x56, 0x63, 0x67, 0x69, 0x6E, 0x49, 0x4C, 0x58, 0x5F, 0x81, 0x80, 0x80, 0x7E, 0x69, 0x6B,
    0x6D, 0x6F, 0x96, 0x90, 0x9B, 0x95, 0x85, 0x81, 0x79, 0x77, 0x9B, 0x95, 0x9E, 0x98, 0xA1, 0x9B,
    0xFF, 0x35, 0xFF, 0x70, 0xFF, 0x79, 0xFF, 0x49, 0xFF, 0x43, 0xFE, 0x33, 0xFF, 0x76, 0xFF, 0x7F,
    0xFF, 0x67, 0xFE, 0x3D, 0xFE, 0x2F, 0xFF, 0x78, 0xFF, 0x81, 0xFF, 0x65, 0xFE, 0x3C, 0xFE, 0x29,
    0x36, 0x32, 0x71, 0x6C, 0x7A, 0x77, 0x49, 0x47, 0x43, 0x44, 0x34, 0x31, 0x78, 0x72, 0x81, 0x7D,
    0x66, 0x68, 0x3C, 0x3E, 0x30, 0x2D, 0x7A, 0x74, 0x82, 0x7E, 0x65, 0x66, 0x3C, 0x3D, 0x2A, 0x27,
    0xFF, 0x3D, 0xFF, 0x6C, 0xFF, 0x87, 0xFF, 0x89, 0xFF, 0x55, 0xFF, 0x4D, 0xFF, 0x69, 0xFF, 0x87,
    0xFF, 0x83, 0xFF, 0x66, 0xFF, 0x5A, 0xFF, 0x66, 0xFF, 0x77, 0xFF, 0x85, 0xFF, 0x6A, 0xFF, 0x56,
    0x3D, 0x3C, 0x6D, 0x6A, 0x88, 0x82, 0x8A, 0x88, 0x56, 0x54, 0x4D, 0x4D, 0x6B, 0x67, 0x89, 0x83,
    0x84, 0x80, 0x66, 0x66, 0x5A, 0x5B, 0x67, 0x65, 0x79, 0x73, 0x87, 0x82, 0x6A, 0x6A, 0x56, 0x57,
    0xFF, 0x72, 0xFF, 0x5C, 0xFF, 0x15, 0xFF, 0x38, 0xFF, 0x89, 0xFF, 0x75, 0xFF, 0x63, 0xFF, 0x15,
    0xFF, 0x85, 0xFF, 0x86, 0xFF, 0x81, 0xFF, 0x59, 0xFF, 0x5D, 0xFF, 0x7A, 0xFF, 0x7A, 0xFF, 0x75,
    0x71, 0x75, 0x5C, 0x5D, 0x16, 0x14, 0x37, 0x3D, 0x89, 0x87, 0x74, 0x76, 0x63, 0x61, 0x15, 0x13,
    0x87, 0x81, 0x87, 0x83, 0x83, 0x7E, 0x5A, 0x56, 0x5E, 0x5B, 0x7C, 0x76, 0x7C, 0x76, 0x76, 0x72,
    0xFF, 0x70, 0xFF, 0x7F, 0xFE, 0x35, 0xFE, 0x3C, 0xFF, 0x55, 0xFF, 0x8B, 0xFF, 0x84, 0xFE, 0x2A,
    0xFF, 0x1F, 0xFF, 0x86, 0xFF, 0x88, 0xFE, 0x2F, 0xFE, 0x20, 0xFF, 0x81, 0xFF, 0x6B, 0xFE, 0x1F,
    0x6E, 0x78, 0x7E, 0x85, 0x35, 0x36, 0x3B, 0x42, 0x53, 0x59, 0x89, 0x91, 0x83, 0x8D, 0x2A, 0x2C,
    0x20, 0x1F, 0x85, 0x8B, 0x86, 0x90, 0x2F, 0x31, 0x20, 0x1F, 0x81, 0x83, 0x6A, 0x70, 0x20, 0x20,
    0xFF, 0x76, 0xFF, 0x75, 0xFF, 0x8C, 0xFF, 0x99, 0xFF, 0x56, 0xFF, 0x76, 0xFF, 0x72, 0xFF, 0x8A,
    0xFF, 0x51, 0xFF, 0x78, 0xFF, 0x68, 0xFF, 0x6C, 0xFF, 0x6C, 0xFF, 0x6D, 0xFF, 0x68, 0xFF, 0x5F,
    0x73, 0x88, 0x71, 0x8B, 0x86, 0xA8, 0x93, 0xBA, 0x53, 0x61, 0x72, 0x8C, 0x6E, 0x8B, 0x84, 0xA8,
    0x4F, 0x5B, 0x74, 0x8D, 0x64, 0x81, 0x67, 0x88, 0x6A, 0x7A, 0x6A, 0x81, 0x63, 0x80, 0x5B, 0x7C,
    0xFF, 0x8D, 0xFF, 0x7B, 0xFF, 0x76, 0xFF, 0x70, 0xFF, 0x98, 0xFF, 0x8D, 0xFF, 0x6C, 0xFF, 0x6A,
    0xFF, 0x83, 0xFF, 0x93, 0xFF, 0x80, 0xFF, 0x51, 0xFF, 0x6B, 0xFF, 0x89, 0xFF, 0x89, 0xFF, 0x68,
    0x87, 0xAD, 0x76, 0x9B, 0x71, 0x99, 0x69, 0x9A, 0x91, 0xB9, 0x86, 0xAF, 0x67, 0x90, 0x65, 0x92,
    0x7D, 0xA3, 0x8B, 0xB7, 0x79, 0xA6, 0x4F, 0x79, 0x65, 0x8C, 0x82, 0xAF, 0x81, 0xB2, 0x63, 0x90,
    0xFF, 0x67, 0xFF, 0x69, 0xFF, 0x78, 0xFF, 0x82, 0xFF, 0x6C, 0xFF, 0x63, 0xFF, 0x73, 0xFF, 0x7C,
    0xFF, 0x5F, 0xFF, 0x6B, 0xFF, 0x70, 0xFF, 0x74, 0xFE, 0x41, 0xFF, 0x65, 0xFF, 0x6C, 0xFF, 0x71,
    0x60, 0x9D, 0x64, 0xA8, 0x74, 0xC0, 0x7E, 0xD1, 0x66, 0x9E, 0x5D, 0x9F, 0x6D, 0xBA, 0x77, 0xCA,
    0x5A, 0x8D, 0x65, 0xA3, 0x6A, 0xB4, 0x6F, 0xC1, 0x40, 0x6C, 0x5F, 0x98, 0x66, 0xAB, 0x6B, 0xBC,
    0xFF, 0x82, 0xFF, 0x8E, 0xFF, 0xA4, 0xFE, 0x46, 0xFF, 0x7E, 0xFF, 0x92, 0xFF, 0x9C, 0xFC, 0x1C,
    0xFF, 0x7B, 0xFF, 0x9F, 0xFF, 0x7D, 0xFC, 0x01, 0xFF, 0x84, 0xFF, 0xA6, 0xFE, 0x44, 0xFE, 0x00,
    0x7F, 0xD7, 0x8C, 0xE5, 0xA4, 0xFF, 0x47, 0x72, 0x7A, 0xD2, 0x8F, 0xEB, 0x9B, 0xF9, 0x1D, 0x2E,
    0x77, 0xCE, 0x9B, 0xFA, 0x7B, 0xC7, 0x01, 0x02, 0x7E, 0xD5, 0xA2, 0xFF, 0x42, 0x6D, 0x00, 0x00,
    0xFF, 0x00, 0xEF, 0x04, 0x12, 0x0E, 0x00, 0x00, 0xFE, 0x00, 0xB5, 0x04, 0x00, 0x00, 0x02, 0x00,
    0xFF, 0x01, 0x64, 0x05, 0x00, 0x00, 0x04, 0x00, 0xF1, 0x04, 0x16, 0x0B, 0x00, 0x00, 0x01, 0x00,
    0x00, 0x00, 0x04, 0x06, 0x0E, 0x1C, 0x00, 0x00, 0x00, 0x00, 0x05, 0x08, 0x00, 0x01, 0x00, 0x00,
    0x01, 0x01, 0x05, 0x0A, 0x00, 0x00, 0x00, 0x00, 0x04, 0x06, 0x0B, 0x17, 0x00, 0x00, 0x00, 0x00,
    0x01, 0x00, 0x00, 0x00, 0x00, 0x00, 0x00, 0x00, 0x00, 0x00, 0x00, 0x00, 0x00, 0x00, 0x00, 0x00,
    0x00, 0x00, 0x00, 0x00, 0x00, 0x00, 0x00, 0x00, 0x00, 0x00, 0x00, 0x00, 0x00, 0x00, 0x00, 0x00,
    0x00, 0x00, 0x00, 0x00, 0x00, 0x00, 0x00, 0x00, 0x00, 0x00, 0x00, 0x00, 0x00, 0x00, 0x00, 0x00,
    0x00, 0x00, 0x00, 0x00, 0x00, 0x00, 0x00, 0x00, 0x00, 0x00, 0x00, 0x00, 0x00, 0x00, 0x00, 0x00,
    0x00, 0x00, 0x00, 0x00, 0x00, 0x00, 0x00, 0x00, 0x00, 0x00, 0x00, 0x00, 0x00, 0x00, 0x00, 0x00,
    0x00, 0x00, 0x00, 0x00, 0x00, 0x00, 0x00, 0x00, 0x00, 0x00, 0x00, 0x00, 0x00, 0x00, 0x00, 0x00,
    0x00, 0x00, 0x00, 0x00, 0x00, 0x00, 0x00, 0x00, 0x00, 0x00, 0x00, 0x00, 0x00, 0x00, 0x00, 0x00,
    0x00, 0x00, 0x00, 0x00, 0x00, 0x00, 0x00, 0x00, 0x00, 0x00, 0x00, 0x00, 0x00, 0x00, 0x00, 0x00,
    0x00, 0x00, 0x03, 0x00, 0x00, 0x00, 0x9D, 0x04, 0x00, 0x00, 0x03, 0x00, 0x00, 0x00, 0x2E, 0x0B,
    0x00, 0x00, 0x00, 0x00, 0x03, 0x00, 0x00, 0x00, 0x00, 0x00, 0x00, 0x00, 0x02, 0x00, 0x01, 0x00,
    0x00, 0x00, 0x00, 0x00, 0x00, 0x00, 0x04, 0x08, 0x00, 0x00, 0x00, 0x00, 0x00, 0x00, 0x0B, 0x10,
    0x00, 0x00, 0x00, 0x00, 0x00, 0x00, 0x00, 0x01, 0x00, 0x00, 0x00, 0x00, 0x00, 0x00, 0x00, 0x00,
    0xFF, 0x00, 0xFB, 0x0D, 0xFF, 0x8C, 0xFF, 0x93, 0xFD, 0x02, 0xFD, 0x00, 0xFF, 0x4C, 0xFF, 0x97,
    0xAA, 0x04, 0xFF, 0x01, 0xFC, 0x0C, 0xFF, 0x7A, 0x25, 0x06, 0xF8, 0x02, 0xFC, 0x00, 0xFE, 0x2D,
    0x00, 0x00, 0x0D, 0x16, 0x87, 0xDB, 0x8C, 0xE5, 0x02, 0x04, 0x00, 0x00, 0x49, 0x78, 0x8F, 0xEC,
    0x04, 0x06, 0x01, 0x01, 0x0C, 0x13, 0x72, 0xBC, 0x06, 0x0D, 0x02, 0x03, 0x00, 0x00, 0x2A, 0x44,
    0xFF, 0x75, 0xFF, 0x64, 0xFF, 0x5A, 0xFE, 0x37, 0xFF, 0x7D, 0xFF, 0x65, 0xFF, 0x5B, 0xFF, 0x3F,
    0xFF, 0x82, 0xFF, 0x6C, 0xFF, 0x55, 0xFF, 0x50, 0xFF, 0x77, 0xFF, 0x6E, 0xFF, 0x5E, 0xFF, 0x4F,
    0x6E, 0xBE, 0x5D, 0x9F, 0x55, 0x8A, 0x38, 0x62, 0x75, 0xC4, 0x5E, 0x9D, 0x54, 0x88, 0x3E, 0x69,
    0x79, 0xC7, 0x64, 0xA3, 0x4F, 0x82, 0x4A, 0x76, 0x6E, 0xB7, 0x66, 0xA6, 0x58, 0x8C, 0x4A, 0x73,
    0xFF, 0x62, 0xFF, 0x85, 0xFF, 0x88, 0xFF, 0x71, 0xFF, 0x3A, 0xFF, 0x78, 0xFF, 0x87, 0xFF, 0x7D,
    0xFF, 0x2E, 0xFF, 0x4C, 0xFF, 0x7C, 0xFF, 0x82, 0xFF, 0x44, 0xFF, 0x2A, 0xFF, 0x59, 0xFF, 0x77,
    0x5C, 0x88, 0x7D, 0xAE, 0x80, 0xAF, 0x6B, 0x94, 0x3B, 0x62, 0x70, 0x9E, 0x7F, 0xAD, 0x76, 0xA0,
    0x31, 0x58, 0x4B, 0x73, 0x74, 0xA0, 0x7B, 0xA6, 0x41, 0x68, 0x2F, 0x55, 0x55, 0x7B, 0x70, 0x9A,
    0xFF, 0x67, 0xFF, 0x6E, 0xFF, 0x68, 0xFF, 0x71, 0xFF, 0x68, 0xFF, 0x63, 0xFF, 0x67, 0xFF, 0x6A,
    0xFF, 0x75, 0xFF, 0x62, 0xFF, 0x5D, 0xFF, 0x60, 0xFF, 0x7A, 0xFF, 0x6B, 0xFF, 0x59, 0xFF, 0x54,
    0x62, 0x87, 0x69, 0x89, 0x64, 0x7C, 0x6E, 0x80, 0x62, 0x89, 0x5E, 0x80, 0x63, 0x7D, 0x67, 0x79,
    0x6E, 0x96, 0x5C, 0x7F, 0x59, 0x75, 0x5D, 0x70, 0x73, 0x9B, 0x65, 0x88, 0x55, 0x72, 0x51, 0x66,
    0xFF, 0x36, 0xFF, 0x37, 0xFF, 0x7D, 0xFF, 0x7B, 0xFF, 0x59, 0xFE, 0x19, 0xFF, 0x63, 0xFF, 0x75,
    0xFF, 0x69, 0xFF, 0x2E, 0xFF, 0x33, 0xFF, 0x69, 0xFF, 0x5C, 0xFF, 0x55, 0xFE, 0x19, 0xFF, 0x3F,
    0x36, 0x3B, 0x37, 0x39, 0x7B, 0x82, 0x7A, 0x7E, 0x58, 0x61, 0x19, 0x19, 0x62, 0x69, 0x74, 0x79,
    0x67, 0x72, 0x2E, 0x30, 0x32, 0x36, 0x67, 0x71, 0x5A, 0x66, 0x54, 0x58, 0x19, 0x19, 0x3E, 0x44,
    0xFF, 0x71, 0xFF, 0x65, 0xFF, 0x6E, 0xFF, 0x6E, 0xFF, 0x72, 0xFF, 0x66, 0xFF, 0x6A, 0xFF, 0x6A,
    0xFF, 0x6D, 0xFF, 0x6C, 0xFF, 0x66, 0xFF, 0x61, 0xFF, 0x56, 0xFF, 0x5B, 0xFF, 0x55, 0xFF, 0x50,
    0x71, 0x73, 0x64, 0x63, 0x6C, 0x67, 0x6A, 0x64, 0x71, 0x75, 0x65, 0x64, 0x68, 0x64, 0x66, 0x61,
    0x6B, 0x73, 0x6B, 0x6D, 0x64, 0x62, 0x5C, 0x5B, 0x54, 0x5D, 0x59, 0x61, 0x52, 0x57, 0x4C, 0x4E,
    0xFF, 0x63, 0xFF, 0x51, 0xFE, 0x4E, 0xFF, 0x7E, 0xFF, 0x61, 0xFE, 0x4A, 0xFF, 0x5A, 0xFF, 0x84,
    0xFF, 0x5E, 0xFE, 0x47, 0xFF, 0x68, 0xFF, 0x88, 0xFF, 0x4A, 0xFE, 0x4B, 0xFF, 0x75, 0xFF, 0x8B,
    0x5C, 0x58, 0x4A, 0x47, 0x46, 0x3F, 0x69, 0x53, 0x59, 0x56, 0x44, 0x42, 0x4F, 0x44, 0x6E, 0x54,
    0x56, 0x54, 0x41, 0x3E, 0x59, 0x4B, 0x70, 0x52, 0x44, 0x45, 0x45, 0x3E, 0x64, 0x51, 0x72, 0x51,
    0xFF, 0x97, 0xFF, 0xA8, 0xFF, 0x7E, 0xFF, 0x85, 0xFF, 0x9C, 0xFF, 0xAA, 0xFF, 0x72, 0xFF, 0x9D,
    0xFF, 0xA0, 0xFF, 0xA8, 0xFF, 0x6F, 0xFF, 0xAF, 0xFF, 0xA5, 0xFF, 0xA4, 0xFF, 0x71, 0xFF, 0xB6,
    0x7C, 0x55, 0x82, 0x4D, 0x5B, 0x2F, 0x5C, 0x29, 0x7E, 0x53, 0x81, 0x49, 0x51, 0x28, 0x6D, 0x30,
    0x81, 0x52, 0x7E, 0x45, 0x4E, 0x25, 0x79, 0x35, 0x83, 0x50, 0x7A, 0x41, 0x4F, 0x25, 0x7F, 0x38,
    0xFF, 0xC8, 0xFF, 0xC6, 0xFF, 0xD8, 0xFF, 0xEA, 0xFF, 0xC6, 0xFF, 0xC8, 0xFF, 0xDA, 0xFF, 0xEC,
    0xFF, 0xC4, 0xFF, 0xC9, 0xFF, 0xDC, 0xFF, 0xEE, 0xFF, 0xBF, 0xFF, 0xCA, 0xFF, 0xDC, 0xFF, 0xEF,
    0x88, 0x39, 0x85, 0x31, 0x95, 0x2E, 0xA9, 0x2C, 0x87, 0x38, 0x87, 0x31, 0x98, 0x2E, 0xAC, 0x2B,
    0x84, 0x37, 0x89, 0x31, 0x9B, 0x2E, 0xAF, 0x2B, 0x82, 0x35, 0x8A, 0x32, 0x9C, 0x2E, 0xB1, 0x2A,
    0xFF, 0xF5, 0xFF, 0xF9, 0xFF, 0xF9, 0xFF, 0xF6, 0xFF, 0xF7, 0xFF, 0xFA, 0xFF, 0xFA, 0xFF, 0xF6,
    0xFF, 0xF8, 0xFF, 0xFB, 0xFF, 0xFA, 0xFF, 0xF5, 0xFF, 0xF8, 0xFF, 0xFB, 0xFF, 0xFA, 0xFF, 0xF5,
    0xB7, 0x29, 0xBD, 0x29, 0xBC, 0x28, 0xB8, 0x28, 0xB9, 0x29, 0xBD, 0x28, 0xBC, 0x28, 0xB7, 0x29,
    0xBB, 0x29, 0xBD, 0x28, 0xBC, 0x28, 0xB6, 0x29, 0xBC, 0x29, 0xBD, 0x28, 0xBC, 0x28, 0xB6, 0x29,
    0xFF, 0xEE, 0xFF, 0xE2, 0xFF, 0xD5, 0xFF, 0xC8, 0xFF, 0xED, 0xFF, 0xE0, 0xFF, 0xD3, 0xFF, 0xC7,
    0xFF, 0xEC, 0xFF, 0xDF, 0xFF, 0xD3, 0xFF, 0xC6, 0xFF, 0xEC, 0xFF, 0xDE, 0xFF, 0xD3, 0xFF, 0xC6,
    0xAD, 0x2A, 0x9E, 0x2C, 0x8E, 0x2E, 0x83, 0x30, 0xAC, 0x2A, 0x9B, 0x2C, 0x8C, 0x2F, 0x82, 0x31,
    0xAA, 0x2A, 0x99, 0x2C, 0x8B, 0x2F, 0x82, 0x31, 0xA9, 0x29, 0x98, 0x2C, 0x8C, 0x2F, 0x82, 0x31,
    0xFF, 0xBD, 0xFF, 0xB8, 0xFF, 0xB7, 0xFF, 0xAF, 0xFF, 0xBC, 0xFF, 0xB9, 0xFF, 0xB6, 0xFF, 0xAD,
    0xFF, 0xBC, 0xFF, 0xB0, 0xFF, 0xB5, 0xFF, 0xAE, 0xFF, 0xBB, 0xFF, 0xA2, 0xFF, 0xB4, 0xFF, 0xAD,
    0x7E, 0x33, 0x7B, 0x35, 0x7E, 0x38, 0x7D, 0x3D, 0x7D, 0x33, 0x7D, 0x35, 0x7E, 0x39, 0x7C, 0x3D,
    0x7D, 0x33, 0x78, 0x34, 0x7E, 0x39, 0x7C, 0x3E, 0x7D, 0x33, 0x6E, 0x31, 0x7D, 0x3A, 0x7B, 0x3D,
    0xFF, 0xB6, 0xFF, 0x88, 0xFF, 0x01, 0xFF, 0x15, 0xFF, 0xB7, 0xFF, 0x3D, 0xFF, 0x00, 0xFF, 0x1F,
    0xFF, 0xAB, 0xFF, 0x1E, 0xFF, 0x01, 0xFF, 0x0D, 0xFF, 0xAA, 0xFF, 0x1F, 0xFF, 0x01, 0xFF, 0x04,
    0x8C, 0x4D, 0x6E, 0x43, 0x00, 0x00, 0x16, 0x16, 0x8E, 0x4F, 0x31, 0x1C, 0x01, 0x03, 0x1E, 0x1D,
    0x82, 0x48, 0x18, 0x0E, 0x02, 0x04, 0x0D, 0x0C, 0x81, 0x48, 0x19, 0x0E, 0x01, 0x00, 0x03, 0x03,
    0xFF, 0x31, 0xFF, 0x36, 0xFF, 0x28, 0xFF, 0x03, 0xFF, 0x18, 0xFF, 0x24, 0xFF, 0x34, 0xFF, 0x14,
    0xFF, 0x05, 0xFF, 0x0E, 0xFF, 0x26, 0xFF, 0x18, 0xFF, 0x02, 0xFF, 0x07, 0xFF, 0x18, 0xFF, 0x0F,
    0x31, 0x31, 0x36, 0x36, 0x28, 0x28, 0x03, 0x03, 0x18, 0x18, 0x24, 0x24, 0x34, 0x34, 0x14, 0x14,
    0x05, 0x05, 0x0E, 0x0E, 0x26, 0x26, 0x18, 0x18, 0x02, 0x02, 0x07, 0x07, 0x18, 0x18, 0x0F, 0x0F,
    0xFF, 0x41, 0xFF, 0x7D, 0xFF, 0x6E, 0xFF, 0x59, 0xFF, 0x17, 0xFF, 0x6D, 0xFF, 0x75, 0xFF, 0x63,
    0xFF, 0x07, 0xFF, 0x5A, 0xFF, 0x72, 0xFF, 0x73, 0xFF, 0x09, 0xFF, 0x5B, 0xFF, 0x64, 0xFF, 0x6D,
    0x41, 0x41, 0x7C, 0x7E, 0x6D, 0x70, 0x58, 0x5C, 0x17, 0x17, 0x6D, 0x6E, 0x74, 0x77, 0x62, 0x65,
    0x07, 0x07, 0x5A, 0x59, 0x71, 0x73, 0x72, 0x75, 0x09, 0x09, 0x5C, 0x5A, 0x64, 0x64, 0x6D, 0x6E,
    0xFF, 0x54, 0xFF, 0x59, 0xFF, 0x33, 0xFE, 0x1E, 0xFF, 0x56, 0xFF, 0x54, 0xFF, 0x58, 0xFF, 0x46,
    0xFF, 0x65, 0xFF, 0x5A, 0xFF, 0x56, 0xFF, 0x56, 0xFF, 0x71, 0xFF, 0x6A, 0xFF, 0x64, 0xFF, 0x5F,
    0x54, 0x56, 0x59, 0x5C, 0x33, 0x35, 0x1E, 0x1E, 0x56, 0x59, 0x54, 0x56, 0x58, 0x5C, 0x45, 0x49,
    0x64, 0x67, 0x5A, 0x5C, 0x55, 0x58, 0x55, 0x5A, 0x70, 0x72, 0x69, 0x6B, 0x64, 0x66, 0x5F, 0x61,
    0xFF, 0x3B, 0xFF, 0x48, 0xFF, 0x3F, 0xFF, 0x1E, 0xFF, 0x2A, 0xFF, 0x25, 0xFF, 0x2A, 0xFF, 0x44,
    0xFF, 0x58, 0xFF, 0x56, 0xFF, 0x58, 0xFF, 0x5B, 0xFF, 0x5B, 0xFF, 0x5B, 0xFF, 0x61, 0xFF, 0x6A,
    0x3C, 0x3B, 0x49, 0x47, 0x40, 0x3D, 0x1F, 0x1D, 0x2A, 0x2C, 0x25, 0x26, 0x2A, 0x2B, 0x44, 0x46,
    0x56, 0x5C, 0x54, 0x5A, 0x57, 0x5C, 0x5A, 0x60, 0x5A, 0x5E, 0x5A, 0x5E, 0x60, 0x63, 0x69, 0x6C,
    0xFF, 0x26, 0xFF, 0x59, 0xFF, 0x65, 0xFF, 0x70, 0xFF, 0x5C, 0xFF, 0x5F, 0xFF, 0x6D, 0xFF, 0x72,
    0xFF, 0x5F, 0xFF, 0x6D, 0xFF, 0x70, 0xFF, 0x72, 0xFF, 0x70, 0xFF, 0x6F, 0xFF, 0x73, 0xFF, 0x4C,
    0x26, 0x26, 0x58, 0x5C, 0x63, 0x68, 0x70, 0x6F, 0x5B, 0x60, 0x5E, 0x63, 0x6D, 0x6E, 0x73, 0x6F,
    0x5D, 0x62, 0x6D, 0x6E, 0x71, 0x6D, 0x73, 0x6E, 0x6F, 0x6F, 0x70, 0x6C, 0x75, 0x70, 0x4E, 0x49,
    0xFF, 0x73, 0xFF, 0x39, 0xFF, 0x3C, 0xFF, 0x64, 0xFF, 0x5E, 0xFF, 0x22, 0xFF, 0x57, 0xFF, 0x65,
    0xFF, 0x30, 0xFF, 0x39, 0xFF, 0x63, 0xFF, 0x6A, 0xFF, 0x21, 0xFF, 0x5F, 0xFF, 0x68, 0xFF, 0x7B,
    0x74, 0x70, 0x39, 0x38, 0x3B, 0x3F, 0x63, 0x66, 0x5F, 0x5B, 0x22, 0x22, 0x56, 0x59, 0x63, 0x65,
    0x30, 0x2D, 0x38, 0x38, 0x61, 0x62, 0x66, 0x65, 0x21, 0x1E, 0x5C, 0x5C, 0x62, 0x60, 0x72, 0x6B,
    0xFF, 0x77, 0xFF, 0x94, 0xFF, 0x94, 0xFF, 0x9C, 0xFF, 0x73, 0xFF, 0x84, 0xFF, 0x86, 0xFF, 0x8A,
    0xFF, 0x78, 0xFF, 0x7C, 0xFF, 0x7D, 0xFF, 0x7C, 0xFF, 0x7F, 0xFF, 0x7D, 0xFF, 0x85, 0xFF, 0x81,
    0x77, 0x77, 0x94, 0x90, 0x96, 0x8F, 0x9E, 0x97, 0x72, 0x71, 0x82, 0x7D, 0x84, 0x7D, 0x89, 0x80,
    0x73, 0x6E, 0x77, 0x6E, 0x78, 0x6F, 0x78, 0x6D, 0x75, 0x67, 0x72, 0x62, 0x79, 0x68, 0x77, 0x67,
    0xFF, 0x9D, 0xFF, 0x86, 0xFF, 0x71, 0xFE, 0x3F, 0xFF, 0x91, 0xFF, 0x98, 0xFF, 0x92, 0xFF, 0x79,
    0xFF, 0x74, 0xFF, 0x7C, 0xFF, 0x90, 0xFF, 0x92, 0xFF, 0x6F, 0xFF, 0x6C, 0xFF, 0x79, 0xFF, 0x8A,
    0x9F, 0x97, 0x88, 0x82, 0x71, 0x70, 0x3F, 0x40, 0x91, 0x88, 0x98, 0x8F, 0x93, 0x8A, 0x79, 0x76,
    0x70, 0x67, 0x79, 0x71, 0x8E, 0x85, 0x92, 0x89, 0x68, 0x5C, 0x66, 0x5C, 0x74, 0x6B, 0x88, 0x7E,
    0xFE, 0x23, 0xFF, 0x71, 0xFF, 0x87, 0xFF, 0x6D, 0xFF, 0x49, 0xFE, 0x22, 0xFF, 0x67, 0xFF, 0x7F,
    0xFF, 0x82, 0xFF, 0x55, 0xFE, 0x2A, 0xFF, 0x5A, 0xFF, 0x93, 0xFF, 0x83, 0xFF, 0x5D, 0xFF, 0x3C,
    0x23, 0x21, 0x73, 0x6D, 0x88, 0x84, 0x6D, 0x6D, 0x49, 0x49, 0x22, 0x20, 0x68, 0x64, 0x7F, 0x7D,
    0x83, 0x7F, 0x55, 0x55, 0x2A, 0x29, 0x5A, 0x5A, 0x92, 0x89, 0x84, 0x7F, 0x5D, 0x5D, 0x3C, 0x3D,
    0xFF, 0x54, 0xFF, 0x50, 0xFF, 0x7A, 0xFF, 0x4E, 0xFF, 0x69, 0xFF, 0x51, 0xFF, 0x4C, 0xFE, 0x47,
    0xFF, 0x69, 0xFF, 0x64, 0xFF, 0x67, 0xFF, 0x79, 0xFF, 0x50, 0xFF, 0x5A, 0xFF, 0x63, 0xFF, 0x67,
    0x53, 0x55, 0x51, 0x4E, 0x7C, 0x77, 0x4F, 0x4B, 0x68, 0x6B, 0x50, 0x54, 0x4C, 0x4B, 0x48, 0x45,
    0x69, 0x6B, 0x63, 0x68, 0x66, 0x6B, 0x79, 0x7A, 0x4F, 0x53, 0x59, 0x5F, 0x61, 0x68, 0x66, 0x6A,
    0xFE, 0x41, 0xFF, 0x8C, 0xFF, 0x39, 0xFF, 0x37, 0xFF, 0x79, 0xFF, 0x6F, 0xFE, 0x1C, 0xFF, 0x5A,
    0xFF, 0x7B, 0xFF, 0x3A, 0xFF, 0x2F, 0xFF, 0x67, 0xFF, 0x4C, 0xFE, 0x1A, 0xFF, 0x54, 0xFF, 0x58,
    0x42, 0x40, 0x8C, 0x8D, 0x39, 0x3A, 0x36, 0x3B, 0x7A, 0x78, 0x6F, 0x71, 0x1C, 0x1C, 0x59, 0x62,
    0x7B, 0x7C, 0x3A, 0x3B, 0x2E, 0x30, 0x65, 0x70, 0x4C, 0x4D, 0x1A, 0x1A, 0x53, 0x58, 0x56, 0x61,
    0xFF, 0x72, 0xFF, 0x64, 0xFF, 0x5F, 0xFF, 0x5A, 0xFF, 0x65, 0xFF, 0x5B, 0xFF, 0x54, 0xFF, 0x5F,
    0xFF, 0x57, 0xFF, 0x4F, 0xFF, 0x56, 0xFF, 0x72, 0xFF, 0x48, 0xFF, 0x4C, 0xFF, 0x65, 0xFF, 0x79,
    0x6F, 0x81, 0x60, 0x78, 0x5B, 0x78, 0x55, 0x78, 0x62, 0x74, 0x58, 0x70, 0x50, 0x6E, 0x5A, 0x7F,
    0x54, 0x66, 0x4B, 0x64, 0x51, 0x71, 0x6B, 0x92, 0x45, 0x59, 0x48, 0x63, 0x60, 0x81, 0x72, 0x9A,
    0xFF, 0x6E, 0xFF, 0x88, 0xFF, 0x85, 0xFF, 0x62, 0xFF, 0x7C, 0xFF, 0x87, 0xFF, 0x78, 0xFF, 0x3A,
    0xFF, 0x82, 0xFF, 0x7C, 0xFF, 0x4C, 0xFF, 0x2E, 0xFF, 0x77, 0xFF, 0x59, 0xFF, 0x2A, 0xFF, 0x44,
    0x68, 0x90, 0x80, 0xAF, 0x7D, 0xAE, 0x5C, 0x88, 0x75, 0x9F, 0x7F, 0xAE, 0x70, 0x9E, 0x3B, 0x62,
    0x7B, 0xA6, 0x74, 0xA0, 0x4B, 0x72, 0x31, 0x58, 0x70, 0x9A, 0x55, 0x7B, 0x2F, 0x55, 0x41, 0x68,
    0xFE, 0x37, 0xFF, 0x5A, 0xFF, 0x64, 0xFF, 0x75, 0xFF, 0x3F, 0xFF, 0x5A, 0xFF, 0x65, 0xFF, 0x7E,
    0xFF, 0x50, 0xFF, 0x55, 0xFF, 0x6C, 0xFF, 0x82, 0xFF, 0x4F, 0xFF, 0x5E, 0xFF, 0x6E, 0xFF, 0x77,
    0x38, 0x62, 0x55, 0x8A, 0x5E, 0x9F, 0x6E, 0xBE, 0x3E, 0x69, 0x54, 0x88, 0x5E, 0x9D, 0x75, 0xC4,
    0x4A, 0x76, 0x4F, 0x82, 0x64, 0xA3, 0x79, 0xC7, 0x4A, 0x73, 0x58, 0x8C, 0x66, 0xA6, 0x6E, 0xB7,
    0xFF, 0x93, 0xFF, 0x8C, 0xFB, 0x0D, 0xFF, 0x00, 0xFF, 0x97, 0xFF, 0x4C, 0xFD, 0x00, 0xFD, 0x02,
    0xFF, 0x7A, 0xFC, 0x0C, 0xFF, 0x01, 0xAA, 0x04, 0xFE, 0x2D, 0xFC, 0x00, 0xF8, 0x02, 0x25, 0x06,
    0x8C, 0xE5, 0x87, 0xDB, 0x0D, 0x16, 0x00, 0x00, 0x8F, 0xEC, 0x49, 0x78, 0x00, 0x00, 0x02, 0x04,
    0x72, 0xBC, 0x0C, 0x13, 0x01, 0x01, 0x04, 0x06, 0x2A, 0x44, 0x00, 0x00, 0x02, 0x03, 0x06, 0x0D,
    0x9D, 0x04, 0x00, 0x00, 0x03, 0x00, 0x00, 0x00, 0x2E, 0x0B, 0x00, 0x00, 0x03, 0x00, 0x00, 0x00,
    0x00, 0x00, 0x03, 0x00, 0x00, 0x00, 0x00, 0x00, 0x01, 0x00, 0x02, 0x00, 0x00, 0x00, 0x00, 0x00,
    0x04, 0x08, 0x00, 0x00, 0x00, 0x00, 0x00, 0x00, 0x0B, 0x10, 0x00, 0x00, 0x00, 0x00, 0x00, 0x00,
    0x00, 0x01, 0x00, 0x00, 0x00, 0x00, 0x00, 0x00, 0x00, 0x00, 0x00, 0x00, 0x00, 0x00, 0x00, 0x00,
    0x00, 0x00, 0x00, 0x00, 0x00, 0x00, 0x00, 0x00, 0x00, 0x00, 0x00, 0x00, 0x00, 0x00, 0x00, 0x00,
    0x00, 0x00, 0x00, 0x00, 0x00, 0x00, 0x00, 0x00, 0x00, 0x00, 0x00, 0x00, 0x00, 0x00, 0x00, 0x00,
    0x00, 0x00, 0x00, 0x00, 0x00, 0x00, 0x00, 0x00, 0x00, 0x00, 0x00, 0x00, 0x00, 0x00, 0x00, 0x00,
    0x00, 0x00, 0x00, 0x00, 0x00, 0x00, 0x00, 0x00, 0x00, 0x00, 0x00, 0x00, 0x00, 0x00, 0x00, 0x00,
    0x00, 0x00, 0x00, 0x00, 0x00, 0x00, 0x00, 0x00, 0x00, 0x00, 0x00, 0x00, 0x00, 0x00, 0x00, 0x00,
    0x00, 0x00, 0x00, 0x00, 0x00, 0x00, 0x00, 0x00, 0x00, 0x00, 0x00, 0x00, 0x00, 0x00, 0x00, 0x00,
    0x00, 0x00, 0x00, 0x00, 0x00, 0x00, 0x00, 0x00, 0x00, 0x00, 0x00, 0x00, 0x00, 0x00, 0x00, 0x00,
    0x00, 0x00, 0x00, 0x00, 0x00, 0x00, 0x00, 0x00, 0x00, 0x00, 0x00, 0x00, 0x00, 0x00, 0x00, 0x00,
    0x00, 0x00, 0x00, 0x00, 0x00, 0x00, 0x03, 0x00, 0x00, 0x00, 0x00, 0x00, 0x00, 0x00, 0x01, 0x00,
    0x00, 0x00, 0x00, 0x00, 0x00, 0x00, 0x00, 0x00, 0x00, 0x00, 0x00, 0x00, 0x00, 0x00, 0x00, 0x00,
    0x00, 0x00, 0x00, 0x00, 0x00, 0x00, 0x00, 0x00, 0x00, 0x00, 0x00, 0x00, 0x00, 0x00, 0x00, 0x00,
    0x00, 0x00, 0x00, 0x00, 0x00, 0x00, 0x00, 0x00, 0x00, 0x00, 0x00, 0x00, 0x00, 0x00, 0x00, 0x00,
    0x00, 0x00, 0x7C, 0x04, 0xFF, 0x02, 0xFA, 0x00, 0x03, 0x00, 0x03, 0x00, 0xC1, 0x02, 0xFF, 0x01,
    0x02, 0x00, 0x01, 0x00, 0x18, 0x0A, 0xDC, 0x01, 0x00, 0x00, 0x02, 0x00, 0x00, 0x00, 0x1F, 0x08,
    0x00, 0x00, 0x04, 0x06, 0x01, 0x02, 0x00, 0x00, 0x00, 0x00, 0x00, 0x55, 0x01, 0x02, 0x01, 0x01,
    0x00, 0x00, 0x00, 0x00, 0x0A, 0x0A, 0x01, 0x02, 0x00, 0x00, 0x00, 0x00, 0x00, 0x00, 0x00, 0x08,
    0xFF, 0x39, 0xFF, 0x69, 0xFF, 0x65, 0xFF, 0x57, 0xFA, 0x01, 0xFF, 0x34, 0xFF, 0x5E, 0xFF, 0x64,
    0xFF, 0x00, 0xFA, 0x00, 0xFD, 0x19, 0xFF, 0x3C, 0xC8, 0x01, 0xFF, 0x01, 0xFF, 0x00, 0xFF, 0x00,
    0x35, 0x59, 0x61, 0xA0, 0x5D, 0x95, 0x51, 0x81, 0x01, 0x01, 0x31, 0x4F, 0x58, 0x8F, 0x5C, 0x94,
    0x00, 0x00, 0x00, 0x00, 0x18, 0x25, 0x38, 0x59, 0x01, 0x02, 0x01, 0x01, 0x00, 0x00, 0x00, 0x00,
    0xFF, 0x4E, 0xFF, 0x39, 0xFF, 0x2E, 0xFF, 0x5D, 0xFF, 0x58, 0xFF, 0x50, 0xFF, 0x31, 0xFF, 0x34,
    0xFF, 0x4D, 0xFF, 0x54, 0xFF, 0x55, 0xFF, 0x33, 0xFB, 0x05, 0xFB, 0x12, 0xFC, 0x23, 0xFD, 0x2A,
    0x48, 0x6F, 0x39, 0x5E, 0x32, 0x57, 0x57, 0x7C, 0x53, 0x81, 0x4A, 0x71, 0x33, 0x59, 0x35, 0x58,
    0x48, 0x73, 0x4E, 0x7A, 0x50, 0x79, 0x35, 0x5E, 0x05, 0x08, 0x11, 0x1B, 0x20, 0x31, 0x28, 0x3D,
    0xFF, 0x6E, 0xFF, 0x6D, 0xFF, 0x5D, 0xFF, 0x4D, 0xFF, 0x5B, 0xFF, 0x66, 0xFF, 0x60, 0xFF, 0x55,
    0xFF, 0x3C, 0xFF, 0x56, 0xFF, 0x5B, 0xFF, 0x5A, 0xFE, 0x1C, 0xFF, 0x35, 0xFF, 0x45, 0xFF, 0x47,
    0x68, 0x8E, 0x67, 0x8B, 0x58, 0x76, 0x49, 0x61, 0x55, 0x75, 0x60, 0x81, 0x5B, 0x78, 0x50, 0x69,
    0x3C, 0x5E, 0x50, 0x6D, 0x57, 0x73, 0x55, 0x6E, 0x1E, 0x38, 0x33, 0x49, 0x41, 0x57, 0x44, 0x59,
    0xFF, 0x4B, 0xFF, 0x54, 0xFF, 0x46, 0xFF, 0x32, 0xFF, 0x52, 0xFF, 0x56, 0xFF, 0x5A, 0xFF, 0x59,
    0xFF, 0x56, 0xFF, 0x57, 0xFF, 0x59, 0xFF, 0x57, 0xFF, 0x43, 0xFF, 0x42, 0xFF, 0x43, 0xFF, 0x45,
    0x48, 0x56, 0x52, 0x5B, 0x45, 0x4A, 0x32, 0x35, 0x4F, 0x61, 0x53, 0x61, 0x58, 0x64, 0x57, 0x63,
    0x52, 0x67, 0x54, 0x64, 0x56, 0x66, 0x54, 0x64, 0x40, 0x53, 0x3F, 0x50, 0x3F, 0x50, 0x42, 0x53,
    0xFF, 0x38, 0xFF, 0x3F, 0xFF, 0x3C, 0xFF, 0x38, 0xFF, 0x53, 0xFF, 0x51, 0xFF, 0x55, 0xFF, 0x59,
    0xFF, 0x58, 0xFF, 0x60, 0xFF, 0x6A, 0xFF, 0x68, 0xFF, 0x4A, 0xFF, 0x52, 0xFF, 0x65, 0xFF, 0x69,
    0x36, 0x3D, 0x3D, 0x46, 0x3A, 0x40, 0x36, 0x38, 0x50, 0x5D, 0x4E, 0x5B, 0x52, 0x5B, 0x55, 0x58,
    0x55, 0x65, 0x5D, 0x6B, 0x67, 0x71, 0x63, 0x67, 0x48, 0x56, 0x4F, 0x5A, 0x62, 0x6B, 0x64, 0x6A,
    0xFE, 0x42, 0xFF, 0x66, 0xFF, 0x7A, 0xFF, 0x90, 0xFF, 0x5F, 0xFF, 0x6C, 0xFF, 0x7D, 0xFF, 0x92,
    0xFF, 0x62, 0xFF, 0x6C, 0xFF, 0x7C, 0xFF, 0x9C, 0xFF, 0x60, 0xFF, 0x66, 0xFF, 0x79, 0xFF, 0x9D,
    0x3E, 0x3D, 0x5B, 0x50, 0x68, 0x51, 0x75, 0x51, 0x56, 0x54, 0x60, 0x53, 0x6A, 0x51, 0x76, 0x50,
    0x58, 0x57, 0x5F, 0x53, 0x68, 0x50, 0x7E, 0x52, 0x57, 0x58, 0x57, 0x51, 0x64, 0x4F, 0x7D, 0x51,
    0xFF, 0xA6, 0xFF, 0xA7, 0xFF, 0x85, 0xFF, 0xC9, 0xFF, 0xB0, 0xFF, 0x9C, 0xFF, 0x4C, 0xFF, 0x5E,
    0xFF, 0x90, 0xFF, 0x1D, 0xFF, 0x17, 0xFF, 0x23, 0xFF, 0x2E, 0xFF, 0x0D, 0xFF, 0x31, 0xFF, 0x3F,
    0x83, 0x4E, 0x7B, 0x40, 0x5D, 0x2B, 0x8B, 0x3D, 0x89, 0x50, 0x73, 0x3A, 0x35, 0x17, 0x41, 0x1D,
    0x70, 0x40, 0x17, 0x0F, 0x19, 0x1D, 0x27, 0x2A, 0x24, 0x16, 0x10, 0x14, 0x30, 0x2F, 0x3E, 0x3D,
    0xFF, 0xC9, 0xFF, 0xC8, 0xFF, 0xDB, 0xFF, 0xEF, 0xFF, 0x8E, 0xFF, 0xCF, 0xFF, 0xDA, 0xFF, 0xED,
    0xFF, 0x12, 0xFF, 0x66, 0xFF, 0xDF, 0xFF, 0xEA, 0xFF, 0x41, 0xFF, 0x11, 0xFF, 0x9E, 0xFF, 0xF3,
    0x88, 0x38, 0x89, 0x32, 0x9C, 0x2E, 0xB1, 0x2A, 0x60, 0x27, 0x8E, 0x35, 0x9B, 0x2E, 0xAF, 0x2A,
    0x14, 0x16, 0x46, 0x1B, 0x9E, 0x30, 0xAC, 0x2A, 0x41, 0x40, 0x13, 0x17, 0x70, 0x23, 0xB1, 0x2E,
    0xFF, 0xF8, 0xFF, 0xFB, 0xFF, 0xF9, 0xFF, 0xF4, 0xFF, 0xF7, 0xFF, 0xFA, 0xFF, 0xF9, 0xFF, 0xF3,
    0xFF, 0xF6, 0xFF, 0xF9, 0xFF, 0xF8, 0xFF, 0xF4, 0xFF, 0xF3, 0xFF, 0xF8, 0xFF, 0xF8, 0xFF, 0xF3,
    0xBB, 0x29, 0xBD, 0x27, 0xBC, 0x28, 0xB5, 0x29, 0xBA, 0x29, 0xBD, 0x28, 0xBB, 0x28, 0xB4, 0x29,
    0xB8, 0x29, 0xBB, 0x28, 0xBB, 0x28, 0xB3, 0x2A, 0xB5, 0x29, 0xBB, 0x29, 0xBA, 0x28, 0xB2, 0x2A,
    0xFF, 0xEB, 0xFF, 0xDE, 0xFF, 0xD4, 0xFF, 0xC6, 0xFF, 0xEA, 0xFF, 0xDE, 0xFF, 0xD3, 0xFF, 0xC6,
    0xFF, 0xE9, 0xFF, 0xDE, 0xFF, 0xE0, 0xFF, 0xCF, 0xFF, 0xEC, 0xFF, 0xE5, 0xFF, 0xAE, 0xFF, 0xB3,
    0xA8, 0x2A, 0x98, 0x2C, 0x8D, 0x2E, 0x83, 0x31, 0xA6, 0x2B, 0x98, 0x2D, 0x8E, 0x2E, 0x83, 0x31,
    0xA5, 0x2B, 0x98, 0x2C, 0x97, 0x2F, 0x8A, 0x32, 0xA7, 0x2B, 0x9D, 0x2C, 0x75, 0x23, 0x78, 0x29,
    0xFF, 0xBC, 0xFF, 0x9A, 0xFF, 0xB2, 0xFF, 0xAB, 0xFF, 0xBF, 0xFF, 0x93, 0xFF, 0xAB, 0xFF, 0xAD,
    0xFF, 0xC1, 0xFF, 0x94, 0xFF, 0x9E, 0xFF, 0xB1, 0xFF, 0xCC, 0xFF, 0x9F, 0xFF, 0x8C, 0xFF, 0xB3,
    0x7E, 0x34, 0x69, 0x2F, 0x7C, 0x39, 0x79, 0x3C, 0x80, 0x35, 0x65, 0x2D, 0x77, 0x38, 0x7B, 0x3D,
    0x81, 0x35, 0x65, 0x2D, 0x6E, 0x34, 0x7E, 0x3F, 0x89, 0x36, 0x6D, 0x30, 0x62, 0x2E, 0x7F, 0x3F,
    0xFF, 0xB2, 0xFF, 0x45, 0xFF, 0x00, 0xFF, 0x05, 0xFF, 0xA9, 0xFF, 0x93, 0xFF, 0x12, 0xFF, 0x00,
    0xFF, 0xA3, 0xFF, 0xA7, 0xFF, 0x89, 0xFF, 0x38, 0xFF, 0xA4, 0xFF, 0x9F, 0xFF, 0x9F, 0xFF, 0x9D,
    0x86, 0x4A, 0x37, 0x20, 0x00, 0x00, 0x04, 0x02, 0x7E, 0x45, 0x74, 0x45, 0x0F, 0x09, 0x00, 0x00,
    0x78, 0x41, 0x81, 0x4C, 0x6E, 0x48, 0x2F, 0x22, 0x78, 0x40, 0x79, 0x46, 0x7E, 0x50, 0x82, 0x5D,
    0xFF, 0x01, 0xFF, 0x05, 0xFF, 0x0F, 0xFF, 0x03, 0xFF, 0x00, 0xFF, 0x00, 0xFF, 0x00, 0xFF, 0x09,
    0xFF, 0x12, 0xFF, 0x12, 0xFF, 0x2D, 0xFF, 0x5B, 0xFF, 0x89, 0xFF, 0x85, 0xFF, 0x91, 0xFF, 0x80,
    0x01, 0x01, 0x05, 0x04, 0x0F, 0x0F, 0x03, 0x03, 0x00, 0x00, 0x00, 0x00, 0x00, 0x00, 0x09, 0x08,
    0x11, 0x0E, 0x12, 0x11, 0x2D, 0x2C, 0x5B, 0x5B, 0x7A, 0x64, 0x82, 0x7A, 0x92, 0x8F, 0x80, 0x81,
    0xFF, 0x0A, 0xFF, 0x66, 0xFF, 0x66, 0xFF, 0x62, 0xFF, 0x28, 0xFF, 0x31, 0xFF, 0x6A, 0xFF, 0x6A,
    0xFF, 0x66, 0xFF, 0x32, 0xFF, 0x2A, 0xFF, 0x49, 0xFF, 0x6C, 0xFF, 0x5F, 0xFF, 0x44, 0xFF, 0x29,
    0x0A, 0x09, 0x68, 0x64, 0x67, 0x64, 0x63, 0x61, 0x28, 0x27, 0x32, 0x2E, 0x6B, 0x68, 0x6C, 0x68,
    0x65, 0x68, 0x32, 0x33, 0x2B, 0x2A, 0x49, 0x48, 0x6B, 0x6E, 0x5D, 0x62, 0x43, 0x48, 0x29, 0x2B,
    0xFF, 0x67, 0xFF, 0x6A, 0xFF, 0x6B, 0xFF, 0x6B, 0xFF, 0x68, 0xFF, 0x68, 0xFF, 0x6A, 0xFF, 0x6C,
    0xFF, 0x5A, 0xFF, 0x60, 0xFF, 0x62, 0xFF, 0x63, 0xFF, 0x22, 0xFF, 0x22, 0xFF, 0x23, 0xFF, 0x24,
    0x68, 0x67, 0x6A, 0x6A, 0x6B, 0x6B, 0x6B, 0x6B, 0x69, 0x65, 0x69, 0x66, 0x6B, 0x68, 0x6D, 0x6A,
    0x5A, 0x59, 0x60, 0x60, 0x63, 0x62, 0x63, 0x63, 0x23, 0x23, 0x22, 0x22, 0x23, 0x23, 0x23, 0x23,
    0xFF, 0x6D, 0xFF, 0x70, 0xFF, 0x72, 0xFF, 0x71, 0xFF, 0x6E, 0xFF, 0x6F, 0xFF, 0x6F, 0xFF, 0x6F,
    0xFF, 0x61, 0xFF, 0x5D, 0xFF, 0x53, 0xFF, 0x3C, 0xFF, 0x20, 0xFF, 0x1B, 0xFF, 0x1B, 0xFF, 0x23,
    0x6C, 0x6D, 0x70, 0x70, 0x72, 0x72, 0x72, 0x6F, 0x6F, 0x6C, 0x70, 0x6D, 0x70, 0x6D, 0x70, 0x6C,
    0x62, 0x62, 0x5E, 0x5D, 0x54, 0x52, 0x3D, 0x3B, 0x20, 0x20, 0x1C, 0x1B, 0x1B, 0x1A, 0x22, 0x24,
    0xFF, 0x6E, 0xFF, 0x70, 0xFF, 0x55, 0xFF, 0x18, 0xFF, 0x65, 0xFF, 0x3E, 0xFF, 0x15, 0xFF, 0x43,
    0xFF, 0x1A, 0xFF, 0x1A, 0xFF, 0x48, 0xFF, 0x5B, 0xFF, 0x3A, 0xFF, 0x5B, 0xFF, 0x63, 0xFF, 0x65,
    0x6F, 0x6B, 0x71, 0x6E, 0x57, 0x53, 0x19, 0x16, 0x65, 0x63, 0x3F, 0x3C, 0x17, 0x14, 0x42, 0x44,
    0x1B, 0x19, 0x1A, 0x1B, 0x47, 0x4B, 0x58, 0x5A, 0x39, 0x3F, 0x58, 0x61, 0x61, 0x65, 0x5E, 0x5C,
    0xFF, 0x50, 0xFF, 0x64, 0xFF, 0x78, 0xFF, 0x89, 0xFF, 0x5F, 0xFF, 0x6D, 0xFF, 0x8A, 0xFF, 0x90,
    0xFF, 0x67, 0xFF, 0x82, 0xFF, 0x94, 0xFF, 0x93, 0xFF, 0x7C, 0xFF, 0x91, 0xFF, 0x97, 0xFF, 0x9A,
    0x4E, 0x4E, 0x5E, 0x5D, 0x6D, 0x65, 0x7A, 0x67, 0x5A, 0x5B, 0x62, 0x5D, 0x78, 0x65, 0x7A, 0x5D,
    0x5E, 0x5B, 0x71, 0x61, 0x7C, 0x5D, 0x78, 0x53, 0x6E, 0x61, 0x7A, 0x5D, 0x7B, 0x54, 0x78, 0x4C,
    0xFF, 0x80, 0xFF, 0x81, 0xFF, 0x8F, 0xFF, 0x8F, 0xFF, 0x85, 0xFF, 0x88, 0xFF, 0x95, 0xFF, 0x9B,
    0xFF, 0x93, 0xFF, 0x93, 0xFF, 0x9A, 0xFF, 0xA3, 0xFF, 0x86, 0xFF, 0x94, 0xFF, 0xA2, 0xFF, 0xAA,
    0x6F, 0x59, 0x6E, 0x55, 0x7C, 0x5F, 0x7D, 0x63, 0x6E, 0x4F, 0x6F, 0x4E, 0x7B, 0x56, 0x81, 0x5C,
    0x75, 0x4D, 0x73, 0x49, 0x7B, 0x4E, 0x86, 0x5A, 0x65, 0x3B, 0x6F, 0x41, 0x7D, 0x4D, 0x8B, 0x5C,
    0xFF, 0x75, 0xFE, 0x4B, 0xFF, 0x55, 0xFF, 0x74, 0xFF, 0x7E, 0xFE, 0x4E, 0xFF, 0x5B, 0xFE, 0x45,
    0xFF, 0x99, 0xFE, 0x5E, 0xFF, 0x72, 0xFF, 0x63, 0xFF, 0xA5, 0xFF, 0x73, 0xFE, 0x63, 0xFF, 0x7A,
    0x69, 0x57, 0x47, 0x3F, 0x51, 0x49, 0x6F, 0x65, 0x6C, 0x52, 0x48, 0x3E, 0x54, 0x48, 0x43, 0x3C,
    0x81, 0x5E, 0x55, 0x47, 0x68, 0x57, 0x5B, 0x4F, 0x88, 0x5E, 0x64, 0x4E, 0x5B, 0x4E, 0x6F, 0x5E,
    0xFF, 0x84, 0xFF, 0x8D, 0xFF, 0x78, 0xFF, 0x5B, 0xFF, 0x69, 0xFF, 0x7D, 0xFF, 0x77, 0xFF, 0x6C,
    0xFE, 0x3D, 0xFF, 0x58, 0xFF, 0x6D, 0xFF, 0x6D, 0xFF, 0x66, 0xFE, 0x37, 0xFF, 0x45, 0xFF, 0x60,
    0x82, 0x79, 0x8D, 0x85, 0x78, 0x78, 0x5A, 0x5E, 0x65, 0x5D, 0x7C, 0x75, 0x77, 0x77, 0x6A, 0x71,
    0x3B, 0x36, 0x57, 0x51, 0x6C, 0x6C, 0x6B, 0x73, 0x61, 0x57, 0x35, 0x31, 0x44, 0x44, 0x5E, 0x66,
    0xFF, 0x47, 0xFF, 0x46, 0xFF, 0x42, 0xFF, 0x3C, 0xFF, 0x5A, 0xFF, 0x4F, 0xFF, 0x4A, 0xFF, 0x49,
    0xFF, 0x6D, 0xFF, 0x6B, 0xFF, 0x61, 0xFF, 0x54, 0xFF, 0x63, 0xFF, 0x6E, 0xFF, 0x6F, 0xFF, 0x65,
    0x46, 0x4C, 0x44, 0x4D, 0x41, 0x49, 0x3A, 0x40, 0x58, 0x62, 0x4C, 0x58, 0x47, 0x54, 0x47, 0x53,
    0x6A, 0x76, 0x68, 0x75, 0x5D, 0x6C, 0x51, 0x60, 0x60, 0x6C, 0x6B, 0x78, 0x6B, 0x79, 0x61, 0x73,
    0xFE, 0x33, 0xFF, 0x46, 0xFF, 0x52, 0xFF, 0x45, 0xFF, 0x50, 0xFF, 0x52, 0xFF, 0x4C, 0xFF, 0x47,
    0xFF, 0x51, 0xFF, 0x53, 0xFF, 0x54, 0xFF, 0x53, 0xFF, 0x5D, 0xFF, 0x58, 0xFF, 0x56, 0xFF, 0x50,
    0x32, 0x36, 0x45, 0x4A, 0x50, 0x59, 0x43, 0x51, 0x4E, 0x59, 0x4F, 0x5A, 0x4A, 0x56, 0x44, 0x55,
    0x4E, 0x5D, 0x50, 0x60, 0x50, 0x61, 0x4F, 0x63, 0x59, 0x6C, 0x54, 0x68, 0x52, 0x67, 0x4C, 0x61,
    0xFF, 0x43, 0xFF, 0x57, 0xFF, 0x6C, 0xFF, 0x6E, 0xFF, 0x4E, 0xFF, 0x60, 0xFF, 0x66, 0xFF, 0x5B,
    0xFF, 0x58, 0xFF, 0x5D, 0xFF, 0x56, 0xFF, 0x3C, 0xFF, 0x49, 0xFF, 0x45, 0xFF, 0x35, 0xFE, 0x1C,
    0x3F, 0x55, 0x52, 0x6E, 0x66, 0x89, 0x68, 0x8E, 0x4A, 0x61, 0x5B, 0x78, 0x61, 0x82, 0x55, 0x75,
    0x54, 0x6B, 0x58, 0x75, 0x51, 0x6E, 0x3C, 0x5E, 0x45, 0x5B, 0x42, 0x58, 0x33, 0x49, 0x1E, 0x38,
    0xFF, 0x5D, 0xFF, 0x2E, 0xFF, 0x39, 0xFF, 0x4E, 0xFF, 0x34, 0xFF, 0x31, 0xFF, 0x50, 0xFF, 0x58,
    0xFF, 0x33, 0xFF, 0x55, 0xFF, 0x54, 0xFF, 0x4D, 0xFD, 0x2A, 0xFC, 0x23, 0xFB, 0x12, 0xFB, 0x05,
    0x57, 0x7C, 0x32, 0x57, 0x39, 0x5E, 0x48, 0x6F, 0x35, 0x58, 0x33, 0x59, 0x4A, 0x71, 0x53, 0x81,
    0x35, 0x5E, 0x50, 0x79, 0x4E, 0x7A, 0x48, 0x73, 0x28, 0x3D, 0x20, 0x31, 0x11, 0x1B, 0x05, 0x07,
    0xFF, 0x57, 0xFF, 0x65, 0xFF, 0x69, 0xFF, 0x39, 0xFF, 0x63, 0xFF, 0x5E, 0xFF, 0x34, 0xFA, 0x01,
    0xFF, 0x3C, 0xFD, 0x19, 0xFA, 0x00, 0xFF, 0x00, 0xFF, 0x00, 0xFF, 0x00, 0xFF, 0x01, 0xC8, 0x01,
    0x51, 0x81, 0x5D, 0x95, 0x61, 0xA0, 0x35, 0x59, 0x5C, 0x94, 0x58, 0x8F, 0x31, 0x4F, 0x01, 0x01,
    0x38, 0x59, 0x18, 0x25, 0x00, 0x00, 0x00, 0x00, 0x00, 0x00, 0x00, 0x00, 0x01, 0x01, 0x01, 0x02,
    0xFA, 0x00, 0xFF, 0x02, 0x7C, 0x04, 0x00, 0x00, 0xFF, 0x01, 0xC1, 0x02, 0x03, 0x00, 0x03, 0x00,
    0xDC, 0x01, 0x18, 0x0A, 0x01, 0x00, 0x02, 0x00, 0x1F, 0x08, 0x00, 0x00, 0x02, 0x00, 0x00, 0x00,
    0x00, 0x00, 0x01, 0x02, 0x04, 0x06, 0x00, 0x00, 0x01, 0x01, 0x01, 0x02, 0x00, 0x55, 0x00, 0x00,
    0x01, 0x02, 0x0A, 0x0A, 0x00, 0x00, 0x00, 0x00, 0x00, 0x08, 0x00, 0x00, 0x00, 0x00, 0x00, 0x00,
    0x03, 0x00, 0x00, 0x00, 0x00, 0x00, 0x00, 0x00, 0x01, 0x00, 0x00, 0x00, 0x00, 0x00, 0x00, 0x00,
    0x00, 0x00, 0x00, 0x00, 0x00, 0x00, 0x00, 0x00, 0x00, 0x00, 0x00, 0x00, 0x00, 0x00, 0x00, 0x00,
    0x00, 0x00, 0x00, 0x00, 0x00, 0x00, 0x00, 0x00, 0x00, 0x00, 0x00, 0x00, 0x00, 0x00, 0x00, 0x00,
    0x00, 0x00, 0x00, 0x00, 0x00, 0x00, 0x00, 0x00, 0x00, 0x00, 0x00, 0x00, 0x00, 0x00, 0x00, 0x00,
    0x00, 0x00, 0x00, 0x00, 0x00, 0x00, 0x00, 0x00, 0x00, 0x00, 0x00, 0x00, 0x00, 0x00, 0x00, 0x00,
    0x00, 0x00, 0x00, 0x00, 0x00, 0x00, 0x00, 0x00, 0x00, 0x00, 0x00, 0x00, 0x00, 0x00, 0x00, 0x00,
    0x00, 0x00, 0x00, 0x00, 0x00, 0x00, 0x00, 0x00, 0x00, 0x00, 0x00, 0x00, 0x00, 0x00, 0x00, 0x00,
    0x00, 0x00, 0x00, 0x00, 0x00, 0x00, 0x00, 0x00, 0x00, 0x00, 0x00, 0x00, 0x00, 0x00, 0x00, 0x00,
    0x00, 0x00, 0x00, 0x00, 0x00, 0x00, 0x00, 0x00, 0x00, 0x00, 0x00, 0x00, 0x00, 0x00, 0x00, 0x00,
    0x00, 0x00, 0x00, 0x00, 0x00, 0x00, 0x00, 0x00, 0x00, 0x00, 0x00, 0x00, 0x00, 0x00, 0x00, 0x00,
    0x00, 0x00, 0x00, 0x00, 0x00, 0x00, 0x00, 0x00, 0x00, 0x00, 0x00, 0x00, 0x00, 0x00, 0x00, 0x00,
    0x00, 0x00, 0x00, 0x00, 0x00, 0x00, 0x00, 0x00, 0x00, 0x00, 0x00, 0x00, 0x00, 0x00, 0x00, 0x00,
    0x00, 0x00, 0x00, 0x00, 0x00, 0x00, 0x00, 0x00, 0x00, 0x00, 0x00, 0x00, 0x00, 0x00, 0x00, 0x00,
    0x00, 0x00, 0x00, 0x00, 0x00, 0x00, 0x01, 0x00, 0x00, 0x00, 0x00, 0x00, 0x00, 0x00, 0x00, 0x00,
    0x00, 0x00, 0x00, 0x00, 0x00, 0x00, 0x00, 0x00, 0x00, 0x00, 0x00, 0x00, 0x00, 0x00, 0x00, 0x00,
    0x00, 0x00, 0x00, 0x00, 0x00, 0x00, 0x00, 0x00, 0x00, 0x00, 0x00, 0x00, 0x00, 0x00, 0x00, 0x00,
    0x00, 0x00, 0x00, 0x00, 0x02, 0x00, 0x00, 0x00, 0x00, 0x00, 0x00, 0x00, 0x00, 0x00, 0x02, 0x00,
    0x04, 0x00, 0x01, 0x00, 0x00, 0x00, 0x00, 0x00, 0x00, 0x00, 0x00, 0x00, 0x02, 0x00, 0x03, 0x00,
    0x00, 0x00, 0x00, 0x00, 0x00, 0x00, 0x00, 0x00, 0x00, 0x00, 0x00, 0x00, 0x00, 0x00, 0x00, 0x00,
    0x00, 0x00, 0x00, 0x00, 0x00, 0x00, 0x00, 0x00, 0x00, 0x00, 0x00, 0x00, 0x00, 0x00, 0x00, 0x00,
    0x06, 0x00, 0x71, 0x02, 0xD2, 0x02, 0xFF, 0x01, 0x00, 0x00, 0x00, 0x00, 0x02, 0x00, 0x32, 0x05,
    0x01, 0x00, 0x06, 0x00, 0x03, 0x00, 0x00, 0x00, 0x00, 0x00, 0x00, 0x00, 0x00, 0x00, 0x00, 0x00,
    0x00, 0x2A, 0x02, 0x02, 0x02, 0x02, 0x01, 0x02, 0x00, 0x00, 0x00, 0x00, 0x00, 0x00, 0x05, 0x05,
    0x00, 0x00, 0x00, 0x00, 0x00, 0x00, 0x00, 0x00, 0x00, 0x00, 0x00, 0x00, 0x00, 0x00, 0x00, 0x00,
    0xFF, 0x00, 0xFF, 0x00, 0xFF, 0x00, 0xFF, 0x00, 0x68, 0x02, 0x9A, 0x01, 0xC2, 0x02, 0xE0, 0x01,
    0x00, 0x00, 0x00, 0x00, 0x00, 0x00, 0x07, 0x00, 0x00, 0x00, 0x01, 0x00, 0x05, 0x00, 0x01, 0x00,
    0x00, 0x00, 0x00, 0x00, 0x00, 0x00, 0x00, 0x00, 0x02, 0x02, 0x01, 0x03, 0x02, 0x02, 0x01, 0x02,
    0x00, 0x00, 0x00, 0x00, 0x00, 0x00, 0x00, 0x00, 0x00, 0x00, 0x00, 0x00, 0x00, 0x00, 0x00, 0x00,
    0xFF, 0x00, 0xFF, 0x00, 0xFD, 0x06, 0xFC, 0x0B, 0xF3, 0x01, 0xFF, 0x00, 0xFF, 0x00, 0xFF, 0x00,
    0x19, 0x00, 0x2B, 0x00, 0x3D, 0x00, 0x4F, 0x03, 0x00, 0x00, 0x00, 0x00, 0x00, 0x00, 0x00, 0x00,
    0x00, 0x00, 0x01, 0x01, 0x06, 0x08, 0x0A, 0x0D, 0x01, 0x01, 0x00, 0x00, 0x00, 0x00, 0x00, 0x00,
    0x00, 0x00, 0x00, 0x00, 0x00, 0x04, 0x03, 0x03, 0x00, 0x00, 0x00, 0x00, 0x00, 0x00, 0x00, 0x00,
    0xFB, 0x0D, 0xFB, 0x0D, 0xFB, 0x0F, 0xFE, 0x14, 0xFF, 0x00, 0xFF, 0x00, 0xFF, 0x00, 0xFF, 0x00,
    0x5F, 0x02, 0x6E, 0x02, 0x71, 0x02, 0xD6, 0x02, 0x00, 0x00, 0x00, 0x00, 0x00, 0x00, 0x7D, 0x02,
    0x0D, 0x10, 0x0C, 0x10, 0x0E, 0x12, 0x14, 0x19, 0x00, 0x00, 0x00, 0x00, 0x00, 0x00, 0x00, 0x00,
    0x02, 0x02, 0x02, 0x02, 0x02, 0x02, 0x02, 0x02, 0x00, 0x00, 0x00, 0x00, 0x00, 0x00, 0x02, 0x02,
    0xFF, 0x28, 0xFF, 0x49, 0xFF, 0x5F, 0xFF, 0x6B, 0xFF, 0x02, 0xFF, 0x42, 0xFF, 0x5B, 0xFF, 0x6F,
    0xFF, 0x00, 0xFD, 0x28, 0xFF, 0x54, 0xFF, 0x6F, 0xFF, 0x00, 0xFB, 0x14, 0xFF, 0x4A, 0xFF, 0x67,
    0x26, 0x2D, 0x47, 0x50, 0x5B, 0x65, 0x66, 0x70, 0x02, 0x02, 0x41, 0x47, 0x58, 0x63, 0x69, 0x75,
    0x00, 0x00, 0x27, 0x2D, 0x51, 0x5D, 0x69, 0x74, 0x00, 0x00, 0x13, 0x16, 0x48, 0x54, 0x62, 0x6E,
    0xFF, 0x60, 0xFF, 0x65, 0xFF, 0x7E, 0xFF, 0x84, 0xFF, 0x64, 0xFF, 0x69, 0xFF, 0x7F, 0xFF, 0x7E,
    0xFF, 0x68, 0xFF, 0x6A, 0xFF, 0x78, 0xFF, 0x8D, 0xFF, 0x69, 0xFF, 0x68, 0xFF, 0x75, 0xFF, 0x88,
    0x57, 0x5B, 0x54, 0x52, 0x66, 0x52, 0x69, 0x44, 0x5C, 0x60, 0x58, 0x56, 0x66, 0x54, 0x62, 0x43,
    0x60, 0x65, 0x59, 0x58, 0x60, 0x52, 0x6C, 0x4C, 0x61, 0x67, 0x58, 0x58, 0x5E, 0x52, 0x68, 0x4C,
    0xFF, 0x0B, 0xFF, 0x0F, 0xFF, 0x0D, 0xFF, 0x0F, 0xFF, 0x09, 0xFF, 0x02, 0xFF, 0x02, 0xFF, 0x01,
    0xFF, 0x2A, 0xFF, 0x00, 0xFF, 0x04, 0xFF, 0x02, 0xFF, 0x85, 0xFF, 0x1A, 0xFF, 0x00, 0xFF, 0x00,
    0x09, 0x05, 0x0F, 0x0F, 0x0D, 0x0D, 0x0F, 0x0F, 0x06, 0x03, 0x02, 0x02, 0x02, 0x02, 0x01, 0x00,
    0x20, 0x13, 0x00, 0x00, 0x03, 0x02, 0x02, 0x01, 0x65, 0x3E, 0x13, 0x0A, 0x00, 0x00, 0x00, 0x00,
    0xFF, 0x30, 0xFF, 0x18, 0xFF, 0x58, 0xFF, 0xF1, 0xFF, 0x13, 0xFF, 0x0C, 0xFF, 0x4E, 0xFF, 0xEA,
    0xFF, 0x0A, 0xFF, 0x00, 0xFF, 0x7F, 0xFF, 0xE6, 0xFF, 0x00, 0xFF, 0x3F, 0xFF, 0xC3, 0xFF, 0xD5,
    0x2F, 0x2D, 0x1C, 0x22, 0x40, 0x17, 0xAF, 0x30, 0x12, 0x11, 0x0F, 0x14, 0x38, 0x16, 0xA9, 0x31,
    0x09, 0x07, 0x00, 0x03, 0x58, 0x22, 0xA4, 0x32, 0x00, 0x00, 0x2B, 0x12, 0x86, 0x36, 0x96, 0x30,
    0xFF, 0xF1, 0xFF, 0xF7, 0xFF, 0xF7, 0xFF, 0xF4, 0xFF, 0xEE, 0xFF, 0xF7, 0xFF, 0xF5, 0xFF, 0xFF,
    0xFF, 0xEB, 0xFF, 0xF7, 0xFF, 0xF6, 0xFF, 0xFE, 0xFF, 0xE8, 0xFF, 0xF4, 0xFF, 0xF7, 0xFF, 0xF6,
    0xB2, 0x29, 0xBA, 0x29, 0xBA, 0x29, 0xB4, 0x29, 0xB0, 0x2A, 0xB9, 0x29, 0xB8, 0x28, 0xBE, 0x2B,
    0xAD, 0x2A, 0xB8, 0x29, 0xB9, 0x28, 0xBE, 0x2A, 0xA9, 0x2C, 0xB6, 0x2A, 0xBA, 0x28, 0xB8, 0x27,
    0xFF, 0xF1, 0xFF, 0x6A, 0xFF, 0x19, 0xFF, 0x22, 0xFF, 0xBB, 0xFF, 0x09, 0xFF, 0x38, 0xFF, 0x21,
    0xFF, 0xCC, 0xFF, 0x04, 0xFF, 0x02, 0xFF, 0x00, 0xFF, 0xFC, 0xFF, 0x93, 0xFF, 0x2A, 0xFF, 0x4C,
    0xAC, 0x2B, 0x4B, 0x1A, 0x1B, 0x1E, 0x1E, 0x19, 0x88, 0x21, 0x0B, 0x0F, 0x37, 0x35, 0x25, 0x29,
    0x96, 0x23, 0x04, 0x03, 0x04, 0x08, 0x00, 0x07, 0xBB, 0x2B, 0x6B, 0x1A, 0x1D, 0x07, 0x34, 0x0E,
    0xFF, 0x87, 0xFF, 0xBD, 0xFF, 0x7C, 0xFF, 0xAC, 0xFF, 0x32, 0xFF, 0xC7, 0xFF, 0x8B, 0xFF, 0x90,
    0xFF, 0x4F, 0xFF, 0xCA, 0xFF, 0xAD, 0xFF, 0x7A, 0xFF, 0xBE, 0xFF, 0xC6, 0xFF, 0xBA, 0xFF, 0xA7,
    0x5A, 0x24, 0x81, 0x38, 0x57, 0x29, 0x7A, 0x3C, 0x23, 0x10, 0x86, 0x38, 0x60, 0x2C, 0x66, 0x32,
    0x36, 0x15, 0x89, 0x38, 0x78, 0x36, 0x56, 0x29, 0x82, 0x2D, 0x88, 0x35, 0x81, 0x3A, 0x76, 0x39,
    0xFF, 0xA7, 0xFF, 0x9F, 0xFF, 0x99, 0xFF, 0x95, 0xFF, 0xAC, 0xFF, 0xA4, 0xFF, 0xA7, 0xFF, 0x92,
    0xFF, 0xAE, 0xFF, 0x92, 0xFF, 0x45, 0xFF, 0x14, 0xFF, 0x53, 0xFF, 0x0E, 0xFF, 0x00, 0xFF, 0x07,
    0x79, 0x40, 0x77, 0x43, 0x77, 0x49, 0x79, 0x51, 0x7C, 0x41, 0x7A, 0x44, 0x7F, 0x4B, 0x74, 0x4A,
    0x7C, 0x41, 0x6B, 0x3B, 0x34, 0x1E, 0x10, 0x0B, 0x3B, 0x1E, 0x0A, 0x06, 0x00, 0x01, 0x08, 0x09,
    0xFF, 0x99, 0xFF, 0x90, 0xFF, 0x82, 0xFF, 0x7C, 0xFF, 0x79, 0xFF, 0x70, 0xFF, 0x76, 0xFF, 0x83,
    0xFF, 0x03, 0xFF, 0x00, 0xFF, 0x09, 0xFF, 0x34, 0xFF, 0x0D, 0xFF, 0x0D, 0xFF, 0x08, 0xFF, 0x00,
    0x82, 0x63, 0x85, 0x75, 0x81, 0x7D, 0x7B, 0x7C, 0x64, 0x46, 0x62, 0x4F, 0x70, 0x65, 0x80, 0x7B,
    0x03, 0x02, 0x01, 0x01, 0x08, 0x07, 0x31, 0x2D, 0x0D, 0x0D, 0x0D, 0x0D, 0x08, 0x08, 0x00, 0x00,
    0xFF, 0x7B, 0xFF, 0x6C, 0xFF, 0x5F, 0xFF, 0x58, 0xFF, 0x7D, 0xFF, 0x7A, 0xFF, 0x74, 0xFF, 0x68,
    0xFF, 0x7B, 0xFF, 0x7D, 0xFF, 0x79, 0xFF, 0x7B, 0xFF, 0x21, 0xFF, 0x7F, 0xFF, 0x7C, 0xFF, 0x79,
    0x7A, 0x7D, 0x6B, 0x6F, 0x5D, 0x63, 0x56, 0x5D, 0x7B, 0x7B, 0x79, 0x7B, 0x73, 0x77, 0x67, 0x6D,
    0x77, 0x72, 0x7A, 0x78, 0x77, 0x77, 0x79, 0x7B, 0x20, 0x1D, 0x7A, 0x72, 0x78, 0x74, 0x76, 0x74,
    0xFF, 0x4E, 0xFF, 0x45, 0xFF, 0x3F, 0xFF, 0x3E, 0xFF, 0x5E, 0xFF, 0x58, 0xFF, 0x55, 0xFF, 0x55,
    0xFF, 0x79, 0xFF, 0x76, 0xFF, 0x73, 0xFF, 0x72, 0xFF, 0x79, 0xFF, 0x7A, 0xFF, 0x7C, 0xFF, 0x7F,
    0x4D, 0x53, 0x44, 0x4A, 0x3E, 0x43, 0x3C, 0x42, 0x5C, 0x63, 0x56, 0x5E, 0x53, 0x5C, 0x53, 0x5C,
    0x78, 0x7B, 0x74, 0x7A, 0x70, 0x78, 0x70, 0x78, 0x76, 0x75, 0x77, 0x78, 0x7A, 0x7B, 0x7D, 0x80,
    0xFF, 0x3E, 0xFF, 0x44, 0xFF, 0x4C, 0xFF, 0x56, 0xFF, 0x56, 0xFF, 0x59, 0xFF, 0x61, 0xFF, 0x70,
    0xFF, 0x75, 0xFF, 0x7D, 0xFF, 0x86, 0xFF, 0x88, 0xFF, 0x82, 0xFF, 0x85, 0xFF, 0x87, 0xFF, 0x80,
    0x3D, 0x43, 0x42, 0x49, 0x4A, 0x53, 0x54, 0x5E, 0x54, 0x5D, 0x57, 0x60, 0x5F, 0x67, 0x6E, 0x75,
    0x74, 0x7B, 0x7A, 0x82, 0x84, 0x8A, 0x87, 0x8B, 0x81, 0x84, 0x84, 0x87, 0x86, 0x88, 0x7E, 0x7C,
    0xFF, 0x64, 0xFF, 0x73, 0xFF, 0x73, 0xFF, 0x7A, 0xFF, 0x7D, 0xFF, 0x7A, 0xFF, 0x7C, 0xFF, 0x8A,
    0xFF, 0x80, 0xFF, 0x7F, 0xFF, 0x8B, 0xFF, 0x91, 0xFF, 0x80, 0xFF, 0x8C, 0xFF, 0x91, 0xFF, 0x93,
    0x62, 0x6B, 0x71, 0x77, 0x6E, 0x6E, 0x6E, 0x64, 0x7B, 0x81, 0x77, 0x78, 0x73, 0x6B, 0x79, 0x61,
    0x7E, 0x7E, 0x79, 0x71, 0x7B, 0x67, 0x79, 0x58, 0x7A, 0x71, 0x7F, 0x6A, 0x7B, 0x5B, 0x75, 0x4C,
    0xFF, 0x8D, 0xFF, 0x96, 0xFF, 0x9E, 0xFF, 0x94, 0xFF, 0x94, 0xFF, 0x99, 0xFF, 0xA8, 0xFE, 0x7F,
    0xFF, 0x96, 0xFF, 0xA3, 0xFF, 0xA1, 0xFF, 0x7B, 0xFF, 0x9B, 0xFF, 0xB1, 0xFF, 0x84, 0xFF, 0x97,
    0x78, 0x5E, 0x7A, 0x53, 0x7B, 0x4B, 0x6E, 0x3E, 0x7A, 0x56, 0x78, 0x4A, 0x7C, 0x44, 0x5A, 0x2D,
    0x78, 0x4C, 0x7A, 0x44, 0x73, 0x3A, 0x56, 0x28, 0x76, 0x44, 0x80, 0x42, 0x5D, 0x2C, 0x68, 0x2D,
    0xFE, 0x72, 0xFE, 0x85, 0xFF, 0xA6, 0xFF, 0xAA, 0xFF, 0x9B, 0xFE, 0x85, 0xFF, 0xA0, 0xFF, 0xAC,
    0xFF, 0xB8, 0xFF, 0x92, 0xFF, 0x9A, 0xFF, 0xAF, 0xFF, 0xC3, 0xFF, 0xA3, 0xFF, 0x9A, 0xFF, 0xB0,
    0x52, 0x2A, 0x60, 0x34, 0x7E, 0x4A, 0x87, 0x51, 0x6F, 0x39, 0x60, 0x31, 0x76, 0x3F, 0x85, 0x4A,
    0x82, 0x3E, 0x68, 0x33, 0x6F, 0x3A, 0x84, 0x47, 0x86, 0x3B, 0x72, 0x36, 0x6E, 0x37, 0x83, 0x45,
    0xFF, 0xA2, 0xFF, 0x82, 0xFE, 0x58, 0xFF, 0x75, 0xFF, 0xA6, 0xFF, 0x92, 0xFE, 0x59, 0xFF, 0x6D,
    0xFF, 0xA7, 0xFF, 0x9B, 0xFF, 0x69, 0xFF, 0x62, 0xFF, 0xA8, 0xFF, 0x9A, 0xFF, 0x76, 0xFF, 0x5C,
    0x81, 0x50, 0x6A, 0x49, 0x50, 0x43, 0x6A, 0x59, 0x82, 0x4D, 0x75, 0x4E, 0x4E, 0x40, 0x63, 0x54,
    0x83, 0x4C, 0x7C, 0x51, 0x5B, 0x46, 0x5A, 0x4E, 0x84, 0x4B, 0x7C, 0x51, 0x65, 0x4D, 0x56, 0x4C,
    0xFF, 0x70, 0xFF, 0x66, 0xFE, 0x38, 0xFE, 0x31, 0xFF, 0x6F, 0xFF, 0x67, 0xFF, 0x5E, 0xFF, 0x36,
    0xFF, 0x70, 0xFF, 0x66, 0xFF, 0x5D, 0xFF, 0x4F, 0xFF, 0x6B, 0xFF, 0x62, 0xFF, 0x68, 0xFF, 0x52,
    0x69, 0x5E, 0x62, 0x5C, 0x37, 0x36, 0x30, 0x33, 0x68, 0x5D, 0x63, 0x5E, 0x5C, 0x5C, 0x35, 0x38,
    0x68, 0x5E, 0x61, 0x5F, 0x5A, 0x5B, 0x4D, 0x54, 0x63, 0x5A, 0x5D, 0x5E, 0x65, 0x69, 0x4F, 0x57,
    0xFF, 0x49, 0xFF, 0x53, 0xFF, 0x60, 0xFF, 0x3A, 0xFE, 0x26, 0xFF, 0x41, 0xFF, 0x49, 0xFF, 0x01,
    0xFF, 0x36, 0xFE, 0x28, 0xFD, 0x22, 0xFF, 0x00, 0xFF, 0x40, 0xFF, 0x3E, 0xFB, 0x0C, 0xFF, 0x00,
    0x47, 0x51, 0x51, 0x5C, 0x5D, 0x67, 0x38, 0x41, 0x26, 0x28, 0x3F, 0x48, 0x47, 0x4E, 0x01, 0x00,
    0x34, 0x3C, 0x27, 0x2B, 0x21, 0x25, 0x00, 0x00, 0x3E, 0x4A, 0x3C, 0x47, 0x0C, 0x0E, 0x00, 0x00,
    0xFE, 0x21, 0xFB, 0x17, 0xFB, 0x13, 0xFB, 0x10, 0xFF, 0x00, 0xFF, 0x00, 0xFF, 0x00, 0xFF, 0x00,
    0xD6, 0x02, 0x71, 0x02, 0x6E, 0x02, 0x5F, 0x02, 0x7D, 0x02, 0x00, 0x00, 0x00, 0x00, 0x00, 0x00,
    0x1F, 0x26, 0x16, 0x1B, 0x13, 0x17, 0x10, 0x14, 0x00, 0x00, 0x00, 0x00, 0x00, 0x00, 0x00, 0x00,
    0x02, 0x02, 0x02, 0x02, 0x02, 0x02, 0x02, 0x02, 0x02, 0x02, 0x00, 0x00, 0x00, 0x00, 0x00, 0x00,
    0xFC, 0x0B, 0xFD, 0x06, 0xFF, 0x00, 0xFF, 0x00, 0xFF, 0x00, 0xFF, 0x00, 0xFF, 0x00, 0xF3, 0x01,
    0x4F, 0x03, 0x3D, 0x00, 0x2B, 0x00, 0x19, 0x00, 0x00, 0x00, 0x00, 0x00, 0x00, 0x00, 0x00, 0x00,
    0x0A, 0x0E, 0x06, 0x08, 0x01, 0x01, 0x00, 0x00, 0x00, 0x00, 0x00, 0x00, 0x00, 0x00, 0x01, 0x01,
    0x03, 0x03, 0x00, 0x04, 0x00, 0x00, 0x00, 0x00, 0x00, 0x00, 0x00, 0x00, 0x00, 0x00, 0x00, 0x00,
    0xFF, 0x00, 0xFF, 0x00, 0xFF, 0x00, 0xFF, 0x00, 0xE0, 0x01, 0xC2, 0x02, 0x9A, 0x01, 0x68, 0x02,
    0x07, 0x00, 0x00, 0x00, 0x00, 0x00, 0x00, 0x00, 0x01, 0x00, 0x05, 0x00, 0x01, 0x00, 0x00, 0x00,
    0x00, 0x00, 0x00, 0x00, 0x00, 0x00, 0x00, 0x00, 0x01, 0x02, 0x02, 0x02, 0x01, 0x03, 0x02, 0x02,
    0x00, 0x00, 0x00, 0x00, 0x00, 0x00, 0x00, 0x00, 0x00, 0x00, 0x00, 0x00, 0x00, 0x00, 0x00, 0x00,
    0xFF, 0x01, 0xD2, 0x02, 0x71, 0x02, 0x06, 0x00, 0x32, 0x05, 0x02, 0x00, 0x00, 0x00, 0x00, 0x00,
    0x00, 0x00, 0x03, 0x00, 0x06, 0x00, 0x01, 0x00, 0x00, 0x00, 0x00, 0x00, 0x00, 0x00, 0x00, 0x00,
    0x01, 0x02, 0x02, 0x02, 0x02, 0x02, 0x00, 0x2A, 0x05, 0x05, 0x00, 0x00, 0x00, 0x00, 0x00, 0x00,
    0x00, 0x00, 0x00, 0x00, 0x00, 0x00, 0x00, 0x00, 0x00, 0x00, 0x00, 0x00, 0x00, 0x00, 0x00, 0x00,
    0x00, 0x00, 0x02, 0x00, 0x00, 0x00, 0x00, 0x00, 0x02, 0x00, 0x00, 0x00, 0x00, 0x00, 0x00, 0x00,
    0x00, 0x00, 0x00, 0x00, 0x01, 0x00, 0x04, 0x00, 0x03, 0x00, 0x02, 0x00, 0x00, 0x00, 0x00, 0x00,
    0x00, 0x00, 0x00, 0x00, 0x00, 0x00, 0x00, 0x00, 0x00, 0x00, 0x00, 0x00, 0x00, 0x00, 0x00, 0x00,
    0x00, 0x00, 0x00, 0x00, 0x00, 0x00, 0x00, 0x00, 0x00, 0x00, 0x00, 0x00, 0x00, 0x00, 0x00, 0x00,
    0x00, 0x00, 0x00, 0x00, 0x00, 0x00, 0x00, 0x00, 0x00, 0x00, 0x00, 0x00, 0x00, 0x00, 0x00, 0x00,
    0x01, 0x00, 0x00, 0x00, 0x00, 0x00, 0x00, 0x00, 0x00, 0x00, 0x00, 0x00, 0x00, 0x00, 0x00, 0x00,
    0x00, 0x00, 0x00, 0x00, 0x00, 0x00, 0x00, 0x00, 0x00, 0x00, 0x00, 0x00, 0x00, 0x00, 0x00, 0x00,
    0x00, 0x00, 0x00, 0x00, 0x00, 0x00, 0x00, 0x00, 0x00, 0x00, 0x00, 0x00, 0x00, 0x00, 0x00, 0x00,
    0x00, 0x00, 0x00, 0x00, 0x00, 0x00, 0x00, 0x00, 0x00, 0x00, 0x00, 0x00, 0x00, 0x00, 0x00, 0x00,
    0x00, 0x00, 0x00, 0x00, 0x00, 0x00, 0x00, 0x00, 0x00, 0x00, 0x00, 0x00, 0x00, 0x00, 0x00, 0x00,
    0x00, 0x00, 0x00, 0x00, 0x00, 0x00, 0x00, 0x00, 0x00, 0x00, 0x00, 0x00, 0x00, 0x00, 0x00, 0x00,
    0x00, 0x00, 0x00, 0x00, 0x00, 0x00, 0x00, 0x00, 0x00, 0x00, 0x00, 0x00, 0x00, 0x00, 0x00, 0x00,
    0x00, 0x00, 0x00, 0x00, 0x00, 0x00, 0x00, 0x00, 0x00, 0x00, 0x00, 0x00, 0x00, 0x00, 0x00, 0x00,
    0x00, 0x00, 0x00, 0x00, 0x00, 0x00, 0x00, 0x00, 0x00, 0x00, 0x00, 0x00, 0x00, 0x00, 0x00, 0x00,
    0x00, 0x00, 0x00, 0x00, 0x00, 0x00, 0x00, 0x00, 0x00, 0x00, 0x00, 0x00, 0x00, 0x00, 0x00, 0x00,
    0x00, 0x00, 0x00, 0x00, 0x00, 0x00, 0x00, 0x00, 0x00, 0x00, 0x00, 0x00, 0x00, 0x00, 0x00, 0x00,
    0x00, 0x00, 0x01, 0x00, 0x00, 0x00, 0x1A, 0x00, 0x01, 0x00, 0x01, 0x00, 0x07, 0x00, 0xCE, 0x00,
    0x02, 0x00, 0x00, 0x00, 0x1F, 0x10, 0xFD, 0x00, 0x01, 0x00, 0x00, 0x00, 0x0C, 0x15, 0xE5, 0x01,
    0x00, 0x00, 0x00, 0x00, 0x00, 0x00, 0x00, 0x00, 0x00, 0x00, 0x00, 0x00, 0x00, 0x00, 0x00, 0x00,
    0x00, 0x00, 0x00, 0x00, 0x08, 0x00, 0x00, 0x00, 0x00, 0x00, 0x00, 0x00, 0x15, 0x00, 0x01, 0x00,
    0x8B, 0x01, 0xC3, 0x03, 0xD9, 0x01, 0xDB, 0x02, 0xFF, 0x00, 0xFF, 0x00, 0xFF, 0x00, 0xFF, 0x00,
    0xFB, 0x22, 0xFC, 0xBF, 0xFD, 0xC6, 0xFD, 0xCB, 0xFF, 0x11, 0xFE, 0xE6, 0xFF, 0xAB, 0xFF, 0x4C,
    0x00, 0x00, 0x02, 0x01, 0x01, 0x00, 0x01, 0x00, 0x00, 0x00, 0x00, 0x00, 0x00, 0x00, 0x00, 0x00,
    0x14, 0x03, 0x7A, 0x15, 0x85, 0x17, 0x8F, 0x1A, 0x0A, 0x02, 0x92, 0x19, 0x71, 0x14, 0x38, 0x0A,
    0xCE, 0x03, 0xB8, 0x05, 0x94, 0x06, 0x66, 0x05, 0xFF, 0x00, 0xFF, 0x00, 0xFF, 0x00, 0xFF, 0x00,
    0xFD, 0xB9, 0xFC, 0x97, 0xFB, 0x60, 0xFB, 0x25, 0xFF, 0x78, 0xFF, 0x81, 0xFF, 0xAF, 0xFF, 0xCC,
    0x03, 0x01, 0x04, 0x01, 0x05, 0x01, 0x02, 0x00, 0x00, 0x00, 0x00, 0x00, 0x00, 0x00, 0x00, 0x00,
    0x83, 0x18, 0x6C, 0x14, 0x43, 0x0C, 0x19, 0x04, 0x56, 0x0F, 0x5F, 0x11, 0x7E, 0x18, 0x95, 0x1C,
    0x34, 0x00, 0x09, 0x00, 0x00, 0x00, 0x00, 0x00, 0xFF, 0x01, 0xDF, 0x04, 0xA2, 0x03, 0x53, 0x00,
    0xFF, 0x00, 0xFF, 0x00, 0xFF, 0x00, 0xFF, 0x01, 0xFF, 0xC3, 0xFD, 0x87, 0xFB, 0x36, 0xFC, 0x00,
    0x00, 0x00, 0x00, 0x00, 0x00, 0x00, 0x00, 0x00, 0x01, 0x00, 0x03, 0x01, 0x01, 0x00, 0x00, 0x00,
    0x00, 0x00, 0x00, 0x00, 0x00, 0x00, 0x01, 0x01, 0x8D, 0x1E, 0x61, 0x14, 0x26, 0x07, 0x00, 0x00,
    0x00, 0x00, 0x06, 0x00, 0x05, 0x00, 0x04, 0x00, 0x0F, 0x00, 0x00, 0x00, 0x00, 0x00, 0x03, 0x00,
    0xE3, 0x03, 0x8F, 0x01, 0x2C, 0x00, 0x00, 0x00, 0xFF, 0x00, 0xFF, 0x00, 0xFA, 0x03, 0xA3, 0x01,
    0x00, 0x00, 0x00, 0x00, 0x00, 0x00, 0x00, 0x00, 0x00, 0x00, 0x00, 0x00, 0x00, 0x00, 0x00, 0x00,
    0x03, 0x01, 0x01, 0x00, 0x00, 0x00, 0x00, 0x00, 0x00, 0x00, 0x00, 0x00, 0x03, 0x01, 0x01, 0x00,
    0x04, 0x00, 0x07, 0x00, 0x04, 0x00, 0x41, 0x00, 0x02, 0x00, 0x01, 0x00, 0x00, 0x00, 0x0F, 0x00,
    0x00, 0x00, 0x03, 0x00, 0x03, 0x00, 0x00, 0x00, 0x2D, 0x00, 0x00, 0x00, 0x02, 0x00, 0x03, 0x00,
    0x00, 0x00, 0x00, 0x00, 0x00, 0x00, 0x00, 0x00, 0x00, 0x00, 0x00, 0x00, 0x00, 0x00, 0x00, 0x00,
    0x00, 0x00, 0x00, 0x00, 0x00, 0x00, 0x00, 0x00, 0x00, 0x00, 0x00, 0x00, 0x00, 0x00, 0x00, 0x00,
    0xFF, 0x00, 0xFD, 0x04, 0xFF, 0x3E, 0xFF, 0x5D, 0xEC, 0x01, 0xFF, 0x00, 0xFE, 0x2C, 0xFF, 0x56,
    0xB9, 0x01, 0xFF, 0x00, 0xFC, 0x17, 0xFF, 0x52, 0x76, 0x00, 0xFF, 0x00, 0xFB, 0x0C, 0xFF, 0x2E,
    0x00, 0x00, 0x04, 0x05, 0x3C, 0x46, 0x59, 0x65, 0x01, 0x01, 0x00, 0x00, 0x2A, 0x32, 0x53, 0x5F,
    0x01, 0x01, 0x00, 0x00, 0x17, 0x1B, 0x4F, 0x5B, 0x00, 0x00, 0x00, 0x00, 0x0B, 0x0D, 0x2C, 0x33,
    0xFF, 0x67, 0xFF, 0x6A, 0xFF, 0x7F, 0xFF, 0x84, 0xFF, 0x68, 0xFF, 0x51, 0xFF, 0x4B, 0xFF, 0x65,
    0xFF, 0x2D, 0xFF, 0x00, 0xFF, 0x00, 0xFF, 0x01, 0xFF, 0x00, 0xFF, 0x09, 0xFF, 0x09, 0xFF, 0x02,
    0x61, 0x66, 0x5B, 0x5D, 0x66, 0x5B, 0x66, 0x4D, 0x63, 0x68, 0x48, 0x49, 0x3D, 0x37, 0x4E, 0x3D,
    0x2B, 0x2E, 0x00, 0x00, 0x00, 0x00, 0x00, 0x00, 0x00, 0x00, 0x09, 0x09, 0x09, 0x08, 0x02, 0x01,
    0xFF, 0x98, 0xFF, 0x9E, 0xFF, 0x5D, 0xFF, 0x37, 0xFF, 0x90, 0xFF, 0xA6, 0xFF, 0xB2, 0xFF, 0x84,
    0xFF, 0x44, 0xFF, 0xA1, 0xFF, 0xAA, 0xFF, 0x7E, 0xFF, 0x00, 0xFF, 0x60, 0xFF, 0xAF, 0xFF, 0x98,
    0x73, 0x49, 0x76, 0x41, 0x43, 0x22, 0x26, 0x12, 0x6D, 0x49, 0x7C, 0x47, 0x80, 0x42, 0x5D, 0x2C,
    0x33, 0x22, 0x79, 0x49, 0x7E, 0x43, 0x5A, 0x2C, 0x00, 0x00, 0x49, 0x2C, 0x83, 0x4A, 0x6D, 0x39,
    0xFF, 0x73, 0xFF, 0xB9, 0xFF, 0xC2, 0xFF, 0xCA, 0xFF, 0xBA, 0xFF, 0xB9, 0xFF, 0xBA, 0xFF, 0xD3,
    0xFF, 0x92, 0xFF, 0xB8, 0xFF, 0xC1, 0xFF, 0x7D, 0xFF, 0x76, 0xFF, 0xC0, 0xFF, 0x73, 0xFF, 0x00,
    0x50, 0x25, 0x80, 0x38, 0x84, 0x37, 0x8C, 0x31, 0x82, 0x3D, 0x80, 0x3A, 0x80, 0x36, 0x91, 0x37,
    0x67, 0x31, 0x81, 0x3C, 0x85, 0x3B, 0x56, 0x22, 0x53, 0x28, 0x88, 0x42, 0x51, 0x26, 0x00, 0x00,
    0xFF, 0xE2, 0xFF, 0xF3, 0xFF, 0xF4, 0xFF, 0xF7, 0xFF, 0xDB, 0xFF, 0xE5, 0xFF, 0xFF, 0xFF, 0xF9,
    0xFF, 0x29, 0xFF, 0x1D, 0xFF, 0x6B, 0xFF, 0xF5, 0xFF, 0x00, 0xFF, 0x00, 0xFF, 0x00, 0xFF, 0x73,
    0xA3, 0x2D, 0xB4, 0x2B, 0xB7, 0x29, 0xBA, 0x28, 0x9B, 0x2F, 0xA7, 0x2A, 0xBF, 0x2C, 0xBB, 0x29,
    0x1C, 0x09, 0x15, 0x05, 0x4F, 0x13, 0xB7, 0x29, 0x00, 0x03, 0x01, 0x03, 0x00, 0x00, 0x55, 0x14,
    0xFF, 0xF7, 0xFF, 0xFD, 0xFF, 0xEB, 0xFF, 0xE7, 0xFF, 0xF6, 0xFF, 0xF2, 0xFF, 0xEF, 0xFF, 0xE3,
    0xFF, 0xF7, 0xFF, 0xF5, 0xFF, 0xF2, 0xFF, 0xE6, 0xFF, 0xFF, 0xFF, 0xEE, 0xFF, 0xEF, 0xFF, 0xFF,
    0xB8, 0x29, 0xB9, 0x2C, 0xA8, 0x2C, 0xA1, 0x2F, 0xB9, 0x29, 0xB4, 0x29, 0xAE, 0x2A, 0xA1, 0x2C,
    0xBA, 0x29, 0xB7, 0x29, 0xB3, 0x2A, 0xA8, 0x2A, 0xC2, 0x2C, 0xB2, 0x28, 0xB2, 0x29, 0xC0, 0x2E,
    0xFF, 0xD7, 0xFF, 0xC7, 0xFF, 0xC2, 0xFF, 0x4D, 0xFF, 0xD6, 0xFF, 0xD8, 0xFF, 0x50, 0xFF, 0x00,
    0xFF, 0xF1, 0xFF, 0x71, 0xFF, 0x00, 0xFF, 0x09, 0xFF, 0x9C, 0xFF, 0x00, 0xFF, 0x05, 0xFF, 0x0A,
    0x94, 0x31, 0x8A, 0x34, 0x88, 0x39, 0x36, 0x19, 0x96, 0x2E, 0x97, 0x36, 0x38, 0x17, 0x00, 0x00,
    0xAD, 0x32, 0x50, 0x19, 0x00, 0x00, 0x08, 0x07, 0x72, 0x1D, 0x00, 0x00, 0x04, 0x03, 0x0A, 0x09,
    0xFF, 0x00, 0xFF, 0x08, 0xFF, 0x17, 0xFF, 0x1E, 0xFF, 0x0C, 0xFF, 0x18, 0xFF, 0x21, 0xFF, 0x24,
    0xFF, 0x12, 0xFF, 0x1E, 0xFF, 0x1C, 0xFF, 0x19, 0xFF, 0x14, 0xFF, 0x18, 0xFF, 0x14, 0xFF, 0x14,
    0x00, 0x00, 0x09, 0x0A, 0x16, 0x15, 0x1E, 0x1E, 0x0C, 0x0B, 0x18, 0x17, 0x21, 0x21, 0x24, 0x24,
    0x12, 0x12, 0x1E, 0x1E, 0x1C, 0x1C, 0x19, 0x19, 0x14, 0x14, 0x18, 0x18, 0x14, 0x14, 0x14, 0x14,
    0xFF, 0x23, 0xFF, 0x21, 0xFF, 0x14, 0xFF, 0x0D, 0xFF, 0x25, 0xFF, 0x29, 0xFF, 0x20, 0xFF, 0x10,
    0xFF, 0x18, 0xFF, 0x23, 0xFF, 0x26, 0xFF, 0x12, 0xFF, 0x16, 0xFF, 0x22, 0xFF, 0x27, 0xFF, 0x12,
    0x23, 0x23, 0x21, 0x21, 0x14, 0x14, 0x0D, 0x0C, 0x25, 0x25, 0x29, 0x29, 0x20, 0x20, 0x0F, 0x0F,
    0x18, 0x18, 0x23, 0x23, 0x26, 0x26, 0x12, 0x11, 0x16, 0x16, 0x22, 0x22, 0x27, 0x27, 0x11, 0x11,
    0xFF, 0x00, 0xFF, 0x4F, 0xFF, 0x85, 0xFF, 0x7C, 0xFF, 0x01, 0xFF, 0x2D, 0xFF, 0x87, 0xFF, 0x77,
    0xFF, 0x00, 0xFF, 0x23, 0xFF, 0x8B, 0xFF, 0x7C, 0xFF, 0x00, 0xFF, 0x30, 0xFF, 0x98, 0xFF, 0x86,
    0x00, 0x00, 0x49, 0x40, 0x7E, 0x73, 0x77, 0x71, 0x01, 0x01, 0x27, 0x1E, 0x78, 0x63, 0x6F, 0x63,
    0x00, 0x01, 0x1D, 0x14, 0x73, 0x53, 0x6B, 0x55, 0x00, 0x00, 0x25, 0x17, 0x78, 0x4D, 0x6D, 0x4C,
    0xFF, 0x7D, 0xFF, 0x7B, 0xFF, 0x79, 0xFF, 0x79, 0xFF, 0x79, 0xFF, 0x7B, 0xFF, 0x7B, 0xFF, 0x79,
    0xFF, 0x76, 0xFF, 0x75, 0xFF, 0x75, 0xFF, 0x75, 0xFF, 0x82, 0xFF, 0x7D, 0xFF, 0x7B, 0xFF, 0x7C,
    0x78, 0x73, 0x77, 0x73, 0x76, 0x73, 0x76, 0x74, 0x73, 0x68, 0x75, 0x6C, 0x76, 0x6D, 0x74, 0x6D,
    0x6A, 0x58, 0x6B, 0x5C, 0x6C, 0x5E, 0x6C, 0x5F, 0x6C, 0x4F, 0x6B, 0x51, 0x6A, 0x52, 0x6A, 0x51,
    0xFF, 0x7A, 0xFF, 0x7C, 0xFF, 0x80, 0xFF, 0x80, 0xFF, 0x78, 0xFF, 0x7A, 0xFF, 0x7E, 0xFF, 0x82,
    0xFF, 0x77, 0xFF, 0x7B, 0xFF, 0x80, 0xFF, 0x85, 0xFF, 0x7F, 0xFF, 0x85, 0xFF, 0x8B, 0xFF, 0x92,
    0x79, 0x77, 0x7B, 0x78, 0x7D, 0x77, 0x7A, 0x6E, 0x75, 0x6E, 0x76, 0x6C, 0x75, 0x66, 0x74, 0x5E,
    0x6D, 0x5E, 0x6F, 0x5B, 0x6F, 0x57, 0x70, 0x51, 0x6C, 0x50, 0x6E, 0x4E, 0x70, 0x4B, 0x72, 0x48,
    0xFF, 0x87, 0xFF, 0x90, 0xFF, 0x92, 0xFF, 0x98, 0xFF, 0x89, 0xFF, 0x8F, 0xFF, 0x98, 0xFF, 0xA2,
    0xFF, 0x8D, 0xFF, 0x96, 0xFF, 0xA1, 0xFF, 0xB5, 0xFF, 0x99, 0xFF, 0xA7, 0xFF, 0xB2, 0xFF, 0x82,
    0x7A, 0x66, 0x7B, 0x5C, 0x76, 0x4E, 0x74, 0x45, 0x74, 0x56, 0x74, 0x4E, 0x74, 0x46, 0x77, 0x42,
    0x71, 0x4B, 0x74, 0x45, 0x77, 0x41, 0x82, 0x41, 0x75, 0x44, 0x7B, 0x42, 0x7F, 0x3F, 0x5C, 0x2C,
    0xFF, 0xA9, 0xFF, 0xA4, 0xFF, 0x76, 0xFF, 0xBF, 0xFF, 0xB4, 0xFF, 0x75, 0xFF, 0xA2, 0xFF, 0xCB,
    0xFF, 0x81, 0xFF, 0x88, 0xFF, 0xCB, 0xFF, 0xC7, 0xFF, 0x81, 0xFF, 0xC6, 0xFF, 0xC8, 0xFF, 0xCB,
    0x7B, 0x42, 0x74, 0x39, 0x51, 0x24, 0x82, 0x35, 0x80, 0x3F, 0x52, 0x27, 0x6E, 0x2E, 0x88, 0x35,
    0x5B, 0x2B, 0x5D, 0x28, 0x88, 0x36, 0x85, 0x32, 0x58, 0x27, 0x85, 0x36, 0x85, 0x32, 0x87, 0x31,
    0xFF, 0xC0, 0xFF, 0xB2, 0xFF, 0xA0, 0xFF, 0xB0, 0xFF, 0xC3, 0xFF, 0xBB, 0xFF, 0xAB, 0xFF, 0xB1,
    0xFF, 0xC7, 0xFF, 0xC0, 0xFF, 0xB8, 0xFF, 0xB3, 0xFF, 0xC9, 0xFF, 0xC2, 0xFF, 0xB4, 0xFF, 0xB3,
    0x84, 0x37, 0x7C, 0x38, 0x71, 0x37, 0x83, 0x43, 0x85, 0x35, 0x81, 0x38, 0x78, 0x38, 0x82, 0x41,
    0x88, 0x35, 0x83, 0x36, 0x7F, 0x38, 0x84, 0x40, 0x89, 0x35, 0x84, 0x35, 0x7B, 0x36, 0x84, 0x3F,
    0xFF, 0xAA, 0xFF, 0x99, 0xFF, 0x7C, 0xFF, 0x5E, 0xFF, 0xAD, 0xFF, 0x99, 0xFF, 0x7E, 0xFF, 0x62,
    0xFF, 0xAE, 0xFF, 0x99, 0xFF, 0x7C, 0xFF, 0x69, 0xFF, 0xB0, 0xFF, 0x98, 0xFF, 0x7A, 0xFF, 0x6B,
    0x85, 0x4B, 0x7B, 0x50, 0x6A, 0x51, 0x57, 0x4C, 0x86, 0x4B, 0x7C, 0x51, 0x6C, 0x54, 0x5B, 0x4F,
    0x88, 0x4B, 0x7C, 0x51, 0x6B, 0x53, 0x60, 0x54, 0x89, 0x4B, 0x7B, 0x51, 0x6A, 0x53, 0x62, 0x56,
    0xFF, 0x67, 0xFF, 0x5E, 0xFF, 0x6A, 0xFF, 0x61, 0xFF, 0x66, 0xFF, 0x5B, 0xFF, 0x5D, 0xFF, 0x65,
    0xFF, 0x66, 0xFF, 0x5A, 0xFF, 0x55, 0xFF, 0x5F, 0xFF, 0x64, 0xFF, 0x59, 0xFF, 0x52, 0xFF, 0x5A,
    0x60, 0x58, 0x59, 0x5B, 0x66, 0x6F, 0x5E, 0x68, 0x60, 0x57, 0x56, 0x58, 0x5A, 0x65, 0x62, 0x6F,
    0x5F, 0x58, 0x56, 0x57, 0x51, 0x5E, 0x5B, 0x6A, 0x5E, 0x57, 0x54, 0x56, 0x4E, 0x5B, 0x57, 0x67,
    0xFF, 0x42, 0xFF, 0x3B, 0xFD, 0x07, 0xFF, 0x00, 0xFF, 0x53, 0xFE, 0x2C, 0xFF, 0x00, 0xEC, 0x01,
    0xFF, 0x5D, 0xFC, 0x1E, 0xFF, 0x00, 0xB9, 0x01, 0xFF, 0x54, 0xFB, 0x0A, 0xFF, 0x00, 0x76, 0x02,
    0x40, 0x4C, 0x39, 0x43, 0x07, 0x07, 0x00, 0x00, 0x51, 0x5F, 0x2B, 0x32, 0x00, 0x00, 0x01, 0x01,
    0x5A, 0x6B, 0x1D, 0x22, 0x00, 0x00, 0x01, 0x01, 0x50, 0x60, 0x0A, 0x0B, 0x00, 0x00, 0x02, 0x02,
    0x41, 0x00, 0x04, 0x00, 0x07, 0x00, 0x04, 0x00, 0x0F, 0x00, 0x00, 0x00, 0x01, 0x00, 0x02, 0x00,
    0x00, 0x00, 0x03, 0x00, 0x03, 0x00, 0x00, 0x00, 0x03, 0x00, 0x02, 0x00, 0x00, 0x00, 0x2D, 0x00,
    0x00, 0x00, 0x00, 0x00, 0x00, 0x00, 0x00, 0x00, 0x00, 0x00, 0x00, 0x00, 0x00, 0x00, 0x00, 0x00,
    0x00, 0x00, 0x00, 0x00, 0x00, 0x00, 0x00, 0x00, 0x00, 0x00, 0x00, 0x00, 0x00, 0x00, 0x00, 0x00,
    0x04, 0x00, 0x05, 0x00, 0x06, 0x00, 0x00, 0x00, 0x03, 0x00, 0x00, 0x00, 0x00, 0x00, 0x0F, 0x00,
    0x00, 0x00, 0x2C, 0x00, 0x8F, 0x01, 0xE3, 0x03, 0xA3, 0x01, 0xFA, 0x03, 0xFF, 0x00, 0xFF, 0x00,
    0x00, 0x00, 0x00, 0x00, 0x00, 0x00, 0x00, 0x00, 0x00, 0x00, 0x00, 0x00, 0x00, 0x00, 0x00, 0x00,
    0x00, 0x00, 0x00, 0x00, 0x01, 0x00, 0x03, 0x01, 0x01, 0x00, 0x03, 0x01, 0x00, 0x00, 0x00, 0x00,
    0x00, 0x00, 0x00, 0x00, 0x09, 0x00, 0x34, 0x00, 0x53, 0x00, 0xA2, 0x03, 0xDF, 0x04, 0xFF, 0x01,
    0xFF, 0x01, 0xFF, 0x00, 0xFF, 0x00, 0xFF, 0x00, 0xFC, 0x00, 0xFB, 0x36, 0xFD, 0x87, 0xFF, 0xC3,
    0x00, 0x00, 0x00, 0x00, 0x00, 0x00, 0x00, 0x00, 0x00, 0x00, 0x01, 0x00, 0x03, 0x01, 0x01, 0x00,
    0x01, 0x01, 0x00, 0x00, 0x00, 0x00, 0x00, 0x00, 0x00, 0x00, 0x26, 0x07, 0x61, 0x14, 0x8D, 0x1E,
    0x66, 0x05, 0x94, 0x06, 0xB8, 0x05, 0xCE, 0x03, 0xFF, 0x00, 0xFF, 0x00, 0xFF, 0x00, 0xFF, 0x00,
    0xFB, 0x25, 0xFB, 0x60, 0xFC, 0x97, 0xFD, 0xB9, 0xFF, 0xCC, 0xFF, 0xAF, 0xFF, 0x81, 0xFF, 0x78,
    0x02, 0x00, 0x05, 0x01, 0x04, 0x01, 0x03, 0x01, 0x00, 0x00, 0x00, 0x00, 0x00, 0x00, 0x00, 0x00,
    0x19, 0x04, 0x43, 0x0C, 0x6C, 0x14, 0x83, 0x18, 0x94, 0x1C, 0x7E, 0x18, 0x5F, 0x11, 0x56, 0x0F,
    0xDB, 0x02, 0xD9, 0x01, 0xC3, 0x03, 0x8B, 0x01, 0xFF, 0x00, 0xFF, 0x00, 0xFF, 0x00, 0xFF, 0x00,
    0xFD, 0xCB, 0xFD, 0xC6, 0xFC, 0xBF, 0xFB, 0x22, 0xFF, 0x4C, 0xFF, 0xAB, 0xFE, 0xE6, 0xFF, 0x11,
    0x01, 0x00, 0x01, 0x00, 0x02, 0x01, 0x00, 0x00, 0x00, 0x00, 0x00, 0x00, 0x00, 0x00, 0x00, 0x00,
    0x8F, 0x1A, 0x85, 0x17, 0x7A, 0x15, 0x14, 0x03, 0x38, 0x0A, 0x71, 0x14, 0x92, 0x19, 0x0A, 0x02,
    0x1A, 0x00, 0x00, 0x00, 0x01, 0x00, 0x00, 0x00, 0xCE, 0x00, 0x07, 0x00, 0x01, 0x00, 0x01, 0x00,
    0xFD, 0x00, 0x1F, 0x10, 0x00, 0x00, 0x02, 0x00, 0xE5, 0x01, 0x0C, 0x15, 0x00, 0x00, 0x01, 0x00,
    0x00, 0x00, 0x00, 0x00, 0x00, 0x00, 0x00, 0x00, 0x00, 0x00, 0x00, 0x00, 0x00, 0x00, 0x00, 0x00,
    0x00, 0x00, 0x08, 0x00, 0x00, 0x00, 0x00, 0x00, 0x01, 0x00, 0x15, 0x00, 0x00, 0x00, 0x00, 0x00,
    0x00, 0x00, 0x00, 0x00, 0x00, 0x00, 0x00, 0x00, 0x00, 0x00, 0x00, 0x00, 0x00, 0x00, 0x00, 0x00,
    0x00, 0x00, 0x00, 0x00, 0x00, 0x00, 0x00, 0x00, 0x00, 0x00, 0x00, 0x00, 0x00, 0x00, 0x00, 0x00,
    0x00, 0x00, 0x00, 0x00, 0x00, 0x00, 0x00, 0x00, 0x00, 0x00, 0x00, 0x00, 0x00, 0x00, 0x00, 0x00,
    0x00, 0x00, 0x00, 0x00, 0x00, 0x00, 0x00, 0x00, 0x00, 0x00, 0x00, 0x00, 0x00, 0x00, 0x00, 0x00,
    0x00, 0x00, 0x00, 0x00, 0x00, 0x00, 0x00, 0x00, 0x00, 0x00, 0x00, 0x00, 0x00, 0x00, 0x00, 0x00,
    0x00, 0x00, 0x00, 0x00, 0x00, 0x00, 0x00, 0x00, 0x00, 0x00, 0x00, 0x00, 0x00, 0x00, 0x00, 0x00,
    0x00, 0x00, 0x00, 0x00, 0x00, 0x00, 0x00, 0x00, 0x00, 0x00, 0x00, 0x00, 0x00, 0x00, 0x00, 0x00,
    0x00, 0x00, 0x00, 0x00, 0x00, 0x00, 0x00, 0x00, 0x00, 0x00, 0x00, 0x00, 0x00, 0x00, 0x00, 0x00,
    0x00, 0x00, 0x03, 0x00, 0x00, 0x00, 0xB3, 0x02, 0x00, 0x00, 0x04, 0x00, 0x00, 0x00, 0x69, 0x04,
    0x00, 0x00, 0x02, 0x00, 0x00, 0x00, 0x1D, 0x00, 0x00, 0x00, 0x00, 0x00, 0x03, 0x00, 0x00, 0x00,
    0x00, 0x00, 0x00, 0x00, 0x00, 0x00, 0x01, 0x00, 0x00, 0x00, 0x00, 0x00, 0x00, 0x00, 0x02, 0x00,
    0x00, 0x00, 0x00, 0x00, 0x00, 0x00, 0x00, 0x00, 0x00, 0x00, 0x00, 0x00, 0x00, 0x00, 0x00, 0x00,
    0xFF, 0x00, 0xFC, 0x37, 0xFF, 0xD1, 0xFF, 0x20, 0xFF, 0x01, 0xFB, 0x32, 0xFF, 0xD2, 0xFF, 0xD9,
    0xF6, 0x01, 0xFF, 0x00, 0xFE, 0x30, 0xFF, 0xBB, 0xB1, 0x01, 0xFE, 0x01, 0xFB, 0x25, 0xFF, 0x06,
    0x00, 0x00, 0x20, 0x05, 0x7E, 0x16, 0x11, 0x03, 0x01, 0x00, 0x1E, 0x05, 0x7D, 0x16, 0x86, 0x17,
    0x01, 0x00, 0x00, 0x00, 0x1D, 0x05, 0x75, 0x14, 0x01, 0x00, 0x01, 0x00, 0x16, 0x04, 0x03, 0x01,
    0xFF, 0x62, 0xFF, 0x7D, 0xFF, 0x2B, 0xFF, 0x1B, 0xFF, 0x15, 0xFF, 0xBF, 0xFF, 0xFF, 0xFF, 0xAA,
    0xFF, 0xBC, 0xFF, 0x00, 0xFF, 0xA1, 0xFF, 0x8B, 0xFF, 0x6C, 0xFF, 0x85, 0xFF, 0x09, 0xFF, 0xB7,
    0x42, 0x0B, 0x5B, 0x11, 0x22, 0x0B, 0x16, 0x0D, 0x0D, 0x02, 0x81, 0x18, 0xB2, 0x23, 0x7C, 0x1D,
    0x70, 0x13, 0x00, 0x00, 0x67, 0x12, 0x5A, 0x10, 0x41, 0x0B, 0x50, 0x0D, 0x05, 0x01, 0x72, 0x14,
    0xFF, 0x37, 0xFF, 0x7F, 0xFF, 0xBE, 0xFF, 0xB6, 0xFF, 0x9C, 0xFF, 0x41, 0xFF, 0x12, 0xFF, 0x48,
    0xFF, 0x54, 0xFF, 0xB4, 0xFF, 0xAA, 0xFF, 0x48, 0xFF, 0x4E, 0xFF, 0x00, 0xFF, 0x3A, 0xFF, 0x8C,
    0x2F, 0x1D, 0x67, 0x2F, 0x94, 0x34, 0x8C, 0x2A, 0x74, 0x22, 0x36, 0x20, 0x18, 0x26, 0x44, 0x36,
    0x3E, 0x0C, 0x84, 0x1B, 0x7E, 0x1E, 0x39, 0x1B, 0x2F, 0x08, 0x00, 0x00, 0x2A, 0x09, 0x64, 0x14,
    0xFE, 0x6B, 0xFB, 0x15, 0xFF, 0x00, 0xFF, 0x00, 0xFF, 0xA0, 0xFF, 0xBA, 0xFE, 0x86, 0xFC, 0x26,
    0xFF, 0x0C, 0xFF, 0x3E, 0xFF, 0x7B, 0xFF, 0xA7, 0xFF, 0x79, 0xFF, 0x34, 0xFF, 0x52, 0xFF, 0x46,
    0x51, 0x14, 0x0F, 0x02, 0x00, 0x00, 0x00, 0x00, 0x85, 0x41, 0x94, 0x36, 0x66, 0x1B, 0x1B, 0x04,
    0x13, 0x25, 0x3D, 0x3B, 0x6B, 0x42, 0x83, 0x32, 0x56, 0x14, 0x26, 0x15, 0x43, 0x2F, 0x44, 0x40,
    0xF8, 0x03, 0x8D, 0x01, 0x11, 0x00, 0x00, 0x00, 0xFF, 0x00, 0xFF, 0x00, 0xDB, 0x02, 0x44, 0x00,
    0xFE, 0x81, 0xFB, 0x22, 0xFF, 0x00, 0xFF, 0x00, 0xFF, 0x53, 0xFF, 0x80, 0xFD, 0x4B, 0xFF, 0x0A,
    0x02, 0x01, 0x01, 0x00, 0x00, 0x00, 0x00, 0x00, 0x00, 0x00, 0x00, 0x00, 0x01, 0x00, 0x00, 0x00,
    0x5D, 0x16, 0x17, 0x03, 0x00, 0x00, 0x00, 0x00, 0x48, 0x34, 0x5E, 0x1D, 0x32, 0x08, 0x06, 0x01,
    0x37, 0x00, 0xFF, 0x00, 0xFE, 0x03, 0xFF, 0x0B, 0x00, 0x00, 0xE0, 0x00, 0xFF, 0x02, 0xFD, 0x08,
    0x65, 0x00, 0x90, 0x00, 0xFF, 0x03, 0xFB, 0x0A, 0xFF, 0x01, 0xD5, 0x00, 0xFE, 0x03, 0xFE, 0x09,
    0x00, 0x00, 0x00, 0x00, 0x03, 0x03, 0x0B, 0x0B, 0x00, 0x00, 0x00, 0x00, 0x02, 0x02, 0x08, 0x08,
    0x00, 0x00, 0x00, 0x00, 0x03, 0x03, 0x0A, 0x0A, 0x01, 0x00, 0x00, 0x00, 0x03, 0x03, 0x09, 0x09,
    0xFF, 0x0D, 0xFF, 0x1C, 0xFF, 0x1D, 0xFF, 0x0D, 0xFF, 0x16, 0xFF, 0x21, 0xFF, 0x22, 0xFF, 0x1C,
    0xFF, 0x16, 0xFF, 0x1C, 0xFF, 0x19, 0xFF, 0x1D, 0xFF, 0x13, 0xFF, 0x16, 0xFF, 0x11, 0xFF, 0x15,
    0x0D, 0x0D, 0x1C, 0x1C, 0x1D, 0x1D, 0x0D, 0x0C, 0x16, 0x16, 0x21, 0x21, 0x22, 0x22, 0x1C, 0x1C,
    0x16, 0x16, 0x1C, 0x1C, 0x19, 0x19, 0x1D, 0x1D, 0x13, 0x13, 0x16, 0x16, 0x11, 0x11, 0x15, 0x15,
    0xFF, 0x02, 0xFF, 0x0C, 0xFF, 0x90, 0xFF, 0xAB, 0xFF, 0x0B, 0xFF, 0x00, 0xFF, 0x34, 0xFF, 0xA3,
    0xFF, 0x16, 0xFF, 0x07, 0xFF, 0x00, 0xFF, 0x24, 0xFF, 0x1B, 0xFF, 0x12, 0xFF, 0x07, 0xFF, 0x00,
    0x01, 0x01, 0x09, 0x05, 0x6D, 0x40, 0x7E, 0x45, 0x0B, 0x0A, 0x00, 0x00, 0x27, 0x18, 0x7C, 0x48,
    0x16, 0x16, 0x07, 0x07, 0x00, 0x00, 0x1C, 0x12, 0x1B, 0x1B, 0x12, 0x12, 0x07, 0x06, 0x02, 0x03,
    0xFF, 0x83, 0xFF, 0x8C, 0xFF, 0x12, 0xFF, 0x05, 0xFF, 0xA9, 0xFF, 0x2F, 0xFF, 0x01, 0xFF, 0x0F,
    0xFF, 0x2D, 0xFF, 0x07, 0xFF, 0x0E, 0xFF, 0x11, 0xFF, 0x03, 0xFF, 0x0E, 0xFF, 0x12, 0xFF, 0x11,
    0x5E, 0x2F, 0x64, 0x32, 0x0E, 0x08, 0x05, 0x06, 0x7D, 0x45, 0x22, 0x13, 0x02, 0x05, 0x0F, 0x0E,
    0x23, 0x17, 0x07, 0x07, 0x0E, 0x0E, 0x11, 0x11, 0x04, 0x07, 0x0E, 0x0E, 0x12, 0x12, 0x11, 0x11,
    0xFF, 0x0C, 0xFF, 0x0A, 0xFF, 0x05, 0xFF, 0x08, 0xFF, 0x0C, 0xFF, 0x08, 0xFF, 0x06, 0xFF, 0x00,
    0xFF, 0x0E, 0xFF, 0x08, 0xFF, 0x03, 0xFF, 0x01, 0xFF, 0x0C, 0xFF, 0x08, 0xFF, 0x03, 0xFF, 0x02,
    0x0B, 0x0A, 0x09, 0x07, 0x05, 0x03, 0x06, 0x02, 0x0C, 0x0C, 0x08, 0x08, 0x05, 0x04, 0x00, 0x00,
    0x0E, 0x0E, 0x08, 0x08, 0x03, 0x03, 0x01, 0x00, 0x0C, 0x0C, 0x08, 0x07, 0x03, 0x02, 0x02, 0x00,
    0xFF, 0xD5, 0xFF, 0xFF, 0xFF, 0xFF, 0xFF, 0xA6, 0xFF, 0x32, 0xFF, 0x9E, 0xFF, 0x61, 0xFF, 0x00,
    0xFF, 0x00, 0xFF, 0x00, 0xFF, 0x00, 0xFF, 0x00, 0xFF, 0x03, 0xFF, 0x04, 0xFF, 0x03, 0xFF, 0x00,
    0x9D, 0x25, 0xC5, 0x2D, 0xC3, 0x2D, 0x7C, 0x1D, 0x24, 0x08, 0x76, 0x1C, 0x48, 0x10, 0x00, 0x00,
    0x00, 0x00, 0x00, 0x00, 0x00, 0x00, 0x00, 0x00, 0x02, 0x01, 0x03, 0x01, 0x02, 0x01, 0x00, 0x00,
    0xFF, 0x07, 0xFF, 0x02, 0xFF, 0x06, 0xFF, 0x0C, 0xFF, 0x00, 0xFF, 0x02, 0xFF, 0x05, 0xFF, 0x0B,
    0xFF, 0x01, 0xFF, 0x01, 0xFF, 0x04, 0xFF, 0x05, 0xFF, 0x00, 0xFF, 0x01, 0xFF, 0x01, 0xFF, 0x02,
    0x05, 0x01, 0x01, 0x01, 0x06, 0x05, 0x0C, 0x0C, 0x00, 0x00, 0x02, 0x01, 0x05, 0x05, 0x0B, 0x0B,
    0x01, 0x00, 0x01, 0x01, 0x04, 0x04, 0x05, 0x05, 0x00, 0x00, 0x01, 0x01, 0x01, 0x01, 0x02, 0x02,
    0xFF, 0x12, 0xFF, 0x11, 0xFF, 0x12, 0xFF, 0x15, 0xFF, 0x0C, 0xFF, 0x0D, 0xFF, 0x12, 0xFF, 0x16,
    0xFF, 0x06, 0xFF, 0x0B, 0xFF, 0x12, 0xFF, 0x18, 0xFF, 0x04, 0xFF, 0x0B, 0xFF, 0x13, 0xFF, 0x1D,
    0x12, 0x12, 0x11, 0x11, 0x12, 0x12, 0x15, 0x15, 0x0C, 0x0C, 0x0D, 0x0D, 0x12, 0x12, 0x16, 0x16,
    0x06, 0x06, 0x0B, 0x0B, 0x12, 0x12, 0x18, 0x18, 0x04, 0x04, 0x0B, 0x0B, 0x13, 0x13, 0x1D, 0x1D,
    0xFF, 0x18, 0xFF, 0x25, 0xFF, 0x24, 0xFF, 0x0E, 0xFF, 0x1C, 0xFF, 0x2B, 0xFF, 0x1F, 0xFF, 0x06,
    0xFF, 0x24, 0xFF, 0x2A, 0xFF, 0x15, 0xFF, 0x00, 0xFF, 0x2B, 0xFF, 0x21, 0xFF, 0x04, 0xFF, 0x16,
    0x18, 0x18, 0x25, 0x25, 0x24, 0x24, 0x0E, 0x0D, 0x1C, 0x1C, 0x2B, 0x2B, 0x1F, 0x1E, 0x06, 0x07,
    0x24, 0x24, 0x2B, 0x2B, 0x14, 0x14, 0x00, 0x00, 0x2B, 0x2B, 0x20, 0x20, 0x05, 0x06, 0x0F, 0x08,
    0xFF, 0x00, 0xFF, 0x57, 0xFF, 0xA7, 0xFF, 0x94, 0xFF, 0x05, 0xFF, 0x97, 0xFF, 0xB3, 0xFF, 0xA8,
    0xFF, 0x42, 0xFE, 0x8E, 0xFF, 0x87, 0xFF, 0x92, 0xFF, 0xB0, 0xFF, 0xB3, 0xFF, 0x9E, 0xFF, 0x93,
    0x00, 0x00, 0x41, 0x24, 0x7E, 0x48, 0x71, 0x45, 0x04, 0x03, 0x6B, 0x37, 0x81, 0x44, 0x7B, 0x43,
    0x2F, 0x16, 0x64, 0x2F, 0x5F, 0x2E, 0x68, 0x34, 0x7A, 0x37, 0x7C, 0x38, 0x6D, 0x31, 0x66, 0x2E,
    0xFF, 0x92, 0xFF, 0x8E, 0xFF, 0x93, 0xFF, 0x9B, 0xFF, 0xA4, 0xFF, 0xA9, 0xFF, 0x8C, 0xFF, 0x5D,
    0xFF, 0x9C, 0xFF, 0x80, 0xFF, 0x16, 0xFF, 0x1C, 0xFE, 0x9B, 0xFF, 0x2D, 0xFF, 0x0A, 0xFF, 0x2F,
    0x72, 0x48, 0x70, 0x48, 0x74, 0x4B, 0x79, 0x4D, 0x7A, 0x44, 0x7D, 0x47, 0x69, 0x3C, 0x47, 0x2A,
    0x70, 0x39, 0x5B, 0x2F, 0x12, 0x0E, 0x1E, 0x21, 0x6B, 0x30, 0x1F, 0x0E, 0x0C, 0x10, 0x2E, 0x2D,
    0xFF, 0x9D, 0xFF, 0x99, 0xFF, 0x9B, 0xFF, 0xA6, 0xFF, 0x68, 0xFF, 0x9C, 0xFF, 0xAC, 0xFF, 0x99,
    0xFF, 0x28, 0xFF, 0x2C, 0xFF, 0x74, 0xFF, 0x8E, 0xFF, 0x41, 0xFF, 0x2B, 0xFF, 0x45, 0xFF, 0xCB,
    0x7A, 0x4C, 0x75, 0x48, 0x75, 0x44, 0x7B, 0x44, 0x4E, 0x2E, 0x72, 0x3D, 0x7C, 0x40, 0x6D, 0x36,
    0x2A, 0x2D, 0x26, 0x1E, 0x51, 0x26, 0x62, 0x2B, 0x3F, 0x3E, 0x2F, 0x34, 0x33, 0x1D, 0x89, 0x39,
    0xFF, 0xAF, 0xFF, 0xA1, 0xFF, 0x78, 0xFF, 0x8B, 0xFF, 0x83, 0xFF, 0x7C, 0xFF, 0xA6, 0xFF, 0xC9,
    0xFF, 0xA2, 0xFF, 0xC2, 0xFF, 0xCA, 0xFF, 0xC9, 0xFF, 0xC8, 0xFF, 0xC7, 0xFF, 0xCD, 0xFF, 0xD6,
    0x7F, 0x42, 0x73, 0x39, 0x54, 0x28, 0x5F, 0x2A, 0x5C, 0x2C, 0x55, 0x27, 0x71, 0x30, 0x88, 0x37,
    0x6F, 0x2F, 0x84, 0x36, 0x87, 0x35, 0x86, 0x30, 0x86, 0x36, 0x84, 0x33, 0x88, 0x2F, 0x8E, 0x2D,
    0xFF, 0xC5, 0xFF, 0xC9, 0xFF, 0xCD, 0xFF, 0xCE, 0xFF, 0xC8, 0xFF, 0xCF, 0xFF, 0xD2, 0xFF, 0xD2,
    0xFF, 0xD2, 0xFF, 0xD7, 0xFF, 0xD7, 0xFF, 0xD6, 0xFF, 0xDB, 0xFF, 0xDD, 0xFF, 0xDC, 0xFF, 0xD7,
    0x85, 0x36, 0x85, 0x32, 0x87, 0x30, 0x8A, 0x31, 0x86, 0x32, 0x89, 0x2E, 0x8D, 0x30, 0x92, 0x33,
    0x8B, 0x2E, 0x8E, 0x2D, 0x94, 0x31, 0x99, 0x35, 0x93, 0x2D, 0x95, 0x2C, 0x9B, 0x31, 0x9B, 0x35,
    0xFF, 0xCB, 0xFF, 0xC5, 0xFF, 0xA5, 0xFF, 0xB2, 0xFF, 0xCD, 0xFF, 0xC3, 0xFF, 0x97, 0xFF, 0xB3,
    0xFF, 0xCF, 0xFF, 0xBC, 0xFF, 0x8D, 0xFF, 0xB6, 0xFF, 0xD0, 0xFF, 0xAD, 0xFF, 0x8A, 0xFF, 0xB8,
    0x8B, 0x34, 0x85, 0x35, 0x71, 0x31, 0x83, 0x3F, 0x8D, 0x33, 0x84, 0x34, 0x68, 0x2E, 0x84, 0x40,
    0x8F, 0x34, 0x7E, 0x32, 0x62, 0x2C, 0x88, 0x43, 0x8F, 0x34, 0x75, 0x2F, 0x61, 0x2D, 0x8A, 0x47,
    0xFF, 0xB0, 0xFF, 0x96, 0xFF, 0x77, 0xFF, 0x67, 0xFF, 0xAE, 0xFF, 0x92, 0xFF, 0x72, 0xFF, 0x5E,
    0xFF, 0xAA, 0xFF, 0x8E, 0xFF, 0x6B, 0xFF, 0x59, 0xFF, 0xA4, 0xFF, 0x89, 0xFF, 0x64, 0xFF, 0x55,
    0x89, 0x4C, 0x79, 0x51, 0x68, 0x53, 0x5F, 0x54, 0x89, 0x4D, 0x77, 0x51, 0x64, 0x51, 0x56, 0x4E,
    0x86, 0x4E, 0x75, 0x52, 0x60, 0x4F, 0x52, 0x4C, 0x83, 0x4F, 0x71, 0x53, 0x5A, 0x4C, 0x4F, 0x4A,
    0xFF, 0x63, 0xFF, 0x57, 0xFF, 0x50, 0xFF, 0x5F, 0xFF, 0x61, 0xFF, 0x54, 0xFF, 0x50, 0xFF, 0x64,
    0xFF, 0x5F, 0xFF, 0x52, 0xFF, 0x54, 0xFF, 0x64, 0xFF, 0x5C, 0xFF, 0x52, 0xFF, 0x5D, 0xFF, 0x58,
    0x5C, 0x56, 0x53, 0x55, 0x4C, 0x59, 0x5B, 0x6D, 0x5A, 0x56, 0x50, 0x54, 0x4D, 0x59, 0x60, 0x73,
    0x57, 0x55, 0x4E, 0x52, 0x50, 0x5E, 0x5F, 0x72, 0x55, 0x54, 0x4E, 0x52, 0x58, 0x68, 0x54, 0x64,
    0xFF, 0x44, 0xFE, 0x00, 0xFF, 0x00, 0x37, 0x00, 0xFD, 0x2F, 0xFF, 0x00, 0xE0, 0x01, 0x00, 0x00,
    0xFB, 0x17, 0xFF, 0x00, 0x90, 0x01, 0x65, 0x00, 0xFE, 0x04, 0xFE, 0x00, 0xD5, 0x01, 0xFF, 0x01,
    0x42, 0x4E, 0x00, 0x00, 0x00, 0x01, 0x00, 0x00, 0x2E, 0x36, 0x00, 0x00, 0x01, 0x02, 0x00, 0x00,
    0x16, 0x1A, 0x00, 0x00, 0x01, 0x01, 0x00, 0x00, 0x04, 0x04, 0x00, 0x00, 0x00, 0x00, 0x01, 0x00,
    0x00, 0x00, 0x11, 0x00, 0x8D, 0x01, 0xF8, 0x03, 0x44, 0x00, 0xDB, 0x02, 0xFF, 0x00, 0xFF, 0x00,
    0xFF, 0x00, 0xFF, 0x00, 0xFB, 0x22, 0xFE, 0x81, 0xFF, 0x0A, 0xFD, 0x4B, 0xFF, 0x80, 0xFF, 0x53,
    0x00, 0x00, 0x00, 0x00, 0x01, 0x00, 0x02, 0x01, 0x00, 0x00, 0x01, 0x00, 0x00, 0x00, 0x00, 0x00,
    0x00, 0x00, 0x00, 0x00, 0x17, 0x03, 0x5D, 0x16, 0x06, 0x01, 0x32, 0x08, 0x5E, 0x1D, 0x48, 0x34,
    0xFF, 0x00, 0xFF, 0x00, 0xFB, 0x15, 0xFE, 0x6B, 0xFC, 0x26, 0xFE, 0x86, 0xFF, 0xBA, 0xFF, 0xA0,
    0xFF, 0xA7, 0xFF, 0x7B, 0xFF, 0x3E, 0xFF, 0x0C, 0xFF, 0x46, 0xFF, 0x52, 0xFF, 0x34, 0xFF, 0x79,
    0x00, 0x00, 0x00, 0x00, 0x0F, 0x02, 0x51, 0x14, 0x1B, 0x04, 0x66, 0x1B, 0x94, 0x36, 0x85, 0x41,
    0x83, 0x32, 0x6B, 0x42, 0x3D, 0x3B, 0x13, 0x25, 0x44, 0x40, 0x43, 0x2F, 0x26, 0x15, 0x56, 0x14,
    0xFF, 0xB6, 0xFF, 0xBE, 0xFF, 0x7F, 0xFF, 0x37, 0xFF, 0x48, 0xFF, 0x12, 0xFF, 0x41, 0xFF, 0x9C,
    0xFF, 0x48, 0xFF, 0xAA, 0xFF, 0xB4, 0xFF, 0x54, 0xFF, 0x8C, 0xFF, 0x3A, 0xFF, 0x00, 0xFF, 0x4E,
    0x8C, 0x2A, 0x94, 0x34, 0x67, 0x2F, 0x2F, 0x1D, 0x44, 0x36, 0x18, 0x26, 0x36, 0x20, 0x74, 0x22,
    0x39, 0x1B, 0x7E, 0x1E, 0x84, 0x1B, 0x3E, 0x0C, 0x64, 0x14, 0x2A, 0x09, 0x00, 0x00, 0x2F, 0x08,
    0xFF, 0x1B, 0xFF, 0x2B, 0xFF, 0x7D, 0xFF, 0x62, 0xFF, 0xAA, 0xFF, 0xFF, 0xFF, 0xBF, 0xFF, 0x15,
    0xFF, 0x8B, 0xFF, 0xA1, 0xFF, 0x00, 0xFF, 0xBC, 0xFF, 0xB7, 0xFF, 0x09, 0xFF, 0x85, 0xFF, 0x6C,
    0x16, 0x0D, 0x22, 0x0B, 0x5B, 0x11, 0x42, 0x0B, 0x7C, 0x1D, 0xB2, 0x23, 0x81, 0x18, 0x0D, 0x02,
    0x5A, 0x10, 0x67, 0x12, 0x00, 0x00, 0x70, 0x13, 0x71, 0x14, 0x05, 0x01, 0x50, 0x0D, 0x41, 0x0B,
    0xFF, 0x20, 0xFF, 0xD1, 0xFC, 0x37, 0xFF, 0x00, 0xFF, 0xD9, 0xFF, 0xD2, 0xFB, 0x32, 0xFF, 0x01,
    0xFF, 0xBB, 0xFE, 0x30, 0xFF, 0x00, 0xF6, 0x01, 0xFF, 0x06, 0xFB, 0x25, 0xFE, 0x01, 0xB1, 0x01,
    0x11, 0x03, 0x7E, 0x16, 0x20, 0x05, 0x00, 0x00, 0x86, 0x17, 0x7D, 0x16, 0x1E, 0x05, 0x01, 0x00,
    0x75, 0x14, 0x1D, 0x05, 0x00, 0x00, 0x01, 0x00, 0x03, 0x01, 0x16, 0x04, 0x01, 0x00, 0x01, 0x00,
    0xB3, 0x02, 0x00, 0x00, 0x03, 0x00, 0x00, 0x00, 0x69, 0x04, 0x00, 0x00, 0x04, 0x00, 0x00, 0x00,
    0x1D, 0x00, 0x00, 0x00, 0x02, 0x00, 0x00, 0x00, 0x00, 0x00, 0x03, 0x00, 0x00, 0x00, 0x00, 0x00,
    0x01, 0x00, 0x00, 0x00, 0x00, 0x00, 0x00, 0x00, 0x02, 0x00, 0x00, 0x00, 0x00, 0x00, 0x00, 0x00,
    0x00, 0x00, 0x00, 0x00, 0x00, 0x00, 0x00, 0x00, 0x00, 0x00, 0x00, 0x00, 0x00, 0x00, 0x00, 0x00,
    0x00, 0x00, 0x00, 0x00, 0x00, 0x00, 0x00, 0x00, 0x00, 0x00, 0x00, 0x00, 0x00, 0x00, 0x00, 0x00,
    0x00, 0x00, 0x00, 0x00, 0x00, 0x00, 0x00, 0x00, 0x00, 0x00, 0x00, 0x00, 0x00, 0x00, 0x00, 0x00,
    0x00, 0x00, 0x00, 0x00, 0x00, 0x00, 0x00, 0x00, 0x00, 0x00, 0x00, 0x00, 0x00, 0x00, 0x00, 0x00,
    0x00, 0x00, 0x00, 0x00, 0x00, 0x00, 0x00, 0x00, 0x00, 0x00, 0x00, 0x00, 0x00, 0x00, 0x00, 0x00,
    0x00, 0x00, 0x00, 0x00, 0x00, 0x00, 0x00, 0x00, 0x00, 0x00, 0x00, 0x00, 0x00, 0x00, 0x00, 0x00,
    0x00, 0x00, 0x00, 0x00, 0x00, 0x00, 0x00, 0x00, 0x00, 0x00, 0x00, 0x00, 0x00, 0x00, 0x00, 0x00,
    0x00, 0x00, 0x00, 0x00, 0x00, 0x00, 0x00, 0x00, 0x00, 0x00, 0x00, 0x00, 0x00, 0x00, 0x00, 0x00,
    0x00, 0x00, 0x00, 0x00, 0x00, 0x00, 0x00, 0x00, 0x00, 0x00, 0x00, 0x00, 0x00, 0x00, 0x00, 0x00,
    0x00, 0x00, 0x00, 0x00, 0x03, 0x00, 0x00, 0x00, 0x00, 0x00, 0x00, 0x00, 0x00, 0x00, 0x01, 0x00,
    0x00, 0x00, 0x00, 0x00, 0x00, 0x00, 0x04, 0x00, 0x00, 0x00, 0x00, 0x00, 0x00, 0x00, 0x01, 0x00,
    0x00, 0x00, 0x00, 0x00, 0x00, 0x00, 0x00, 0x00, 0x00, 0x00, 0x00, 0x00, 0x00, 0x00, 0x00, 0x00,
    0x00, 0x00, 0x00, 0x00, 0x00, 0x00, 0x00, 0x00, 0x00, 0x00, 0x00, 0x00, 0x00, 0x00, 0x00, 0x00,
    0x49, 0x03, 0xFF, 0x00, 0xFD, 0x15, 0xFF, 0x68, 0x04, 0x00, 0xD4, 0x03, 0xFE, 0x00, 0xFD, 0x61,
    0x00, 0x00, 0x61, 0x00, 0xFF, 0x02, 0xFC, 0x07, 0x02, 0x00, 0x07, 0x00, 0xD9, 0x03, 0xFE, 0x00,
    0x00, 0x00, 0x00, 0x00, 0x0D, 0x02, 0x3E, 0x0B, 0x00, 0x00, 0x02, 0x00, 0x00, 0x00, 0x3A, 0x0A,
    0x00, 0x00, 0x00, 0x00, 0x01, 0x00, 0x04, 0x01, 0x00, 0x00, 0x00, 0x00, 0x01, 0x00, 0x00, 0x00,
    0xFF, 0x00, 0xFF, 0x2E, 0xFF, 0x26, 0xFF, 0x0C, 0xFF, 0x60, 0xFF, 0x00, 0xFF, 0x2A, 0xFF, 0x00,
    0xFF, 0xBC, 0xFF, 0x31, 0xFF, 0x30, 0xFF, 0x71, 0xFD, 0x3F, 0xFF, 0xE0, 0xFF, 0x0D, 0xFF, 0x1F,
    0x00, 0x00, 0x1C, 0x05, 0x17, 0x04, 0x07, 0x01, 0x39, 0x0A, 0x00, 0x00, 0x19, 0x04, 0x00, 0x00,
    0x70, 0x13, 0x1D, 0x05, 0x1D, 0x05, 0x43, 0x0C, 0x26, 0x06, 0x86, 0x16, 0x07, 0x01, 0x12, 0x03,
    0xFF, 0xCF, 0xFF, 0x38, 0xFF, 0x03, 0xFF, 0x04, 0xFF, 0x21, 0xFF, 0xC8, 0xFF, 0x12, 0xFF, 0x44,
    0xFF, 0x1E, 0xFF, 0x43, 0xFF, 0x9C, 0xFF, 0x01, 0xFF, 0x84, 0xFF, 0x58, 0xFF, 0x8A, 0xFF, 0x54,
    0x7E, 0x16, 0x22, 0x06, 0x00, 0x00, 0x01, 0x01, 0x14, 0x03, 0x79, 0x15, 0x0B, 0x02, 0x29, 0x07,
    0x12, 0x03, 0x29, 0x07, 0x5F, 0x10, 0x00, 0x00, 0x4F, 0x0D, 0x34, 0x09, 0x53, 0x0E, 0x32, 0x09,
    0xFF, 0x25, 0xFF, 0x4A, 0xFF, 0x31, 0xFF, 0x8E, 0xFF, 0x15, 0xFF, 0x00, 0xFF, 0x0F, 0xFF, 0x01,
    0xFF, 0x66, 0xFF, 0x29, 0xFF, 0x00, 0xFF, 0x47, 0xFF, 0x01, 0xFF, 0x7C, 0xFF, 0x33, 0xFF, 0x00,
    0x1B, 0x07, 0x33, 0x0B, 0x21, 0x09, 0x70, 0x29, 0x0C, 0x02, 0x00, 0x02, 0x0A, 0x05, 0x01, 0x01,
    0x3E, 0x0A, 0x19, 0x04, 0x00, 0x01, 0x2E, 0x0B, 0x01, 0x00, 0x4B, 0x0D, 0x1F, 0x05, 0x00, 0x00,
    0xFF, 0x78, 0xFF, 0x1B, 0xFF, 0x37, 0xFE, 0x21, 0xFF, 0x71, 0xFF, 0x9F, 0xFF, 0x29, 0xFF, 0x15,
    0xFF, 0x42, 0xFF, 0x6F, 0xFF, 0x9D, 0xFF, 0x2A, 0xFF, 0x46, 0xFF, 0x70, 0xFF, 0xBA, 0xFF, 0xAE,
    0x68, 0x40, 0x22, 0x32, 0x2B, 0x1A, 0x15, 0x05, 0x58, 0x1C, 0x82, 0x3C, 0x2C, 0x33, 0x17, 0x1A,
    0x2D, 0x08, 0x54, 0x16, 0x7D, 0x32, 0x2B, 0x2F, 0x31, 0x0B, 0x4F, 0x0F, 0x87, 0x1B, 0x86, 0x2C,
    0xFE, 0x01, 0xFF, 0x01, 0xFF, 0x02, 0xFF, 0x07, 0xFF, 0x05, 0xFE, 0x00, 0xFF, 0x01, 0xFF, 0x04,
    0xFF, 0x1A, 0xFF, 0x05, 0xFF, 0x00, 0xFF, 0x02, 0xFF, 0x19, 0xFF, 0x13, 0xFF, 0x01, 0xFF, 0x00,
    0x00, 0x00, 0x01, 0x00, 0x02, 0x02, 0x07, 0x07, 0x04, 0x03, 0x00, 0x00, 0x01, 0x01, 0x04, 0x04,
    0x1A, 0x1B, 0x04, 0x04, 0x00, 0x00, 0x02, 0x02, 0x1C, 0x25, 0x13, 0x13, 0x01, 0x01, 0x00, 0x00,
    0xFF, 0x0F, 0xFF, 0x12, 0xFF, 0x0E, 0xFF, 0x0F, 0xFF, 0x0E, 0xFF, 0x13, 0xFF, 0x0D, 0xFF, 0x0D,
    0xFF, 0x0D, 0xFF, 0x16, 0xFF, 0x0F, 0xFF, 0x0B, 0xFF, 0x0B, 0xFF, 0x18, 0xFF, 0x11, 0xFF, 0x0B,
    0x0F, 0x0F, 0x12, 0x12, 0x0E, 0x0E, 0x0F, 0x0F, 0x0E, 0x0E, 0x13, 0x13, 0x0D, 0x0D, 0x0D, 0x0D,
    0x0D, 0x0D, 0x16, 0x16, 0x0F, 0x0F, 0x0B, 0x0B, 0x0B, 0x0B, 0x18, 0x18, 0x11, 0x11, 0x0B, 0x0B,
    0xFF, 0x16, 0xFF, 0x1A, 0xFF, 0x11, 0xFF, 0x0E, 0xFF, 0x11, 0xFF, 0x16, 0xFF, 0x1A, 0xFF, 0x18,
    0xFF, 0x0E, 0xFF, 0x10, 0xFF, 0x13, 0xFF, 0x15, 0xFF, 0x0D, 0xFF, 0x0D, 0xFF, 0x0B, 0xFF, 0x0A,
    0x16, 0x16, 0x1A, 0x1A, 0x11, 0x11, 0x0E, 0x0E, 0x11, 0x11, 0x16, 0x16, 0x1A, 0x1A, 0x18, 0x18,
    0x0E, 0x0E, 0x10, 0x10, 0x13, 0x13, 0x15, 0x15, 0x0D, 0x0D, 0x0D, 0x0D, 0x0B, 0x0B, 0x0A, 0x0A,
    0xFF, 0x11, 0xFF, 0x13, 0xFF, 0x13, 0xFF, 0x10, 0xFF, 0x17, 0xFF, 0x15, 0xFF, 0x13, 0xFF, 0x04,
    0xFF, 0x12, 0xFF, 0x11, 0xFF, 0x00, 0xFF, 0x21, 0xFF, 0x0B, 0xFF, 0x00, 0xFF, 0x50, 0xFF, 0xEA,
    0x11, 0x10, 0x13, 0x13, 0x13, 0x14, 0x10, 0x0F, 0x17, 0x17, 0x15, 0x15, 0x12, 0x10, 0x06, 0x0B,
    0x12, 0x12, 0x11, 0x0F, 0x00, 0x08, 0x18, 0x04, 0x0B, 0x09, 0x00, 0x05, 0x3E, 0x0E, 0xC5, 0x49,
    0xFF, 0x0D, 0xFF, 0x02, 0xFF, 0x00, 0xFF, 0x00, 0xFF, 0x00, 0xFF, 0x07, 0xFF, 0x23, 0xFF, 0x31,
    0xFF, 0x90, 0xFF, 0xDD, 0xFF, 0xFC, 0xFF, 0xDE, 0xFF, 0xFF, 0xFF, 0xFF, 0xFF, 0xC3, 0xFF, 0xA4,
    0x0C, 0x0A, 0x02, 0x04, 0x00, 0x00, 0x00, 0x00, 0x00, 0x05, 0x06, 0x04, 0x1C, 0x07, 0x28, 0x08,
    0x70, 0x0F, 0xAD, 0x1A, 0xC5, 0x20, 0xAB, 0x21, 0xE7, 0x71, 0xDD, 0x69, 0x97, 0x45, 0x63, 0x21,
    0xFF, 0x00, 0xFF, 0x00, 0xFF, 0x01, 0xFF, 0x00, 0xFF, 0x1F, 0xFF, 0x00, 0xFF, 0x00, 0xFF, 0x02,
    0xFF, 0xAE, 0xFF, 0x70, 0xFE, 0x0F, 0xFF, 0x00, 0xFF, 0xCB, 0xFF, 0xD8, 0xFE, 0xB2, 0xFF, 0x31,
    0x00, 0x00, 0x00, 0x00, 0x01, 0x00, 0x00, 0x00, 0x1A, 0x05, 0x01, 0x00, 0x00, 0x00, 0x01, 0x00,
    0x81, 0x1C, 0x4D, 0x12, 0x0A, 0x03, 0x00, 0x00, 0x72, 0x1C, 0x7C, 0x22, 0x67, 0x1D, 0x1D, 0x06,
    0xFF, 0x00, 0xFF, 0x00, 0xFF, 0x00, 0xFF, 0x01, 0xFF, 0x00, 0xFF, 0x00, 0xFF, 0x00, 0xFF, 0x00,
    0xFF, 0x03, 0xFF, 0x00, 0xFF, 0x00, 0xFF, 0x00, 0xFF, 0x00, 0xFF, 0x02, 0xFF, 0x00, 0xFF, 0x00,
    0x00, 0x00, 0x00, 0x00, 0x00, 0x00, 0x01, 0x01, 0x00, 0x00, 0x00, 0x00, 0x00, 0x00, 0x00, 0x00,
    0x01, 0x01, 0x00, 0x00, 0x00, 0x00, 0x00, 0x00, 0x00, 0x00, 0x01, 0x00, 0x00, 0x00, 0x00, 0x00,
    0xFF, 0x04, 0xFF, 0x0B, 0xFF, 0x14, 0xFF, 0x23, 0xFF, 0x03, 0xFF, 0x0C, 0xFF, 0x15, 0xFF, 0x26,
    0xFF, 0x04, 0xFF, 0x0A, 0xFF, 0x14, 0xFF, 0x24, 0xFF, 0x04, 0xFF, 0x09, 0xFF, 0x13, 0xFF, 0x22,
    0x04, 0x04, 0x0B, 0x0B, 0x14, 0x14, 0x23, 0x23, 0x03, 0x03, 0x0C, 0x0C, 0x15, 0x15, 0x26, 0x26,
    0x04, 0x04, 0x0A, 0x0A, 0x14, 0x14, 0x24, 0x24, 0x04, 0x04, 0x09, 0x09, 0x13, 0x13, 0x22, 0x22,
    0xFF, 0x29, 0xFF, 0x12, 0xFF, 0x01, 0xFF, 0x7F, 0xFF, 0x21, 0xFF, 0x02, 0xFF, 0x24, 0xFF, 0xD2,
    0xFF, 0x19, 0xFF, 0x07, 0xFF, 0x0C, 0xFF, 0x47, 0xFF, 0x18, 0xFF, 0x0A, 0xFF, 0x06, 0xFF, 0x00,
    0x28, 0x28, 0x12, 0x11, 0x01, 0x01, 0x57, 0x26, 0x20, 0x20, 0x04, 0x07, 0x19, 0x0C, 0x90, 0x3A,
    0x19, 0x19, 0x07, 0x08, 0x09, 0x06, 0x31, 0x13, 0x18, 0x18, 0x0A, 0x0A, 0x06, 0x07, 0x00, 0x04,
    0xFF, 0xC3, 0xFF, 0xB7, 0xFF, 0xBD, 0xFF, 0xC2, 0xFF, 0xCD, 0xFF, 0xCA, 0xFF, 0xCB, 0xFF, 0xC3,
    0xFF, 0x4D, 0xFF, 0x44, 0xFF, 0x61, 0xFF, 0xAD, 0xFF, 0x00, 0xFF, 0x00, 0xFF, 0x00, 0xFF, 0x15,
    0x86, 0x3A, 0x7D, 0x36, 0x82, 0x38, 0x84, 0x38, 0x8C, 0x39, 0x89, 0x39, 0x8A, 0x39, 0x84, 0x36,
    0x34, 0x15, 0x2E, 0x13, 0x42, 0x1A, 0x74, 0x2D, 0x00, 0x04, 0x00, 0x00, 0x00, 0x00, 0x0D, 0x05,
    0xFF, 0xC1, 0xFF, 0x25, 0xFF, 0x06, 0xFF, 0x0D, 0xFF, 0xC1, 0xFF, 0x2C, 0xFF, 0x01, 0xFF, 0x04,
    0xFF, 0xD7, 0xFF, 0x6F, 0xFF, 0x00, 0xFF, 0x00, 0xFF, 0xB7, 0xFF, 0xD2, 0xFF, 0x5D, 0xFF, 0x0D,
    0x83, 0x38, 0x19, 0x0A, 0x07, 0x0A, 0x0D, 0x0D, 0x82, 0x35, 0x1D, 0x0B, 0x01, 0x01, 0x03, 0x02,
    0x90, 0x38, 0x4A, 0x1B, 0x00, 0x00, 0x00, 0x00, 0x79, 0x2B, 0x8A, 0x31, 0x3D, 0x14, 0x08, 0x03,
    0xFF, 0x15, 0xFF, 0x28, 0xFF, 0x29, 0xFF, 0xBB, 0xFF, 0x06, 0xFF, 0x0B, 0xFF, 0x26, 0xFF, 0xCB,
    0xFF, 0x02, 0xFF, 0x00, 0xFF, 0x5E, 0xFF, 0xEA, 0xFF, 0x05, 0xFF, 0x44, 0xFF, 0xD9, 0xFF, 0xF0,
    0x14, 0x14, 0x29, 0x2B, 0x22, 0x18, 0x7C, 0x2F, 0x05, 0x04, 0x0C, 0x0E, 0x1C, 0x10, 0x84, 0x2D,
    0x01, 0x01, 0x00, 0x00, 0x3D, 0x14, 0x9C, 0x2C, 0x03, 0x01, 0x2E, 0x0D, 0x94, 0x26, 0xA9, 0x28,
    0xFF, 0xCE, 0xFF, 0xD2, 0xFF, 0xDB, 0xFF, 0xE1, 0xFF, 0xDA, 0xFF, 0xE0, 0xFF, 0xE8, 0xFF, 0xEB,
    0xFF, 0xE4, 0xFF, 0xED, 0xFF, 0xF0, 0xFF, 0xF0, 0xFF, 0xF0, 0xFF, 0xF3, 0xFF, 0xF4, 0xFF, 0xF2,
    0x87, 0x32, 0x89, 0x2D, 0x92, 0x2B, 0x99, 0x2A, 0x90, 0x2C, 0x97, 0x28, 0x9F, 0x28, 0xA4, 0x28,
    0x9D, 0x27, 0xA7, 0x27, 0xAC, 0x28, 0xAD, 0x28, 0xAE, 0x27, 0xB1, 0x28, 0xB2, 0x28, 0xB0, 0x28,
    0xFF, 0xE4, 0xFF, 0xE2, 0xFF, 0xDF, 0xFF, 0xD6, 0xFF, 0xEC, 0xFF, 0xE7, 0xFF, 0xE1, 0xFF, 0xD3,
    0xFF, 0xEE, 0xFF, 0xE9, 0xFF, 0xDF, 0xFF, 0xD0, 0xFF, 0xED, 0xFF, 0xE6, 0xFF, 0xD8, 0xFF, 0xCC,
    0x9C, 0x2A, 0x9C, 0x2B, 0xA2, 0x32, 0x9A, 0x34, 0xA5, 0x27, 0xA3, 0x2B, 0xA5, 0x34, 0x96, 0x33,
    0xA9, 0x28, 0xA9, 0x2D, 0xA5, 0x35, 0x91, 0x34, 0xAA, 0x29, 0xAB, 0x32, 0x9D, 0x34, 0x8B, 0x35,
    0xFF, 0xCF, 0xFF, 0x9A, 0xFF, 0x91, 0xFF, 0xB5, 0xFF, 0xC9, 0xFF, 0x87, 0xFF, 0x9E, 0xFF, 0xB0,
    0xFF, 0xB9, 0xFF, 0x7E, 0xFF, 0xAA, 0xFF, 0xA8, 0xFF, 0x9C, 0xFF, 0x87, 0xFF, 0xAD, 0xFF, 0xA0,
    0x8D, 0x35, 0x69, 0x2C, 0x66, 0x31, 0x8B, 0x4A, 0x89, 0x35, 0x5C, 0x29, 0x72, 0x38, 0x89, 0x4E,
    0x7E, 0x34, 0x58, 0x28, 0x7E, 0x42, 0x85, 0x50, 0x6B, 0x2E, 0x60, 0x2F, 0x82, 0x48, 0x80, 0x52,
    0xFF, 0x9F, 0xFF, 0x84, 0xFF, 0x5A, 0xFF, 0x52, 0xFF, 0x9B, 0xFF, 0x7F, 0xFE, 0x4E, 0xFF, 0x53,
    0xFF, 0x94, 0xFF, 0x73, 0xFE, 0x44, 0xFF, 0x58, 0xFF, 0x8C, 0xFF, 0x62, 0xFE, 0x44, 0xFF, 0x5A,
    0x80, 0x51, 0x6F, 0x55, 0x51, 0x47, 0x4C, 0x49, 0x7E, 0x54, 0x6D, 0x55, 0x48, 0x41, 0x4C, 0x4B,
    0x7A, 0x55, 0x65, 0x52, 0x40, 0x3B, 0x50, 0x50, 0x75, 0x56, 0x58, 0x4A, 0x3F, 0x3D, 0x52, 0x53,
    0xFF, 0x5A, 0xFF, 0x53, 0xFF, 0x67, 0xFF, 0x3F, 0xFF, 0x57, 0xFF, 0x56, 0xFF, 0x69, 0xFF, 0x22,
    0xFF, 0x55, 0xFF, 0x5B, 0xFF, 0x5C, 0xFF, 0x08, 0xFF, 0x54, 0xFF, 0x64, 0xFF, 0x43, 0xFF, 0x00,
    0x53, 0x53, 0x50, 0x54, 0x63, 0x72, 0x3C, 0x47, 0x52, 0x52, 0x53, 0x58, 0x64, 0x75, 0x20, 0x26,
    0x50, 0x51, 0x57, 0x5F, 0x58, 0x68, 0x07, 0x09, 0x50, 0x51, 0x60, 0x6B, 0x40, 0x4C, 0x00, 0x00,
    0xFF, 0x00, 0xFF, 0x01, 0xFF, 0x01, 0xFE, 0x01, 0xFF, 0x00, 0xFF, 0x02, 0xFE, 0x00, 0xFF, 0x05,
    0xFF, 0x00, 0xFF, 0x00, 0xFF, 0x05, 0xFF, 0x1A, 0xFF, 0x01, 0xFF, 0x01, 0xFF, 0x13, 0xFF, 0x19,
    0x00, 0x00, 0x01, 0x01, 0x00, 0x00, 0x00, 0x00, 0x00, 0x00, 0x02, 0x02, 0x00, 0x00, 0x04, 0x03,
    0x00, 0x00, 0x00, 0x00, 0x04, 0x04, 0x1A, 0x1B, 0x01, 0x01, 0x01, 0x01, 0x13, 0x13, 0x1C, 0x25,
    0xFE, 0x21, 0xFF, 0x37, 0xFF, 0x1B, 0xFF, 0x78, 0xFF, 0x15, 0xFF, 0x29, 0xFF, 0x9F, 0xFF, 0x71,
    0xFF, 0x2A, 0xFF, 0x9D, 0xFF, 0x6F, 0xFF, 0x42, 0xFF, 0xAE, 0xFF, 0xBA, 0xFF, 0x70, 0xFF, 0x46,
    0x15, 0x05, 0x2B, 0x1A, 0x22, 0x32, 0x68, 0x40, 0x17, 0x1A, 0x2C, 0x33, 0x82, 0x3C, 0x58, 0x1C,
    0x2B, 0x2F, 0x7D, 0x32, 0x54, 0x16, 0x2D, 0x08, 0x86, 0x2C, 0x87, 0x1B, 0x4F, 0x0F, 0x31, 0x0B,
    0xFF, 0x8E, 0xFF, 0x31, 0xFF, 0x4A, 0xFF, 0x25, 0xFF, 0x01, 0xFF, 0x0F, 0xFF, 0x00, 0xFF, 0x15,
    0xFF, 0x47, 0xFF, 0x00, 0xFF, 0x29, 0xFF, 0x66, 0xFF, 0x00, 0xFF, 0x33, 0xFF, 0x7C, 0xFF, 0x01,
    0x70, 0x29, 0x21, 0x09, 0x33, 0x0B, 0x1B, 0x07, 0x01, 0x01, 0x0A, 0x05, 0x00, 0x02, 0x0C, 0x02,
    0x2E, 0x0B, 0x00, 0x01, 0x19, 0x04, 0x3E, 0x0A, 0x00, 0x00, 0x1F, 0x05, 0x4B, 0x0D, 0x01, 0x00,
    0xFF, 0x04, 0xFF, 0x03, 0xFF, 0x38, 0xFF, 0xCF, 0xFF, 0x44, 0xFF, 0x12, 0xFF, 0xC8, 0xFF, 0x21,
    0xFF, 0x01, 0xFF, 0x9C, 0xFF, 0x43, 0xFF, 0x1E, 0xFF, 0x54, 0xFF, 0x8A, 0xFF, 0x58, 0xFF, 0x84,
    0x01, 0x01, 0x00, 0x00, 0x22, 0x06, 0x7F, 0x16, 0x29, 0x07, 0x0B, 0x02, 0x79, 0x15, 0x14, 0x03,
    0x00, 0x00, 0x5F, 0x10, 0x29, 0x07, 0x12, 0x03, 0x32, 0x09, 0x53, 0x0E, 0x34, 0x09, 0x4F, 0x0D,
    0xFF, 0x0C, 0xFF, 0x26, 0xFF, 0x2E, 0xFF, 0x00, 0xFF, 0x00, 0xFF, 0x2A, 0xFF, 0x00, 0xFF, 0x60,
    0xFF, 0x71, 0xFF, 0x30, 0xFF, 0x31, 0xFF, 0xBC, 0xFF, 0x1F, 0xFF, 0x0D, 0xFF, 0xE0, 0xFD, 0x3F,
    0x07, 0x01, 0x17, 0x04, 0x1C, 0x05, 0x00, 0x00, 0x00, 0x00, 0x19, 0x04, 0x00, 0x00, 0x39, 0x0A,
    0x43, 0x0C, 0x1D, 0x05, 0x1D, 0x05, 0x70, 0x13, 0x12, 0x03, 0x07, 0x01, 0x86, 0x16, 0x26, 0x06,
    0xFF, 0x68, 0xFD, 0x15, 0xFF, 0x00, 0x49, 0x03, 0xFD, 0x61, 0xFE, 0x00, 0xD4, 0x03, 0x04, 0x00,
    0xFC, 0x07, 0xFF, 0x02, 0x61, 0x00, 0x00, 0x00, 0xFE, 0x00, 0xD9, 0x03, 0x07, 0x00, 0x02, 0x00,
    0x3E, 0x0B, 0x0D, 0x02, 0x00, 0x00, 0x00, 0x00, 0x3A, 0x0A, 0x00, 0x00, 0x02, 0x00, 0x00, 0x00,
    0x04, 0x01, 0x01, 0x00, 0x00, 0x00, 0x00, 0x00, 0x00, 0x00, 0x01, 0x00, 0x00, 0x00, 0x00, 0x00,
    0x00, 0x00, 0x03, 0x00, 0x00, 0x00, 0x00, 0x00, 0x01, 0x00, 0x00, 0x00, 0x00, 0x00, 0x00, 0x00,
    0x04, 0x00, 0x00, 0x00, 0x00, 0x00, 0x00, 0x00, 0x01, 0x00, 0x00, 0x00, 0x00, 0x00, 0x00, 0x00,
    0x00, 0x00, 0x00, 0x00, 0x00, 0x00, 0x00, 0x00, 0x00, 0x00, 0x00, 0x00, 0x00, 0x00, 0x00, 0x00,
    0x00, 0x00, 0x00, 0x00, 0x00, 0x00, 0x00, 0x00, 0x00, 0x00, 0x00, 0x00, 0x00, 0x00, 0x00, 0x00,
    0x00, 0x00, 0x00, 0x00, 0x00, 0x00, 0x00, 0x00, 0x00, 0x00, 0x00, 0x00, 0x00, 0x00, 0x00, 0x00,
    0x00, 0x00, 0x00, 0x00, 0x00, 0x00, 0x00, 0x00, 0x00, 0x00, 0x00, 0x00, 0x00, 0x00, 0x00, 0x00,
    0x00, 0x00, 0x00, 0x00, 0x00, 0x00, 0x00, 0x00, 0x00, 0x00, 0x00, 0x00, 0x00, 0x00, 0x00, 0x00,
    0x00, 0x00, 0x00, 0x00, 0x00, 0x00, 0x00, 0x00, 0x00, 0x00, 0x00, 0x00, 0x00, 0x00, 0x00, 0x00,
    0x00, 0x00, 0x00, 0x00, 0x00, 0x00, 0x00, 0x00, 0x00, 0x00, 0x00, 0x00, 0x00, 0x00, 0x00, 0x00,
    0x00, 0x00, 0x00, 0x00, 0x00, 0x00, 0x00, 0x00, 0x00, 0x00, 0x00, 0x00, 0x00, 0x00, 0x00, 0x00,
    0x00, 0x00, 0x00, 0x00, 0x00, 0x00, 0x00, 0x00, 0x00, 0x00, 0x00, 0x00, 0x00, 0x00, 0x00, 0x00,
    0x00, 0x00, 0x00, 0x00, 0x00, 0x00, 0x00, 0x00, 0x00, 0x00, 0x00, 0x00, 0x00, 0x00, 0x00, 0x00,
    0x00, 0x00, 0x00, 0x00, 0x00, 0x00, 0x00, 0x00, 0x00, 0x00, 0x00, 0x00, 0x00, 0x00, 0x00, 0x00,
    0x00, 0x00, 0x00, 0x00, 0x00, 0x00, 0x00, 0x00, 0x00, 0x00, 0x00, 0x00, 0x00, 0x00, 0x00, 0x00,
    0x00, 0x00, 0x00, 0x00, 0x00, 0x00, 0x00, 0x00, 0x00, 0x00, 0x00, 0x00, 0x00, 0x00, 0x00, 0x00,
    0x00, 0x00, 0x00, 0x00, 0x00, 0x00, 0x00, 0x00, 0x00, 0x00, 0x00, 0x00, 0x00, 0x00, 0x00, 0x00,
    0x03, 0x00, 0x00, 0x00, 0x55, 0x00, 0xFF, 0x03, 0x00, 0x00, 0x03, 0x00, 0x00, 0x00, 0xBC, 0x01,
    0x00, 0x00, 0x02, 0x00, 0x01, 0x00, 0x25, 0x00, 0x00, 0x00, 0x00, 0x00, 0x03, 0x00, 0x00, 0x00,
    0x00, 0x00, 0x00, 0x00, 0x00, 0x00, 0x02, 0x00, 0x00, 0x00, 0x00, 0x00, 0x00, 0x00, 0x00, 0x00,
    0x00, 0x00, 0x00, 0x00, 0x00, 0x00, 0x00, 0x00, 0x00, 0x00, 0x00, 0x00, 0x00, 0x00, 0x00, 0x00,
    0xFB, 0x00, 0xFF, 0x8B, 0xFF, 0xDD, 0xFF, 0x07, 0xFF, 0x04, 0xFC, 0x00, 0xFF, 0xC5, 0xFF, 0xD7,
    0xF5, 0x02, 0xFC, 0x02, 0xFE, 0x0E, 0xFF, 0xDF, 0x61, 0x00, 0xFF, 0x02, 0xFA, 0x00, 0xFF, 0x18,
    0x00, 0x00, 0x53, 0x0E, 0x86, 0x17, 0x03, 0x00, 0x02, 0x00, 0x00, 0x00, 0x77, 0x14, 0x85, 0x17,
    0x01, 0x00, 0x01, 0x00, 0x08, 0x01, 0x8A, 0x18, 0x00, 0x00, 0x01, 0x00, 0x00, 0x00, 0x0D, 0x02,
    0xFF, 0x00, 0xFF, 0x4B, 0xFF, 0x81, 0xFF, 0xCF, 0xFF, 0x12, 0xFF, 0x00, 0xFF, 0x07, 0xFF, 0x54,
    0xFF, 0xE0, 0xFF, 0x22, 0xFF, 0x00, 0xFF, 0x00, 0xFF, 0xBC, 0xFF, 0xEB, 0xFF, 0x47, 0xFF, 0x00,
    0x00, 0x00, 0x2D, 0x08, 0x4D, 0x0D, 0x7C, 0x15, 0x0A, 0x02, 0x00, 0x00, 0x04, 0x01, 0x32, 0x08,
    0x8B, 0x18, 0x13, 0x03, 0x00, 0x00, 0x00, 0x00, 0x75, 0x14, 0x90, 0x19, 0x2A, 0x07, 0x00, 0x00,
    0xFF, 0x28, 0xFF, 0x0A, 0xFF, 0x8C, 0xFF, 0x34, 0xFF, 0x6E, 0xFF, 0x05, 0xFF, 0x10, 0xFF, 0x99,
    0xFF, 0x00, 0xFF, 0x05, 0xFF, 0x00, 0xFF, 0x11, 0xFF, 0x01, 0xFF, 0x00, 0xFF, 0x0E, 0xFF, 0x26,
    0x18, 0x04, 0x06, 0x01, 0x55, 0x0F, 0x1F, 0x05, 0x42, 0x0B, 0x03, 0x01, 0x09, 0x02, 0x5C, 0x10,
    0x00, 0x00, 0x03, 0x00, 0x00, 0x00, 0x0A, 0x02, 0x00, 0x00, 0x00, 0x00, 0x08, 0x01, 0x16, 0x04,
    0xFF, 0x00, 0xFF, 0x05, 0xFF, 0x3C, 0xFF, 0xC1, 0xFF, 0x2F, 0xFF, 0x00, 0xFF, 0x00, 0xFF, 0x00,
    0xFF, 0x96, 0xFF, 0x17, 0xFF, 0x03, 0xFF, 0x01, 0xFF, 0x41, 0xFF, 0x76, 0xFF, 0x04, 0xFF, 0x02,
    0x00, 0x00, 0x04, 0x02, 0x2B, 0x07, 0x90, 0x1B, 0x1D, 0x05, 0x00, 0x00, 0x00, 0x00, 0x00, 0x00,
    0x5B, 0x0F, 0x0E, 0x02, 0x02, 0x00, 0x01, 0x00, 0x27, 0x07, 0x47, 0x0C, 0x03, 0x00, 0x02, 0x00,
    0xFF, 0x8D, 0xFF, 0x07, 0xFF, 0x05, 0xFF, 0x00, 0xFF, 0x4F, 0xFF, 0x1A, 0xFF, 0x01, 0xFF, 0x01,
    0xFF, 0x00, 0xFF, 0x01, 0xFF, 0x03, 0xFF, 0x01, 0xFF, 0x03, 0xFF, 0x00, 0xFF, 0x01, 0xFF, 0x01,
    0x6C, 0x20, 0x09, 0x0F, 0x05, 0x03, 0x00, 0x00, 0x39, 0x0A, 0x12, 0x06, 0x01, 0x03, 0x01, 0x00,
    0x00, 0x00, 0x01, 0x01, 0x03, 0x03, 0x01, 0x01, 0x02, 0x00, 0x00, 0x00, 0x01, 0x01, 0x01, 0x01,
    0xFF, 0x09, 0xFF, 0x18, 0xFF, 0x14, 0xFF, 0x0B, 0xFF, 0x05, 0xFF, 0x16, 0xFF, 0x18, 0xFF, 0x0D,
    0xFF, 0x02, 0xFF, 0x12, 0xFF, 0x1B, 0xFF, 0x10, 0xFF, 0x01, 0xFF, 0x0C, 0xFF, 0x1C, 0xFF, 0x14,
    0x09, 0x09, 0x18, 0x18, 0x14, 0x14, 0x0B, 0x0B, 0x05, 0x05, 0x16, 0x16, 0x18, 0x18, 0x0D, 0x0D,
    0x02, 0x02, 0x12, 0x12, 0x1B, 0x1B, 0x10, 0x10, 0x01, 0x01, 0x0C, 0x0C, 0x1C, 0x1C, 0x14, 0x14,
    0xFF, 0x0C, 0xFF, 0x0D, 0xFF, 0x09, 0xFF, 0x08, 0xFF, 0x0A, 0xFF, 0x0C, 0xFF, 0x0C, 0xFF, 0x01,
    0xFF, 0x09, 0xFF, 0x0B, 0xFF, 0x0D, 0xFF, 0x00, 0xFF, 0x09, 0xFF, 0x09, 0xFF, 0x0A, 0xFF, 0x07,
    0x0C, 0x0C, 0x0D, 0x0D, 0x09, 0x09, 0x07, 0x06, 0x0A, 0x0A, 0x0C, 0x0C, 0x0B, 0x0A, 0x01, 0x03,
    0x09, 0x09, 0x0B, 0x0B, 0x0C, 0x0A, 0x00, 0x04, 0x09, 0x09, 0x09, 0x09, 0x0A, 0x0A, 0x07, 0x06,
    0xFF, 0x00, 0xFF, 0x59, 0xFF, 0xFF, 0xFF, 0xFF, 0xFF, 0x32, 0xFF, 0xFA, 0xFF, 0xFE, 0xFF, 0xFD,
    0xFF, 0x3B, 0xFF, 0xFF, 0xFF, 0xFD, 0xFF, 0xFF, 0xFF, 0x01, 0xFF, 0xC7, 0xFF, 0xFE, 0xFF, 0xFF,
    0x00, 0x02, 0x44, 0x0C, 0xDA, 0x59, 0xF5, 0xC9, 0x27, 0x08, 0xC9, 0x27, 0xDE, 0x77, 0xF4, 0xDB,
    0x2E, 0x0A, 0xCD, 0x26, 0xCD, 0x45, 0xE5, 0x93, 0x01, 0x01, 0x9A, 0x1D, 0xD0, 0x26, 0xCF, 0x33,
    0xFF, 0xFB, 0xFF, 0xEE, 0xFF, 0xE4, 0xFF, 0xFF, 0xFF, 0xFC, 0xFF, 0xF4, 0xFF, 0xFF, 0xFF, 0xFF,
    0xFF, 0xEA, 0xFF, 0xEC, 0xFF, 0xFE, 0xFF, 0xEC, 0xFF, 0xB4, 0xFF, 0xCF, 0xFF, 0xFF, 0xFF, 0xDC,
    0xF6, 0xE9, 0xE7, 0xDE, 0xD5, 0xCA, 0xCE, 0x9C, 0xF7, 0xEB, 0xEE, 0xE9, 0xF7, 0xEA, 0xE7, 0xDF,
    0xDB, 0xBF, 0xDB, 0xCB, 0xE4, 0xCE, 0xB8, 0xC0, 0x8B, 0x45, 0x93, 0x55, 0xBD, 0x8F, 0xB2, 0xBE,
    0xFF, 0xFF, 0xFF, 0xFF, 0xFF, 0xFF, 0xFF, 0xEE, 0xFF, 0xDF, 0xFF, 0x85, 0xFF, 0x92, 0xFF, 0xF1,
    0xFF, 0x36, 0xFF, 0x00, 0xFF, 0x00, 0xFF, 0x58, 0xFF, 0x77, 0xFF, 0x28, 0xFF, 0x03, 0xFF, 0x00,
    0x9B, 0x59, 0x86, 0x5D, 0x8A, 0x62, 0x80, 0x43, 0x92, 0x9B, 0x46, 0x52, 0x51, 0x5F, 0x7F, 0x88,
    0x24, 0x28, 0x00, 0x00, 0x00, 0x00, 0x34, 0x3E, 0x79, 0x78, 0x26, 0x26, 0x02, 0x02, 0x00, 0x00,
    0xFF, 0x3D, 0xFF, 0x00, 0xFF, 0x02, 0xFF, 0x00, 0xFF, 0xD9, 0xFF, 0x11, 0xFF, 0x01, 0xFF, 0x01,
    0xFF, 0xFC, 0xFF, 0x74, 0xFF, 0x00, 0xFF, 0x03, 0xFF, 0xC7, 0xFF, 0xCA, 0xFF, 0x07, 0xFF, 0x01,
    0x22, 0x0C, 0x00, 0x00, 0x01, 0x01, 0x00, 0x00, 0x71, 0x50, 0x0A, 0x02, 0x01, 0x00, 0x01, 0x00,
    0x85, 0x88, 0x3D, 0x22, 0x00, 0x00, 0x02, 0x01, 0x6C, 0x77, 0x6A, 0x47, 0x04, 0x00, 0x00, 0x01,
    0xFF, 0x03, 0xFF, 0x08, 0xFF, 0x11, 0xFF, 0x20, 0xFF, 0x02, 0xFF, 0x07, 0xFF, 0x0D, 0xFF, 0x17,
    0xFF, 0x00, 0xFF, 0x03, 0xFF, 0x07, 0xFF, 0x0B, 0xFF, 0x01, 0xFF, 0x01, 0xFF, 0x04, 0xFF, 0x08,
    0x03, 0x03, 0x08, 0x08, 0x11, 0x11, 0x20, 0x20, 0x02, 0x02, 0x07, 0x07, 0x0D, 0x0D, 0x17, 0x17,
    0x00, 0x00, 0x03, 0x03, 0x07, 0x07, 0x0B, 0x0B, 0x00, 0x00, 0x01, 0x00, 0x04, 0x04, 0x08, 0x08,
    0xFF, 0x22, 0xFF, 0x1A, 0xFF, 0x1C, 0xFF, 0x24, 0xFF, 0x21, 0xFF, 0x23, 0xFF, 0x24, 0xFF, 0x24,
    0xFF, 0x11, 0xFF, 0x16, 0xFF, 0x17, 0xFF, 0x16, 0xFF, 0x0D, 0xFF, 0x11, 0xFF, 0x13, 0xFF, 0x17,
    0x22, 0x22, 0x1A, 0x1A, 0x1C, 0x1C, 0x23, 0x22, 0x21, 0x21, 0x23, 0x23, 0x24, 0x24, 0x24, 0x24,
    0x11, 0x11, 0x16, 0x16, 0x17, 0x17, 0x16, 0x16, 0x0D, 0x0D, 0x11, 0x11, 0x13, 0x13, 0x17, 0x17,
    0xFF, 0x2A, 0xFF, 0x1E, 0xFF, 0x0D, 0xFF, 0x00, 0xFF, 0x2D, 0xFF, 0x2F, 0xFF, 0x15, 0xFF, 0x01,
    0xFF, 0x22, 0xFF, 0x2A, 0xFF, 0x15, 0xFF, 0x00, 0xFF, 0x22, 0xFF, 0x1D, 0xFF, 0x0A, 0xFF, 0x00,
    0x29, 0x28, 0x1D, 0x1C, 0x0B, 0x08, 0x00, 0x00, 0x2D, 0x2D, 0x2F, 0x2F, 0x14, 0x12, 0x01, 0x01,
    0x22, 0x22, 0x2A, 0x2A, 0x14, 0x12, 0x00, 0x01, 0x22, 0x22, 0x1D, 0x1D, 0x09, 0x09, 0x00, 0x01,
    0xFF, 0x68, 0xFF, 0xE9, 0xFF, 0xE0, 0xFF, 0xCA, 0xFF, 0x56, 0xFF, 0xF8, 0xFF, 0xE7, 0xFF, 0xF3,
    0xFF, 0x75, 0xFF, 0xFF, 0xFF, 0xF0, 0xFF, 0xF2, 0xFF, 0xBE, 0xFF, 0xFE, 0xFF, 0xF6, 0xFF, 0xFF,
    0x47, 0x16, 0x9D, 0x31, 0x97, 0x2E, 0x8A, 0x27, 0x3D, 0x10, 0xB0, 0x2C, 0xA5, 0x28, 0xAF, 0x2A,
    0x57, 0x15, 0xC0, 0x2C, 0xB2, 0x27, 0xB5, 0x27, 0x8E, 0x20, 0xC1, 0x2A, 0xB8, 0x28, 0xBF, 0x29,
    0xFF, 0xC8, 0xFF, 0xEF, 0xFF, 0xF5, 0xFF, 0xF3, 0xFF, 0xF8, 0xFF, 0xF3, 0xFF, 0xF5, 0xFF, 0xF7,
    0xFF, 0xF4, 0xFF, 0xF6, 0xFF, 0xF8, 0xFF, 0xF8, 0xFF, 0xFF, 0xFF, 0xFD, 0xFF, 0xF5, 0xFF, 0xF3,
    0x8A, 0x24, 0xA8, 0x29, 0xB1, 0x28, 0xB3, 0x27, 0xB4, 0x29, 0xB4, 0x27, 0xB6, 0x27, 0xB9, 0x27,
    0xB6, 0x27, 0xB8, 0x27, 0xBA, 0x28, 0xB9, 0x28, 0xBE, 0x28, 0xBD, 0x29, 0xB6, 0x28, 0xB3, 0x29,
    0xFF, 0xF6, 0xFF, 0xF7, 0xFF, 0xF5, 0xFF, 0xF1, 0xFF, 0xF7, 0xFF, 0xF6, 0xFF, 0xF2, 0xFF, 0xEC,
    0xFF, 0xF6, 0xFF, 0xF2, 0xFF, 0xEB, 0xFF, 0xE3, 0xFF, 0xEF, 0xFF, 0xE7, 0xFF, 0xDD, 0xFF, 0xD5,
    0xB7, 0x27, 0xB7, 0x27, 0xB4, 0x28, 0xAD, 0x29, 0xB9, 0x27, 0xB6, 0x27, 0xAF, 0x28, 0xAA, 0x2B,
    0xB6, 0x28, 0xAF, 0x28, 0xA8, 0x2A, 0xA9, 0x32, 0xAC, 0x29, 0xA3, 0x2B, 0x9F, 0x31, 0x9E, 0x39,
    0xFF, 0xEB, 0xFF, 0xE1, 0xFF, 0xCD, 0xFF, 0xC1, 0xFF, 0xE4, 0xFF, 0xD4, 0xFF, 0xC6, 0xFF, 0xA6,
    0xFF, 0xD8, 0xFF, 0xC5, 0xFF, 0xBE, 0xFF, 0x80, 0xFF, 0xC7, 0xFF, 0xC0, 0xFF, 0x9B, 0xFF, 0x79,
    0xAD, 0x2E, 0xA8, 0x35, 0x90, 0x33, 0x84, 0x37, 0xAB, 0x34, 0x99, 0x35, 0x87, 0x36, 0x73, 0x33,
    0xA1, 0x38, 0x89, 0x35, 0x83, 0x3A, 0x5A, 0x2A, 0x8E, 0x39, 0x84, 0x3A, 0x6D, 0x33, 0x57, 0x2C,
    0xFF, 0x81, 0xFF, 0x9B, 0xFF, 0xA7, 0xFF, 0x99, 0xFF, 0x7C, 0xFF, 0xA7, 0xFF, 0xA0, 0xFF, 0x92,
    0xFF, 0x92, 0xFF, 0xA3, 0xFF, 0x9A, 0xFF, 0x8B, 0xFF, 0xA4, 0xFF, 0x9B, 0xFF, 0x8F, 0xFF, 0x7B,
    0x5A, 0x29, 0x71, 0x3B, 0x81, 0x4C, 0x7C, 0x54, 0x58, 0x2C, 0x7D, 0x46, 0x80, 0x51, 0x78, 0x56,
    0x6B, 0x39, 0x7E, 0x4C, 0x7D, 0x54, 0x75, 0x5A, 0x7C, 0x47, 0x7A, 0x50, 0x75, 0x55, 0x6C, 0x57,
    0xFF, 0x83, 0xFF, 0x4F, 0xFF, 0x4E, 0xFF, 0x57, 0xFF, 0x73, 0xFE, 0x3E, 0xFF, 0x56, 0xFF, 0x53,
    0xFF, 0x57, 0xFE, 0x42, 0xFF, 0x57, 0xFF, 0x54, 0xFE, 0x3E, 0xFF, 0x51, 0xFF, 0x53, 0xFF, 0x59,
    0x70, 0x56, 0x49, 0x40, 0x47, 0x47, 0x51, 0x52, 0x65, 0x51, 0x3B, 0x36, 0x4F, 0x4F, 0x4F, 0x50,
    0x4F, 0x42, 0x3E, 0x3C, 0x50, 0x51, 0x50, 0x52, 0x3A, 0x34, 0x4B, 0x4B, 0x4D, 0x4F, 0x55, 0x5A,
    0xFF, 0x59, 0xFF, 0x67, 0xFF, 0x22, 0xFF, 0x00, 0xFF, 0x60, 0xFF, 0x56, 0xFF, 0x07, 0xFF, 0x00,
    0xFF, 0x64, 0xFF, 0x39, 0xFF, 0x00, 0xFF, 0x01, 0xFF, 0x5E, 0xFF, 0x1B, 0xFF, 0x00, 0xFF, 0x01,
    0x56, 0x58, 0x62, 0x6F, 0x20, 0x26, 0x00, 0x00, 0x5C, 0x61, 0x52, 0x5D, 0x07, 0x07, 0x00, 0x00,
    0x60, 0x69, 0x37, 0x3E, 0x00, 0x00, 0x01, 0x01, 0x5A, 0x66, 0x19, 0x1D, 0x00, 0x00, 0x01, 0x01,
    0xFF, 0x01, 0xFF, 0x05, 0xFF, 0x07, 0xFF, 0x8D, 0xFF, 0x02, 0xFF, 0x01, 0xFF, 0x1A, 0xFF, 0x4F,
    0xFF, 0x01, 0xFF, 0x03, 0xFF, 0x01, 0xFF, 0x00, 0xFF, 0x01, 0xFF, 0x01, 0xFF, 0x00, 0xFF, 0x03,
    0x01, 0x01, 0x05, 0x03, 0x09, 0x0F, 0x6C, 0x20, 0x01, 0x01, 0x01, 0x03, 0x12, 0x06, 0x39, 0x0A,
    0x01, 0x01, 0x03, 0x03, 0x01, 0x01, 0x00, 0x00, 0x01, 0x01, 0x01, 0x01, 0x00, 0x00, 0x02, 0x00,
    0xFF, 0xC1, 0xFF, 0x3C, 0xFF, 0x05, 0xFF, 0x00, 0xFF, 0x00, 0xFF, 0x00, 0xFF, 0x00, 0xFF, 0x2F,
    0xFF, 0x01, 0xFF, 0x03, 0xFF, 0x17, 0xFF, 0x96, 0xFF, 0x02, 0xFF, 0x04, 0xFF, 0x77, 0xFF, 0x41,
    0x90, 0x1B, 0x2B, 0x07, 0x04, 0x02, 0x00, 0x00, 0x00, 0x00, 0x00, 0x00, 0x00, 0x00, 0x1D, 0x05,
    0x01, 0x00, 0x02, 0x00, 0x0E, 0x02, 0x5B, 0x0F, 0x02, 0x00, 0x03, 0x00, 0x47, 0x0C, 0x27, 0x07,
    0xFF, 0x34, 0xFF, 0x8C, 0xFF, 0x0A, 0xFF, 0x28, 0xFF, 0x99, 0xFF, 0x10, 0xFF, 0x05, 0xFF, 0x6E,
    0xFF, 0x11, 0xFF, 0x00, 0xFF, 0x05, 0xFF, 0x00, 0xFF, 0x26, 0xFF, 0x0E, 0xFF, 0x00, 0xFF, 0x01,
    0x1F, 0x05, 0x55, 0x0F, 0x06, 0x01, 0x18, 0x04, 0x5C, 0x10, 0x09, 0x02, 0x03, 0x01, 0x42, 0x0B,
    0x0A, 0x02, 0x00, 0x00, 0x03, 0x00, 0x00, 0x00, 0x16, 0x04, 0x08, 0x01, 0x00, 0x00, 0x00, 0x00,
    0xFF, 0xCF, 0xFF, 0x81, 0xFF, 0x4B, 0xFF, 0x00, 0xFF, 0x54, 0xFF, 0x07, 0xFF, 0x00, 0xFF, 0x12,
    0xFF, 0x00, 0xFF, 0x00, 0xFF, 0x22, 0xFF, 0xE0, 0xFF, 0x00, 0xFF, 0x47, 0xFF, 0xEB, 0xFF, 0xBC,
    0x7C, 0x15, 0x4D, 0x0D, 0x2D, 0x08, 0x00, 0x00, 0x32, 0x08, 0x04, 0x01, 0x00, 0x00, 0x0A, 0x02,
    0x00, 0x00, 0x00, 0x00, 0x13, 0x03, 0x8B, 0x18, 0x00, 0x00, 0x2A, 0x07, 0x90, 0x19, 0x75, 0x14,
    0xFF, 0x07, 0xFF, 0xDD, 0xFF, 0x8B, 0xFB, 0x00, 0xFF, 0xD7, 0xFF, 0xC5, 0xFC, 0x00, 0xFF, 0x04,
    0xFF, 0xDF, 0xFE, 0x0E, 0xFC, 0x02, 0xF5, 0x02, 0xFF, 0x18, 0xFA, 0x00, 0xFF, 0x02, 0x61, 0x00,
    0x03, 0x00, 0x86, 0x17, 0x53, 0x0E, 0x00, 0x00, 0x85, 0x17, 0x77, 0x14, 0x00, 0x00, 0x02, 0x00,
    0x8A, 0x18, 0x08, 0x01, 0x01, 0x00, 0x01, 0x00, 0x0D, 0x02, 0x00, 0x00, 0x01, 0x00, 0x00, 0x00,
    0xFF, 0x03, 0x55, 0x00, 0x00, 0x00, 0x03, 0x00, 0xBC, 0x01, 0x00, 0x00, 0x03, 0x00, 0x00, 0x00,
    0x25, 0x00, 0x01, 0x00, 0x02, 0x00, 0x00, 0x00, 0x00, 0x00, 0x03, 0x00, 0x00, 0x00, 0x00, 0x00,
    0x02, 0x00, 0x00, 0x00, 0x00, 0x00, 0x00, 0x00, 0x00, 0x00, 0x00, 0x00, 0x00, 0x00, 0x00, 0x00,
    0x00, 0x00, 0x00, 0x00, 0x00, 0x00, 0x00, 0x00, 0x00, 0x00, 0x00, 0x00, 0x00, 0x00, 0x00, 0x00,
    0x00, 0x00, 0x00, 0x00, 0x00, 0x00, 0x00, 0x00, 0x00, 0x00, 0x00, 0x00, 0x00, 0x00, 0x00, 0x00,
    0x00, 0x00, 0x00, 0x00, 0x00, 0x00, 0x00, 0x00, 0x00, 0x00, 0x00, 0x00, 0x00, 0x00, 0x00, 0x00,
    0x00, 0x00, 0x00, 0x00, 0x00, 0x00, 0x00, 0x00, 0x00, 0x00, 0x00, 0x00, 0x00, 0x00, 0x00, 0x00,
    0x00, 0x00, 0x00, 0x00, 0x00, 0x00, 0x00, 0x00, 0x00, 0x00, 0x00, 0x00, 0x00, 0x00, 0x00, 0x00,
    0x00, 0x00, 0x00, 0x00, 0x00, 0x00, 0x00, 0x00, 0x00, 0x00, 0x00, 0x00, 0x00, 0x00, 0x00, 0x00,
    0x00, 0x00, 0x00, 0x00, 0x00, 0x00, 0x00, 0x00, 0x00, 0x00, 0x00, 0x00, 0x00, 0x00, 0x00, 0x00,
    0x00, 0x00, 0x00, 0x00, 0x00, 0x00, 0x00, 0x00, 0x00, 0x00, 0x00, 0x00, 0x00, 0x00, 0x00, 0x00,
    0x00, 0x00, 0x00, 0x00, 0x00, 0x00, 0x00, 0x00, 0x00, 0x00, 0x00, 0x00, 0x00, 0x00, 0x00, 0x00,
    0x00, 0x00, 0x00, 0x00, 0x00, 0x00, 0x00, 0x00, 0x00, 0x00, 0x00, 0x00, 0x00, 0x00, 0x00, 0x00,
    0x00, 0x00, 0x00, 0x00, 0x00, 0x00, 0x00, 0x00, 0x00, 0x00, 0x00, 0x00, 0x00, 0x00, 0x00, 0x00,
    0x00, 0x00, 0x00, 0x00, 0x00, 0x00, 0x00, 0x00, 0x00, 0x00, 0x00, 0x00, 0x00, 0x00, 0x00, 0x00,
    0x00, 0x00, 0x00, 0x00, 0x00, 0x00, 0x00, 0x00, 0x00, 0x00, 0x00, 0x00, 0x00, 0x00, 0x00, 0x00,
    0x00, 0x00, 0x00, 0x00, 0x00, 0x00, 0x00, 0x00, 0x00, 0x00, 0x00, 0x00, 0x00, 0x00, 0x00, 0x00,
    0x00, 0x00, 0x00, 0x00, 0x00, 0x00, 0x00, 0x00, 0x00, 0x00, 0x00, 0x00, 0x00, 0x00, 0x00, 0x00,
    0x00, 0x00, 0x00, 0x00, 0x00, 0x00, 0x00, 0x00, 0x00, 0x00, 0x00, 0x00, 0x00, 0x00, 0x00, 0x00,
    0x00, 0x00, 0x00, 0x00, 0x00, 0x00, 0x00, 0x00, 0x00, 0x00, 0x00, 0x00, 0x00, 0x00, 0x00, 0x00,
    0x00, 0x00, 0x00, 0x00, 0x00, 0x00, 0x04, 0x00, 0x00, 0x00, 0x00, 0x00, 0x00, 0x00, 0x01, 0x00,
    0x00, 0x00, 0x00, 0x00, 0x00, 0x00, 0x00, 0x00, 0x00, 0x00, 0x00, 0x00, 0x00, 0x00, 0x00, 0x00,
    0x00, 0x00, 0x00, 0x00, 0x00, 0x00, 0x00, 0x00, 0x00, 0x00, 0x00, 0x00, 0x00, 0x00, 0x00, 0x00,
    0x00, 0x00, 0x00, 0x00, 0x00, 0x00, 0x00, 0x00, 0x00, 0x00, 0x00, 0x00, 0x00, 0x00, 0x00, 0x00,
    0x00, 0x00, 0x93, 0x00, 0xFF, 0x02, 0xFA, 0x00, 0x03, 0x00, 0x01, 0x00, 0xAF, 0x00, 0xFF, 0x01,
    0x01, 0x00, 0x02, 0x00, 0x07, 0x00, 0xB7, 0x00, 0x00, 0x00, 0x02, 0x00, 0x00, 0x00, 0x06, 0x00,
    0x00, 0x00, 0x00, 0x00, 0x01, 0x00, 0x00, 0x00, 0x00, 0x00, 0x00, 0x00, 0x00, 0x00, 0x01, 0x00,
    0x00, 0x00, 0x00, 0x00, 0x00, 0x00, 0x00, 0x00, 0x00, 0x00, 0x00, 0x00, 0x00, 0x00, 0x00, 0x00,
    0xFF, 0x00, 0xFF, 0x54, 0xFF, 0xC0, 0xFF, 0x6A, 0xFA, 0x01, 0xFF, 0x00, 0xFF, 0x01, 0xFF, 0x55,
    0xFF, 0x00, 0xFA, 0x03, 0xFF, 0x00, 0xFF, 0x00, 0xAB, 0x00, 0xFF, 0x00, 0xFC, 0x00, 0xFD, 0x03,
    0x00, 0x00, 0x33, 0x09, 0x72, 0x14, 0x3F, 0x0B, 0x01, 0x00, 0x00, 0x00, 0x00, 0x00, 0x33, 0x09,
    0x00, 0x00, 0x02, 0x00, 0x00, 0x00, 0x00, 0x00, 0x00, 0x00, 0x00, 0x00, 0x00, 0x00, 0x02, 0x00,
    0xFF, 0x05, 0xFF, 0x02, 0xFF, 0x03, 0xFF, 0x21, 0xFF, 0x45, 0xFF, 0x05, 0xFF, 0x01, 0xFF, 0x00,
    0xFF, 0x04, 0xFF, 0x04, 0xFF, 0x00, 0xFF, 0x01, 0xFF, 0x00, 0xFF, 0x00, 0xFF, 0x00, 0xFF, 0x00,
    0x03, 0x00, 0x01, 0x00, 0x02, 0x00, 0x13, 0x03, 0x29, 0x07, 0x03, 0x01, 0x00, 0x00, 0x00, 0x00,
    0x02, 0x00, 0x02, 0x00, 0x00, 0x00, 0x01, 0x00, 0x00, 0x00, 0x00, 0x00, 0x00, 0x00, 0x00, 0x00,
    0xFF, 0x3F, 0xFF, 0x7E, 0xFF, 0x35, 0xFF, 0x00, 0xFF, 0x00, 0xFF, 0x00, 0xFF, 0x06, 0xFF, 0x00,
    0xFF, 0x02, 0xFF, 0x00, 0xFF, 0x00, 0xFF, 0x00, 0xFF, 0x00, 0xFF, 0x00, 0xFF, 0x00, 0xFF, 0x00,
    0x26, 0x07, 0x4B, 0x0D, 0x20, 0x06, 0x00, 0x00, 0x00, 0x00, 0x00, 0x00, 0x04, 0x01, 0x00, 0x00,
    0x01, 0x00, 0x00, 0x00, 0x00, 0x00, 0x00, 0x00, 0x00, 0x00, 0x00, 0x00, 0x00, 0x00, 0x00, 0x00,
    0xFF, 0x02, 0xFF, 0x00, 0xFF, 0x00, 0xFF, 0x00, 0xFF, 0x00, 0xFF, 0x00, 0xFF, 0x00, 0xFF, 0x00,
    0xFF, 0x00, 0xFF, 0x00, 0xFF, 0x00, 0xFF, 0x00, 0xFF, 0x00, 0xFF, 0x00, 0xFF, 0x00, 0xFF, 0x00,
    0x01, 0x00, 0x00, 0x00, 0x00, 0x00, 0x00, 0x00, 0x00, 0x00, 0x00, 0x00, 0x00, 0x00, 0x00, 0x00,
    0x00, 0x00, 0x00, 0x00, 0x00, 0x00, 0x00, 0x00, 0x00, 0x00, 0x00, 0x00, 0x00, 0x00, 0x00, 0x00,
    0xFF, 0x00, 0xFF, 0x07, 0xFF, 0x19, 0xFF, 0x19, 0xFF, 0x00, 0xFF, 0x02, 0xFF, 0x13, 0xFF, 0x1C,
    0xFF, 0x00, 0xFF, 0x00, 0xFF, 0x0C, 0xFF, 0x1D, 0xFF, 0x00, 0xFF, 0x00, 0xFF, 0x05, 0xFF, 0x19,
    0x00, 0x00, 0x07, 0x07, 0x19, 0x19, 0x19, 0x19, 0x00, 0x00, 0x02, 0x02, 0x13, 0x13, 0x1C, 0x1C,
    0x00, 0x00, 0x00, 0x00, 0x0C, 0x0C, 0x1D, 0x1D, 0x00, 0x00, 0x00, 0x00, 0x05, 0x05, 0x19, 0x19,
    0xFF, 0x0B, 0xFF, 0x08, 0xFF, 0x08, 0xFF, 0x0A, 0xFF, 0x0E, 0xFF, 0x07, 0xFF, 0x08, 0xFF, 0x07,
    0xFF, 0x13, 0xFF, 0x07, 0xFF, 0x07, 0xFF, 0x07, 0xFF, 0x18, 0xFF, 0x09, 0xFF, 0x06, 0xFF, 0x07,
    0x0B, 0x0B, 0x08, 0x08, 0x08, 0x09, 0x09, 0x07, 0x0E, 0x0E, 0x07, 0x07, 0x08, 0x08, 0x07, 0x07,
    0x13, 0x13, 0x07, 0x07, 0x07, 0x07, 0x07, 0x07, 0x18, 0x18, 0x09, 0x09, 0x06, 0x06, 0x07, 0x07,
    0xFF, 0x00, 0xFF, 0x4A, 0xFF, 0xFF, 0xFF, 0xFD, 0xFF, 0x06, 0xFF, 0x00, 0xFF, 0xAA, 0xFF, 0xFF,
    0xFF, 0x07, 0xFF, 0x02, 0xFF, 0x14, 0xFF, 0xDB, 0xFF, 0x06, 0xFF, 0x04, 0xFF, 0x00, 0xFF, 0x24,
    0x00, 0x00, 0x3A, 0x0B, 0xD1, 0x28, 0xCF, 0x26, 0x05, 0x04, 0x00, 0x00, 0x84, 0x19, 0xE0, 0x2B,
    0x06, 0x05, 0x02, 0x01, 0x0F, 0x03, 0xAF, 0x21, 0x06, 0x06, 0x04, 0x03, 0x00, 0x00, 0x1B, 0x05,
    0xFF, 0xA6, 0xFF, 0xB8, 0xFF, 0xFE, 0xFF, 0xF5, 0xFF, 0xC7, 0xFF, 0x99, 0xFF, 0xFF, 0xFF, 0xFA,
    0xFF, 0xFF, 0xFF, 0x86, 0xFF, 0xD5, 0xFF, 0xFF, 0xFF, 0xDA, 0xFF, 0xEE, 0xFE, 0x84, 0xFF, 0xD1,
    0x73, 0x16, 0x69, 0x1A, 0xC3, 0x8A, 0xE2, 0xEE, 0x93, 0x20, 0x57, 0x19, 0xB3, 0x4B, 0xBD, 0xB4,
    0xD2, 0x29, 0x51, 0x15, 0x86, 0x21, 0xC6, 0x54, 0xB4, 0x22, 0xBA, 0x25, 0x4D, 0x16, 0x95, 0x29,
    0xFF, 0xBD, 0xFF, 0x3D, 0xFF, 0x00, 0xFF, 0x00, 0xFF, 0x9C, 0xFF, 0x0E, 0xFF, 0x0B, 0xFF, 0x79,
    0xFF, 0xF4, 0xFF, 0xD0, 0xFF, 0xD4, 0xFF, 0xFF, 0xFF, 0xFF, 0xFF, 0xFF, 0xFF, 0xFF, 0xFF, 0xEC,
    0xC1, 0xBD, 0x3E, 0x3D, 0x00, 0x00, 0x01, 0x00, 0x78, 0x8C, 0x0C, 0x0C, 0x08, 0x0A, 0x50, 0x64,
    0xAE, 0x9E, 0x90, 0xA1, 0x93, 0xA5, 0xBB, 0xA9, 0xCB, 0x45, 0xCE, 0x64, 0xCD, 0x64, 0xB6, 0x40,
    0xFF, 0xCB, 0xFF, 0xD7, 0xFE, 0x43, 0xFF, 0x00, 0xFF, 0xFC, 0xFE, 0xAE, 0xFF, 0xA6, 0xFF, 0x15,
    0xFF, 0xF1, 0xFE, 0x89, 0xFF, 0xF5, 0xFF, 0x4A, 0xFF, 0x92, 0xFF, 0xBB, 0xFF, 0xFF, 0xFF, 0x8F,
    0x6C, 0x79, 0x72, 0x45, 0x2B, 0x06, 0x00, 0x00, 0x90, 0x8A, 0x5E, 0x25, 0x79, 0x18, 0x11, 0x04,
    0xA3, 0x52, 0x4F, 0x14, 0xC3, 0x27, 0x3A, 0x0B, 0x5B, 0x1A, 0x87, 0x1D, 0xDE, 0x2A, 0x6F, 0x15,
    0xFF, 0x02, 0xFF, 0x00, 0xFF, 0x03, 0xFF, 0x08, 0xFF, 0x00, 0xFF, 0x02, 0xFF, 0x03, 0xFF, 0x07,
    0xFF, 0x00, 0xFF, 0x03, 0xFF, 0x02, 0xFF, 0x05, 0xFF, 0x00, 0xFF, 0x04, 0xFF, 0x01, 0xFF, 0x03,
    0x01, 0x00, 0x00, 0x00, 0x03, 0x03, 0x08, 0x08, 0x00, 0x00, 0x01, 0x01, 0x03, 0x03, 0x07, 0x07,
    0x00, 0x00, 0x03, 0x01, 0x02, 0x02, 0x05, 0x05, 0x00, 0x00, 0x03, 0x00, 0x01, 0x01, 0x03, 0x04,
    0xFF, 0x0E, 0xFF, 0x13, 0xFF, 0x16, 0xFF, 0x19, 0xFF, 0x0E, 0xFF, 0x15, 0xFF, 0x18, 0xFF, 0x16,
    0xFF, 0x0B, 0xFF, 0x0A, 0xFF, 0x02, 0xFF, 0x00, 0xFF, 0x00, 0xFF, 0x11, 0xFF, 0x45, 0xFF, 0x64,
    0x0E, 0x0E, 0x13, 0x13, 0x16, 0x16, 0x19, 0x19, 0x0E, 0x0E, 0x15, 0x15, 0x18, 0x18, 0x15, 0x16,
    0x0B, 0x0B, 0x0A, 0x0A, 0x02, 0x01, 0x00, 0x00, 0x00, 0x00, 0x11, 0x11, 0x44, 0x47, 0x62, 0x68,
    0xFF, 0x19, 0xFF, 0x13, 0xFF, 0x00, 0xFF, 0x47, 0xFF, 0x0E, 0xFF, 0x00, 0xFF, 0x14, 0xFF, 0xCE,
    0xFF, 0x03, 0xFF, 0x37, 0xFF, 0x57, 0xFF, 0xBA, 0xFF, 0x8D, 0xFF, 0xCA, 0xFF, 0x7A, 0xFF, 0x69,
    0x19, 0x19, 0x12, 0x10, 0x00, 0x01, 0x35, 0x0C, 0x0E, 0x0E, 0x00, 0x00, 0x0E, 0x05, 0x96, 0x28,
    0x03, 0x03, 0x35, 0x31, 0x41, 0x26, 0x82, 0x2C, 0x89, 0x8F, 0xC6, 0xC6, 0x69, 0x55, 0x45, 0x19,
    0xFF, 0xFC, 0xFF, 0xF3, 0xFF, 0xF8, 0xFF, 0x7A, 0xFF, 0xF0, 0xFF, 0xEE, 0xFF, 0xDF, 0xFF, 0x11,
    0xFF, 0xDA, 0xFF, 0xD6, 0xFF, 0xDE, 0xFF, 0x6D, 0xFF, 0xC4, 0xFF, 0xC1, 0xFF, 0xC2, 0xFF, 0xC8,
    0xBC, 0x2B, 0xB4, 0x28, 0xB9, 0x29, 0x5B, 0x16, 0xAE, 0x2C, 0xAD, 0x2B, 0xA2, 0x27, 0x0F, 0x09,
    0x99, 0x31, 0x96, 0x2E, 0x9A, 0x2E, 0x4B, 0x18, 0x8A, 0x3C, 0x85, 0x35, 0x84, 0x34, 0x88, 0x35,
    0xFF, 0x4E, 0xFF, 0xD1, 0xFF, 0xF3, 0xFF, 0xE6, 0xFF, 0x00, 0xFF, 0x6F, 0xFF, 0xE9, 0xFF, 0xCE,
    0xFF, 0x2D, 0xFF, 0xA0, 0xFF, 0xCB, 0xFF, 0xBE, 0xFF, 0xBF, 0xFF, 0xC1, 0xFF, 0xB6, 0xFF, 0xB2,
    0x3D, 0x15, 0x9B, 0x25, 0xB1, 0x2A, 0xA3, 0x2B, 0x00, 0x16, 0x52, 0x1F, 0xA3, 0x30, 0x8F, 0x31,
    0x22, 0x13, 0x6F, 0x2B, 0x8B, 0x34, 0x88, 0x39, 0x82, 0x34, 0x84, 0x38, 0x80, 0x3C, 0x82, 0x43,
    0xFF, 0xDD, 0xFF, 0xD4, 0xFF, 0xCC, 0xFF, 0xC1, 0xFF, 0xC9, 0xFF, 0xC3, 0xFF, 0xBA, 0xFF, 0xB5,
    0xFF, 0xC0, 0xFF, 0xBA, 0xFF, 0xB1, 0xFF, 0xA9, 0xFF, 0xA0, 0xFF, 0x80, 0xFF, 0x6F, 0xFF, 0x5B,
    0x9C, 0x2E, 0x96, 0x32, 0x93, 0x38, 0x8A, 0x3A, 0x8F, 0x36, 0x8E, 0x3B, 0x87, 0x3D, 0x7F, 0x3C,
    0x8E, 0x41, 0x89, 0x44, 0x81, 0x43, 0x7B, 0x40, 0x77, 0x3F, 0x5D, 0x30, 0x50, 0x26, 0x41, 0x20,
    0xFF, 0xBB, 0xFF, 0xAF, 0xFF, 0x70, 0xFF, 0x98, 0xFF, 0xB2, 0xFF, 0x70, 0xFF, 0x87, 0xFF, 0xA1,
    0xFF, 0x74, 0xFF, 0x7D, 0xFF, 0xA2, 0xFF, 0x98, 0xFF, 0x56, 0xFF, 0x91, 0xFF, 0x9C, 0xFF, 0x96,
    0x82, 0x3A, 0x7B, 0x3B, 0x4F, 0x27, 0x71, 0x3E, 0x7E, 0x3E, 0x4F, 0x27, 0x62, 0x35, 0x7A, 0x48,
    0x53, 0x2C, 0x5C, 0x33, 0x79, 0x46, 0x76, 0x4A, 0x42, 0x27, 0x6F, 0x43, 0x78, 0x4A, 0x7A, 0x52,
    0xFF, 0xA1, 0xFF, 0x97, 0xFF, 0x85, 0xFF, 0x61, 0xFF, 0xA0, 0xFF, 0x92, 0xFF, 0x7C, 0xFF, 0x4A,
    0xFF, 0xA0, 0xFF, 0x8A, 0xFF, 0x74, 0xFF, 0x56, 0xFF, 0x94, 0xFF, 0x7F, 0xFF, 0x70, 0xFF, 0x64,
    0x7D, 0x4D, 0x79, 0x55, 0x70, 0x58, 0x58, 0x4A, 0x80, 0x54, 0x77, 0x59, 0x6D, 0x5A, 0x45, 0x3B,
    0x83, 0x5C, 0x74, 0x5F, 0x69, 0x5B, 0x50, 0x49, 0x7C, 0x60, 0x6F, 0x63, 0x68, 0x5E, 0x5E, 0x5A,
    0xFE, 0x38, 0xFF, 0x59, 0xFF, 0x52, 0xFF, 0x59, 0xFF, 0x38, 0xFF, 0x59, 0xFF, 0x4B, 0xFF, 0x51,
    0xFF, 0x21, 0xFF, 0x4B, 0xFF, 0x42, 0xFF, 0x44, 0xFF, 0x31, 0xFF, 0x11, 0xFF, 0x35, 0xFF, 0x35,
    0x36, 0x34, 0x52, 0x53, 0x4E, 0x51, 0x55, 0x5D, 0x34, 0x34, 0x53, 0x54, 0x48, 0x4D, 0x4D, 0x5A,
    0x20, 0x1F, 0x47, 0x49, 0x3F, 0x47, 0x41, 0x4E, 0x2E, 0x2E, 0x12, 0x11, 0x33, 0x3C, 0x32, 0x3E,
    0xFF, 0x4B, 0xFF, 0x05, 0xFF, 0x00, 0xFF, 0x00, 0xFF, 0x33, 0xFF, 0x00, 0xFF, 0x01, 0xFF, 0x00,
    0xFF, 0x17, 0xFF, 0x00, 0xFF, 0x01, 0xFF, 0x00, 0xFF, 0x03, 0xFF, 0x00, 0xFF, 0x00, 0xFF, 0x00,
    0x48, 0x52, 0x04, 0x05, 0x00, 0x00, 0x00, 0x00, 0x31, 0x39, 0x00, 0x00, 0x01, 0x01, 0x00, 0x00,
    0x17, 0x1B, 0x00, 0x00, 0x01, 0x01, 0x00, 0x00, 0x03, 0x04, 0x00, 0x00, 0x00, 0x00, 0x00, 0x00,
    0xFF, 0x00, 0xFF, 0x00, 0xFF, 0x00, 0xFF, 0x02, 0xFF, 0x00, 0xFF, 0x00, 0xFF, 0x00, 0xFF, 0x00,
    0xFF, 0x00, 0xFF, 0x00, 0xFF, 0x00, 0xFF, 0x00, 0xFF, 0x00, 0xFF, 0x00, 0xFF, 0x00, 0xFF, 0x00,
    0x00, 0x00, 0x00, 0x00, 0x00, 0x00, 0x01, 0x00, 0x00, 0x00, 0x00, 0x00, 0x00, 0x00, 0x00, 0x00,
    0x00, 0x00, 0x00, 0x00, 0x00, 0x00, 0x00, 0x00, 0x00, 0x00, 0x00, 0x00, 0x00, 0x00, 0x00, 0x00,
    0xFF, 0x00, 0xFF, 0x35, 0xFF, 0x7E, 0xFF, 0x3F, 0xFF, 0x00, 0xFF, 0x06, 0xFF, 0x00, 0xFF, 0x00,
    0xFF, 0x00, 0xFF, 0x00, 0xFF, 0x00, 0xFF, 0x02, 0xFF, 0x00, 0xFF, 0x00, 0xFF, 0x00, 0xFF, 0x00,
    0x00, 0x00, 0x20, 0x06, 0x4B, 0x0D, 0x26, 0x07, 0x00, 0x00, 0x04, 0x01, 0x00, 0x00, 0x00, 0x00,
    0x00, 0x00, 0x00, 0x00, 0x00, 0x00, 0x01, 0x00, 0x00, 0x00, 0x00, 0x00, 0x00, 0x00, 0x00, 0x00,
    0xFF, 0x21, 0xFF, 0x03, 0xFF, 0x02, 0xFF, 0x05, 0xFF, 0x00, 0xFF, 0x01, 0xFF, 0x05, 0xFF, 0x45,
    0xFF, 0x01, 0xFF, 0x00, 0xFF, 0x04, 0xFF, 0x04, 0xFF, 0x00, 0xFF, 0x00, 0xFF, 0x00, 0xFF, 0x00,
    0x13, 0x03, 0x02, 0x00, 0x01, 0x00, 0x03, 0x00, 0x00, 0x00, 0x00, 0x00, 0x03, 0x01, 0x29, 0x07,
    0x01, 0x00, 0x00, 0x00, 0x02, 0x00, 0x02, 0x00, 0x00, 0x00, 0x00, 0x00, 0x00, 0x00, 0x00, 0x00,
    0xFF, 0x6A, 0xFF, 0xC0, 0xFF, 0x54, 0xFF, 0x00, 0xFF, 0x55, 0xFF, 0x01, 0xFF, 0x00, 0xFA, 0x01,
    0xFF, 0x00, 0xFF, 0x00, 0xFA, 0x03, 0xFF, 0x00, 0xFD, 0x03, 0xFC, 0x00, 0xFF, 0x00, 0xAB, 0x00,
    0x3F, 0x0B, 0x72, 0x14, 0x33, 0x09, 0x00, 0x00, 0x33, 0x09, 0x00, 0x00, 0x00, 0x00, 0x01, 0x00,
    0x00, 0x00, 0x00, 0x00, 0x02, 0x00, 0x00, 0x00, 0x02, 0x00, 0x00, 0x00, 0x00, 0x00, 0x00, 0x00,
    0xFA, 0x00, 0xFF, 0x02, 0x93, 0x00, 0x00, 0x00, 0xFF, 0x01, 0xAF, 0x00, 0x01, 0x00, 0x03, 0x00,
    0xB7, 0x00, 0x07, 0x00, 0x02, 0x00, 0x01, 0x00, 0x06, 0x00, 0x00, 0x00, 0x02, 0x00, 0x00, 0x00,
    0x00, 0x00, 0x01, 0x00, 0x00, 0x00, 0x00, 0x00, 0x01, 0x00, 0x00, 0x00, 0x00, 0x00, 0x00, 0x00,
    0x00, 0x00, 0x00, 0x00, 0x00, 0x00, 0x00, 0x00, 0x00, 0x00, 0x00, 0x00, 0x00, 0x00, 0x00, 0x00,
    0x04, 0x00, 0x00, 0x00, 0x00, 0x00, 0x00, 0x00, 0x01, 0x00, 0x00, 0x00, 0x00, 0x00, 0x00, 0x00,
    0x00, 0x00, 0x00, 0x00, 0x00, 0x00, 0x00, 0x00, 0x00, 0x00, 0x00, 0x00, 0x00, 0x00, 0x00, 0x00,
    0x00, 0x00, 0x00, 0x00, 0x00, 0x00, 0x00, 0x00, 0x00, 0x00, 0x00, 0x00, 0x00, 0x00, 0x00, 0x00,
    0x00, 0x00, 0x00, 0x00, 0x00, 0x00, 0x00, 0x00, 0x00, 0x00, 0x00, 0x00, 0x00, 0x00, 0x00, 0x00,
    0x00, 0x00, 0x00, 0x00, 0x00, 0x00, 0x00, 0x00, 0x00, 0x00, 0x00, 0x00, 0x00, 0x00, 0x00, 0x00,
    0x00, 0x00, 0x00, 0x00, 0x00, 0x00, 0x00, 0x00, 0x00, 0x00, 0x00, 0x00, 0x00, 0x00, 0x00, 0x00,
    0x00, 0x00, 0x00, 0x00, 0x00, 0x00, 0x00, 0x00, 0x00, 0x00, 0x00, 0x00, 0x00, 0x00, 0x00, 0x00,
    0x00, 0x00, 0x00, 0x00, 0x00, 0x00, 0x00, 0x00, 0x00, 0x00, 0x00, 0x00, 0x00, 0x00, 0x00, 0x00,
    0x00, 0x00, 0x00, 0x00, 0x00, 0x00, 0x00, 0x00, 0x00, 0x00, 0x00, 0x00, 0x00, 0x00, 0x00, 0x00,
    0x00, 0x00, 0x00, 0x00, 0x00, 0x00, 0x00, 0x00, 0x00, 0x00, 0x00, 0x00, 0x00, 0x00, 0x00, 0x00,
    0x00, 0x00, 0x00, 0x00, 0x00, 0x00, 0x00, 0x00, 0x00, 0x00, 0x00, 0x00, 0x00, 0x00, 0x00, 0x00,
    0x00, 0x00, 0x00, 0x00, 0x00, 0x00, 0x00, 0x00, 0x00, 0x00, 0x00, 0x00, 0x00, 0x00, 0x00, 0x00,
    0x00, 0x00, 0x00, 0x00, 0x00, 0x00, 0x00, 0x00, 0x00, 0x00, 0x00, 0x00, 0x00, 0x00, 0x00, 0x00,
    0x00, 0x00, 0x00, 0x00, 0x00, 0x00, 0x00, 0x00, 0x00, 0x00, 0x00, 0x00, 0x00, 0x00, 0x00, 0x00,
    0x00, 0x00, 0x00, 0x00, 0x00, 0x00, 0x00, 0x00, 0x00, 0x00, 0x00, 0x00, 0x00, 0x00, 0x00, 0x00,
    0x00, 0x00, 0x00, 0x00, 0x00, 0x00, 0x00, 0x00, 0x00, 0x00, 0x00, 0x00, 0x00, 0x00, 0x00, 0x00,
    0x00, 0x00, 0x00, 0x00, 0x00, 0x00, 0x00, 0x00, 0x00, 0x00, 0x00, 0x00, 0x00, 0x00, 0x00, 0x00,
    0x00, 0x00, 0x00, 0x00, 0x00, 0x00, 0x00, 0x00, 0x00, 0x00, 0x00, 0x00, 0x00, 0x00, 0x00, 0x00,
    0x00, 0x00, 0x00, 0x00, 0x00, 0x00, 0x00, 0x00, 0x00, 0x00, 0x00, 0x00, 0x00, 0x00, 0x00, 0x00,
    0x00, 0x00, 0x00, 0x00, 0x00, 0x00, 0x00, 0x00, 0x00, 0x00, 0x00, 0x00, 0x00, 0x00, 0x00, 0x00,
    0x00, 0x00, 0x00, 0x00, 0x00, 0x00, 0x00, 0x00, 0x00, 0x00, 0x00, 0x00, 0x00, 0x00, 0x00, 0x00,
    0x00, 0x00, 0x00, 0x00, 0x00, 0x00, 0x00, 0x00, 0x00, 0x00, 0x00, 0x00, 0x00, 0x00, 0x00, 0x00,
    0x00, 0x00, 0x00, 0x00, 0x00, 0x00, 0x00, 0x00, 0x00, 0x00, 0x00, 0x00, 0x00, 0x00, 0x00, 0x00,
    0x00, 0x00, 0x00, 0x00, 0x00, 0x00, 0x00, 0x00, 0x00, 0x00, 0x00, 0x00, 0x00, 0x00, 0x00, 0x00,
    0x00, 0x00, 0x00, 0x00, 0x02, 0x00, 0x00, 0x00, 0x00, 0x00, 0x00, 0x00, 0x00, 0x00, 0x01, 0x00,
    0x00, 0x00, 0x00, 0x00, 0x00, 0x00, 0x00, 0x00, 0x00, 0x00, 0x00, 0x00, 0x00, 0x00, 0x00, 0x00,
    0x00, 0x00, 0x00, 0x00, 0x00, 0x00, 0x00, 0x00, 0x00, 0x00, 0x00, 0x00, 0x00, 0x00, 0x00, 0x00,
    0x00, 0x00, 0x00, 0x00, 0x00, 0x00, 0x00, 0x00, 0x00, 0x00, 0x00, 0x00, 0x00, 0x00, 0x00, 0x00,
    0x00, 0x00, 0x89, 0x00, 0xFF, 0x00, 0xFF, 0x00, 0x02, 0x00, 0x00, 0x00, 0x56, 0x00, 0xE9, 0x00,
    0x00, 0x00, 0x04, 0x00, 0x00, 0x00, 0x1D, 0x00, 0x00, 0x00, 0x00, 0x00, 0x03, 0x00, 0x00, 0x00,
    0x00, 0x00, 0x00, 0x00, 0x00, 0x00, 0x00, 0x00, 0x00, 0x00, 0x00, 0x00, 0x00, 0x00, 0x00, 0x00,
    0x00, 0x00, 0x00, 0x00, 0x00, 0x00, 0x00, 0x00, 0x00, 0x00, 0x00, 0x00, 0x00, 0x00, 0x00, 0x00,
    0xFB, 0x00, 0xFF, 0x00, 0xFF, 0x00, 0xFF, 0x00, 0xFF, 0x00, 0xFD, 0x00, 0xFD, 0x00, 0xFF, 0x00,
    0xA7, 0x00, 0xFF, 0x00, 0xFF, 0x00, 0xFD, 0x00, 0x00, 0x00, 0x49, 0x00, 0xC5, 0x00, 0xFF, 0x00,
    0x00, 0x00, 0x00, 0x00, 0x00, 0x00, 0x00, 0x00, 0x00, 0x00, 0x00, 0x00, 0x00, 0x00, 0x00, 0x00,
    0x00, 0x00, 0x00, 0x00, 0x00, 0x00, 0x00, 0x00, 0x00, 0x00, 0x00, 0x00, 0x00, 0x00, 0x00, 0x00,
    0xFF, 0x00, 0xFF, 0x00, 0xFF, 0x00, 0xFF, 0x00, 0xFF, 0x00, 0xFF, 0x00, 0xFF, 0x00, 0xFF, 0x00,
    0xFC, 0x00, 0xFE, 0x00, 0xFF, 0x00, 0xFF, 0x00, 0xFF, 0x00, 0xFF, 0x00, 0xFB, 0x00, 0xFD, 0x00,
    0x00, 0x00, 0x00, 0x00, 0x00, 0x00, 0x00, 0x00, 0x00, 0x00, 0x00, 0x00, 0x00, 0x00, 0x00, 0x00,
    0x00, 0x00, 0x00, 0x00, 0x00, 0x00, 0x00, 0x00, 0x00, 0x00, 0x00, 0x00, 0x00, 0x00, 0x00, 0x00,
    0xFF, 0x00, 0xFF, 0x00, 0xFF, 0x00, 0xFF, 0x00, 0xFF, 0x00, 0xFF, 0x00, 0xFF, 0x00, 0xFF, 0x00,
    0xFF, 0x00, 0xFF, 0x00, 0xFF, 0x00, 0xFF, 0x00, 0xFF, 0x00, 0xFF, 0x00, 0xFF, 0x00, 0xFF, 0x00,
    0x00, 0x00, 0x00, 0x00, 0x00, 0x00, 0x00, 0x00, 0x00, 0x00, 0x00, 0x00, 0x00, 0x00, 0x00, 0x00,
    0x00, 0x00, 0x00, 0x00, 0x00, 0x00, 0x00, 0x00, 0x00, 0x00, 0x00, 0x00, 0x00, 0x00, 0x00, 0x00,
    0xFF, 0x00, 0xFF, 0x00, 0xFF, 0x01, 0xFF, 0x12, 0xFF, 0x00, 0xFF, 0x00, 0xFF, 0x00, 0xFF, 0x09,
    0xFF, 0x00, 0xFF, 0x00, 0xFF, 0x00, 0xFF, 0x03, 0xFF, 0x00, 0xFF, 0x01, 0xFF, 0x01, 0xFF, 0x00,
    0x00, 0x00, 0x00, 0x00, 0x01, 0x01, 0x12, 0x12, 0x00, 0x00, 0x00, 0x00, 0x00, 0x00, 0x09, 0x09,
    0x00, 0x00, 0x00, 0x00, 0x00, 0x00, 0x03, 0x03, 0x00, 0x00, 0x01, 0x01, 0x01, 0x01, 0x00, 0x00,
    0xFF, 0x1C, 0xFF, 0x0D, 0xFF, 0x05, 0xFF, 0x07, 0xFF, 0x1B, 0xFF, 0x11, 0xFF, 0x05, 0xFF, 0x06,
    0xFF, 0x16, 0xFF, 0x16, 0xFF, 0x07, 0xFF, 0x04, 0xFF, 0x0F, 0xFF, 0x18, 0xFF, 0x0B, 0xFF, 0x04,
    0x1C, 0x1C, 0x0D, 0x0D, 0x05, 0x05, 0x07, 0x07, 0x1B, 0x1B, 0x11, 0x11, 0x05, 0x05, 0x06, 0x06,
    0x16, 0x16, 0x16, 0x16, 0x07, 0x07, 0x04, 0x04, 0x0F, 0x0F, 0x18, 0x18, 0x0B, 0x0B, 0x04, 0x04,
    0xFF, 0x07, 0xFF, 0x04, 0xFF, 0x03, 0xFF, 0x00, 0xFF, 0x07, 0xFF, 0x05, 0xFF, 0x02, 0xFF, 0x03,
    0xFF, 0x07, 0xFF, 0x06, 0xFF, 0x04, 0xFF, 0x05, 0xFF, 0x05, 0xFF, 0x08, 0xFF, 0x07, 0xFF, 0x08,
    0x07, 0x07, 0x04, 0x04, 0x02, 0x01, 0x00, 0x00, 0x07, 0x07, 0x05, 0x05, 0x02, 0x02, 0x03, 0x01,
    0x07, 0x07, 0x06, 0x06, 0x04, 0x04, 0x05, 0x05, 0x05, 0x05, 0x08, 0x08, 0x07, 0x07, 0x08, 0x08,
    0xFF, 0x13, 0xFF, 0xA3, 0xFF, 0xE0, 0xFE, 0xA2, 0xFF, 0x00, 0xFF, 0x00, 0xFF, 0x36, 0xFF, 0x88,
    0xFF, 0x09, 0xFF, 0x0C, 0xFF, 0x00, 0xFF, 0x00, 0xFF, 0x0F, 0xFF, 0x16, 0xFF, 0x1E, 0xFF, 0x21,
    0x0C, 0x02, 0x85, 0x19, 0xAD, 0x22, 0x6C, 0x1A, 0x00, 0x00, 0x00, 0x00, 0x2C, 0x09, 0x6C, 0x15,
    0x09, 0x08, 0x0C, 0x0A, 0x01, 0x08, 0x00, 0x06, 0x0F, 0x0E, 0x16, 0x16, 0x1E, 0x1C, 0x20, 0x1E,
    0xFF, 0xA7, 0xFE, 0xB5, 0xFE, 0xAA, 0xFE, 0x95, 0xFF, 0x9E, 0xFF, 0xAD, 0xFF, 0xC1, 0xFF, 0xE0,
    0xFF, 0x08, 0xFF, 0x1A, 0xFF, 0x21, 0xFF, 0x14, 0xFF, 0x19, 0xFF, 0x0F, 0xFF, 0x07, 0xFF, 0x04,
    0x6F, 0x1D, 0x7F, 0x20, 0x75, 0x1D, 0x5F, 0x18, 0x77, 0x19, 0x7E, 0x1B, 0x8E, 0x1D, 0xAE, 0x22,
    0x08, 0x06, 0x17, 0x08, 0x1C, 0x08, 0x11, 0x05, 0x19, 0x1A, 0x0F, 0x13, 0x08, 0x0C, 0x05, 0x08,
    0xFF, 0xCE, 0xFF, 0xFF, 0xFF, 0xFF, 0xFF, 0x8B, 0xFF, 0xDA, 0xFF, 0x9C, 0xFF, 0x47, 0xFF, 0x01,
    0xFF, 0x00, 0xFF, 0x00, 0xFF, 0x00, 0xFF, 0x06, 0xFF, 0x05, 0xFF, 0x09, 0xFF, 0x0B, 0xFF, 0x0E,
    0x96, 0x20, 0xDB, 0x2A, 0xD7, 0x29, 0x6D, 0x15, 0xAE, 0x21, 0x7C, 0x18, 0x37, 0x0A, 0x01, 0x00,
    0x00, 0x00, 0x00, 0x00, 0x00, 0x01, 0x06, 0x06, 0x05, 0x05, 0x09, 0x06, 0x0B, 0x09, 0x0E, 0x0E,
    0xFF, 0x00, 0xFF, 0x03, 0xFF, 0x01, 0xFF, 0x00, 0xFF, 0x01, 0xFF, 0x01, 0xFF, 0x01, 0xFF, 0x11,
    0xFF, 0x04, 0xFF, 0x03, 0xFF, 0x00, 0xFF, 0x5B, 0xFF, 0x0A, 0xFF, 0x01, 0xFF, 0x0A, 0xFF, 0x8E,
    0x00, 0x00, 0x02, 0x00, 0x01, 0x02, 0x00, 0x00, 0x01, 0x00, 0x01, 0x01, 0x01, 0x01, 0x11, 0x12,
    0x04, 0x04, 0x03, 0x04, 0x00, 0x00, 0x56, 0x62, 0x0A, 0x0A, 0x01, 0x01, 0x0A, 0x0B, 0x85, 0x9C,
    0xFF, 0x2C, 0xFF, 0xA1, 0xFF, 0xB1, 0xFF, 0xAC, 0xFF, 0x9C, 0xFF, 0xA3, 0xFF, 0x92, 0xFF, 0x95,
    0xFF, 0xA2, 0xFF, 0x8C, 0xFF, 0x8E, 0xFF, 0x89, 0xFF, 0x94, 0xFF, 0x88, 0xFF, 0x7B, 0xFF, 0x6E,
    0x2C, 0x2D, 0x9D, 0xA7, 0xAB, 0xBC, 0xA4, 0xB9, 0x96, 0xA5, 0x9A, 0xB2, 0x88, 0xA2, 0x8B, 0xA6,
    0x98, 0xB3, 0x81, 0x9F, 0x83, 0xA0, 0x80, 0x97, 0x8A, 0xA6, 0x7D, 0x9B, 0x72, 0x88, 0x67, 0x75,
    0xFF, 0xA7, 0xFF, 0xAB, 0xFF, 0xA7, 0xFF, 0x55, 0xFF, 0x97, 0xFF, 0x98, 0xFF, 0xA6, 0xFF, 0x97,
    0xFF, 0x89, 0xFF, 0x90, 0xFF, 0x94, 0xFF, 0xA1, 0xFF, 0x6E, 0xFF, 0x7C, 0xFF, 0x8D, 0xFF, 0x96,
    0xA0, 0xB3, 0xA5, 0xB6, 0xA0, 0xA1, 0x3D, 0x1F, 0x8D, 0xA8, 0x8E, 0xA6, 0xA0, 0xB5, 0x8D, 0x8D,
    0x80, 0x98, 0x85, 0xA1, 0x89, 0xA4, 0x9A, 0xB2, 0x68, 0x75, 0x74, 0x89, 0x83, 0x9E, 0x8B, 0xA4,
    0xFF, 0x74, 0xFF, 0xAC, 0xFF, 0xB4, 0xFF, 0xB4, 0xFF, 0x59, 0xFF, 0x57, 0xFF, 0x6F, 0xFF, 0x79,
    0xFF, 0xA2, 0xFF, 0x84, 0xFF, 0x6B, 0xFF, 0x61, 0xFF, 0x9F, 0xFF, 0xAF, 0xFF, 0xBB, 0xFF, 0xC0,
    0x51, 0x25, 0x7C, 0x40, 0x81, 0x40, 0x80, 0x40, 0x42, 0x25, 0x3B, 0x16, 0x4E, 0x24, 0x56, 0x2A,
    0x9B, 0xA5, 0x75, 0x6A, 0x57, 0x41, 0x4C, 0x32, 0x97, 0xAE, 0xAB, 0xBD, 0xB9, 0xC1, 0xBE, 0xBF,
    0xFF, 0xB3, 0xFF, 0xA6, 0xFF, 0x8A, 0xFF, 0x6A, 0xFF, 0x71, 0xFF, 0x5D, 0xFF, 0x4D, 0xFF, 0x56,
    0xFF, 0x63, 0xFF, 0x71, 0xFF, 0x8A, 0xFF, 0xA2, 0xFF, 0xC2, 0xFF, 0xC3, 0xFF, 0xC0, 0xFF, 0xB7,
    0x80, 0x41, 0x78, 0x41, 0x67, 0x3E, 0x4D, 0x2A, 0x50, 0x27, 0x40, 0x1D, 0x34, 0x13, 0x3D, 0x20,
    0x4E, 0x36, 0x5E, 0x4A, 0x7C, 0x73, 0x99, 0xA1, 0xC1, 0xC2, 0xC2, 0xC8, 0xBF, 0xC7, 0xB4, 0xBE,
    0xFF, 0x53, 0xFF, 0x51, 0xFF, 0x5D, 0xFF, 0x5D, 0xFF, 0x73, 0xFF, 0x8E, 0xFF, 0x9A, 0xFF, 0x9D,
    0xFF, 0xAA, 0xFF, 0xA4, 0xFF, 0x9E, 0xFF, 0x9C, 0xFF, 0xAE, 0xFF, 0xA9, 0xFF, 0xA5, 0xFF, 0xA2,
    0x38, 0x15, 0x39, 0x1B, 0x46, 0x30, 0x49, 0x37, 0x5E, 0x52, 0x7E, 0x88, 0x8B, 0x9C, 0x8B, 0x98,
    0xA2, 0xB5, 0x9C, 0xAF, 0x95, 0xA8, 0x8F, 0xA1, 0xAA, 0xB5, 0xA4, 0xB1, 0x9E, 0xAF, 0x99, 0xAA,
    0xFF, 0x43, 0xFF, 0x28, 0xFF, 0x61, 0xFF, 0x92, 0xFF, 0x98, 0xFF, 0x58, 0xFF, 0x17, 0xFF, 0x5F,
    0xFF, 0x9E, 0xFF, 0xA4, 0xFF, 0x40, 0xFF, 0x27, 0xFF, 0x9A, 0xFF, 0xA1, 0xFF, 0x6B, 0xFF, 0x17,
    0x39, 0x2E, 0x27, 0x23, 0x50, 0x3A, 0x7A, 0x58, 0x82, 0x86, 0x4F, 0x50, 0x1A, 0x1A, 0x54, 0x45,
    0x8C, 0x9C, 0x90, 0x9C, 0x3C, 0x3E, 0x27, 0x22, 0x8E, 0xA0, 0x92, 0xA7, 0x64, 0x6D, 0x18, 0x15,
    0xFF, 0x80, 0xFF, 0x74, 0xFF, 0x71, 0xFF, 0x60, 0xFF, 0x74, 0xFF, 0x6A, 0xFF, 0x6D, 0xFF, 0x67,
    0xFF, 0x6B, 0xFF, 0x64, 0xFF, 0x67, 0xFF, 0x69, 0xFF, 0x5A, 0xFF, 0x63, 0xFF, 0x59, 0xFF, 0x5F,
    0x70, 0x5D, 0x68, 0x62, 0x69, 0x64, 0x5A, 0x59, 0x69, 0x5C, 0x61, 0x5F, 0x66, 0x66, 0x62, 0x64,
    0x64, 0x5A, 0x5E, 0x5D, 0x62, 0x66, 0x65, 0x6C, 0x57, 0x50, 0x5F, 0x5E, 0x55, 0x5E, 0x5B, 0x67,
    0xFF, 0x51, 0xFF, 0x23, 0xFF, 0x0D, 0xFF, 0x18, 0xFF, 0x51, 0xFF, 0x3E, 0xFF, 0x27, 0xFF, 0x03,
    0xFF, 0x5B, 0xFF, 0x45, 0xFF, 0x30, 0xFF, 0x02, 0xFF, 0x5B, 0xFF, 0x50, 0xFF, 0x1F, 0xFF, 0x00,
    0x4D, 0x51, 0x23, 0x25, 0x0E, 0x0D, 0x17, 0x1C, 0x4E, 0x55, 0x3B, 0x47, 0x26, 0x2F, 0x03, 0x03,
    0x57, 0x61, 0x42, 0x52, 0x2E, 0x3C, 0x02, 0x03, 0x57, 0x65, 0x4D, 0x61, 0x1E, 0x25, 0x00, 0x00,
    0xFF, 0x00, 0xFF, 0x00, 0xFF, 0x00, 0xFF, 0x00, 0xFF, 0x00, 0xFF, 0x00, 0xFF, 0x00, 0xFF, 0x00,
    0xFF, 0x00, 0xFF, 0x00, 0xFF, 0x00, 0xFF, 0x00, 0xFF, 0x01, 0xFF, 0x01, 0xFF, 0x01, 0xFF, 0x00,
    0x00, 0x00, 0x00, 0x00, 0x00, 0x00, 0x00, 0x00, 0x00, 0x00, 0x00, 0x00, 0x00, 0x00, 0x00, 0x00,
    0x00, 0x00, 0x00, 0x00, 0x00, 0x00, 0x00, 0x00, 0x01, 0x01, 0x01, 0x01, 0x01, 0x01, 0x00, 0x00,
    0xFF, 0x00, 0xFF, 0x00, 0xFF, 0x00, 0xFF, 0x00, 0xFF, 0x00, 0xFF, 0x00, 0xFF, 0x00, 0xFF, 0x00,
    0xFF, 0x00, 0xFF, 0x00, 0xFF, 0x00, 0xFF, 0x00, 0xFF, 0x00, 0xFF, 0x00, 0xFF, 0x00, 0xFF, 0x00,
    0x00, 0x00, 0x00, 0x00, 0x00, 0x00, 0x00, 0x00, 0x00, 0x00, 0x00, 0x00, 0x00, 0x00, 0x00, 0x00,
    0x00, 0x00, 0x00, 0x00, 0x00, 0x00, 0x00, 0x00, 0x00, 0x00, 0x00, 0x00, 0x00, 0x00, 0x00, 0x00,
    0xFF, 0x00, 0xFF, 0x00, 0xFF, 0x00, 0xFF, 0x00, 0xFF, 0x00, 0xFF, 0x00, 0xFF, 0x00, 0xFF, 0x00,
    0xFF, 0x00, 0xFF, 0x00, 0xFE, 0x00, 0xFC, 0x00, 0xFD, 0x00, 0xFB, 0x00, 0xFF, 0x00, 0xFF, 0x00,
    0x00, 0x00, 0x00, 0x00, 0x00, 0x00, 0x00, 0x00, 0x00, 0x00, 0x00, 0x00, 0x00, 0x00, 0x00, 0x00,
    0x00, 0x00, 0x00, 0x00, 0x00, 0x00, 0x00, 0x00, 0x00, 0x00, 0x00, 0x00, 0x00, 0x00, 0x00, 0x00,
    0xFF, 0x00, 0xFF, 0x00, 0xFF, 0x00, 0xFB, 0x00, 0xFF, 0x00, 0xFD, 0x00, 0xFD, 0x00, 0xFF, 0x00,
    0xFD, 0x00, 0xFF, 0x00, 0xFF, 0x00, 0xA7, 0x00, 0xFF, 0x00, 0xC5, 0x00, 0x49, 0x00, 0x00, 0x00,
    0x00, 0x00, 0x00, 0x00, 0x00, 0x00, 0x00, 0x00, 0x00, 0x00, 0x00, 0x00, 0x00, 0x00, 0x00, 0x00,
    0x00, 0x00, 0x00, 0x00, 0x00, 0x00, 0x00, 0x00, 0x00, 0x00, 0x00, 0x00, 0x00, 0x00, 0x00, 0x00,
    0xFF, 0x00, 0xFF, 0x00, 0x89, 0x00, 0x00, 0x00, 0xE9, 0x00, 0x56, 0x00, 0x00, 0x00, 0x02, 0x00,
    0x1D, 0x00, 0x00, 0x00, 0x04, 0x00, 0x00, 0x00, 0x00, 0x00, 0x03, 0x00, 0x00, 0x00, 0x00, 0x00,
    0x00, 0x00, 0x00, 0x00, 0x00, 0x00, 0x00, 0x00, 0x00, 0x00, 0x00, 0x00, 0x00, 0x00, 0x00, 0x00,
    0x00, 0x00, 0x00, 0x00, 0x00, 0x00, 0x00, 0x00, 0x00, 0x00, 0x00, 0x00, 0x00, 0x00, 0x00, 0x00,
    0x00, 0x00, 0x02, 0x00, 0x00, 0x00, 0x00, 0x00, 0x01, 0x00, 0x00, 0x00, 0x00, 0x00, 0x00, 0x00,
    0x00, 0x00, 0x00, 0x00, 0x00, 0x00, 0x00, 0x00, 0x00, 0x00, 0x00, 0x00, 0x00, 0x00, 0x00, 0x00,
    0x00, 0x00, 0x00, 0x00, 0x00, 0x00, 0x00, 0x00, 0x00, 0x00, 0x00, 0x00, 0x00, 0x00, 0x00, 0x00,
    0x00, 0x00, 0x00, 0x00, 0x00, 0x00, 0x00, 0x00, 0x00, 0x00, 0x00, 0x00, 0x00, 0x00, 0x00, 0x00,
    0x00, 0x00, 0x00, 0x00, 0x00, 0x00, 0x00, 0x00, 0x00, 0x00, 0x00, 0x00, 0x00, 0x00, 0x00, 0x00,
    0x00, 0x00, 0x00, 0x00, 0x00, 0x00, 0x00, 0x00, 0x00, 0x00, 0x00, 0x00, 0x00, 0x00, 0x00, 0x00,
    0x00, 0x00, 0x00, 0x00, 0x00, 0x00, 0x00, 0x00, 0x00, 0x00, 0x00, 0x00, 0x00, 0x00, 0x00, 0x00,
    0x00, 0x00, 0x00, 0x00, 0x00, 0x00, 0x00, 0x00, 0x00, 0x00, 0x00, 0x00, 0x00, 0x00, 0x00, 0x00,
    0x00, 0x00, 0x00, 0x00, 0x00, 0x00, 0x00, 0x00, 0x00, 0x00, 0x00, 0x00, 0x00, 0x00, 0x00, 0x00,
    0x00, 0x00, 0x00, 0x00, 0x00, 0x00, 0x00, 0x00, 0x00, 0x00, 0x00, 0x00, 0x00, 0x00, 0x00, 0x00,
    0x00, 0x00, 0x00, 0x00, 0x00, 0x00, 0x00, 0x00, 0x00, 0x00, 0x00, 0x00, 0x00, 0x00, 0x00, 0x00,
    0x00, 0x00, 0x00, 0x00, 0x00, 0x00, 0x00, 0x00, 0x00, 0x00, 0x00, 0x00, 0x00, 0x00, 0x00, 0x00,
    0x00, 0x00, 0x00, 0x00, 0x00, 0x00, 0x00, 0x00, 0x00, 0x00, 0x00, 0x00, 0x00, 0x00, 0x00, 0x00,
    0x00, 0x00, 0x00, 0x00, 0x00, 0x00, 0x00, 0x00, 0x00, 0x00, 0x00, 0x00, 0x00, 0x00, 0x00, 0x00,
    0x00, 0x00, 0x00, 0x00, 0x00, 0x00, 0x00, 0x00, 0x00, 0x00, 0x00, 0x00, 0x00, 0x00, 0x00, 0x00,
    0x00, 0x00, 0x00, 0x00, 0x00, 0x00, 0x00, 0x00, 0x00, 0x00, 0x00, 0x00, 0x00, 0x00, 0x00, 0x00,
    0x00, 0x00, 0x00, 0x00, 0x00, 0x00, 0x00, 0x00, 0x00, 0x00, 0x00, 0x00, 0x00, 0x00, 0x00, 0x00,
    0x00, 0x00, 0x00, 0x00, 0x00, 0x00, 0x00, 0x00, 0x00, 0x00, 0x00, 0x00, 0x00, 0x00, 0x00, 0x00,
    0x00, 0x00, 0x00, 0x00, 0x00, 0x00, 0x00, 0x00, 0x00, 0x00, 0x00, 0x00, 0x00, 0x00, 0x00, 0x00,
    0x00, 0x00, 0x00, 0x00, 0x00, 0x00, 0x00, 0x00, 0x00, 0x00, 0x00, 0x00, 0x00, 0x00, 0x00, 0x00,
    0x00, 0x00, 0x00, 0x00, 0x00, 0x00, 0x00, 0x00, 0x00, 0x00, 0x00, 0x00, 0x00, 0x00, 0x00, 0x00,
    0x00, 0x00, 0x00, 0x00, 0x00, 0x00, 0x00, 0x00, 0x00, 0x00, 0x00, 0x00, 0x00, 0x00, 0x00, 0x00,
    0x00, 0x00, 0x00, 0x00, 0x00, 0x00, 0x00, 0x00, 0x00, 0x00, 0x00, 0x00, 0x00, 0x00, 0x00, 0x00,
    0x00, 0x00, 0x00, 0x00, 0x00, 0x00, 0x00, 0x00, 0x00, 0x00, 0x00, 0x00, 0x00, 0x00, 0x00, 0x00,
    0x00, 0x00, 0x00, 0x00, 0x00, 0x00, 0x00, 0x00, 0x00, 0x00, 0x00, 0x00, 0x00, 0x00, 0x00, 0x00,
    0x00, 0x00, 0x00, 0x00, 0x00, 0x00, 0x00, 0x00, 0x00, 0x00, 0x00, 0x00, 0x00, 0x00, 0x00, 0x00,
    0x00, 0x00, 0x00, 0x00, 0x00, 0x00, 0x00, 0x00, 0x00, 0x00, 0x00, 0x00, 0x00, 0x00, 0x00, 0x00,
    0x00, 0x00, 0x00, 0x00, 0x00, 0x00, 0x00, 0x00, 0x00, 0x00, 0x00, 0x00, 0x00, 0x00, 0x00, 0x00,
    0x00, 0x00, 0x00, 0x00, 0x00, 0x00, 0x00, 0x00, 0x00, 0x00, 0x00, 0x00, 0x00, 0x00, 0x00, 0x00,
    0x00, 0x00, 0x00, 0x00, 0x00, 0x00, 0x00, 0x00, 0x00, 0x00, 0x00, 0x00, 0x00, 0x00, 0x00, 0x00,
    0x00, 0x00, 0x00, 0x00, 0x00, 0x00, 0x00, 0x00, 0x00, 0x00, 0x00, 0x00, 0x00, 0x00, 0x00, 0x00,
    0x00, 0x00, 0x00, 0x00, 0x00, 0x00, 0x00, 0x00, 0x00, 0x00, 0x00, 0x00, 0x00, 0x00, 0x00, 0x00,
    0x00, 0x00, 0x00, 0x00, 0x00, 0x00, 0x01, 0x00, 0x00, 0x00, 0x00, 0x00, 0x00, 0x00, 0x00, 0x00,
    0x00, 0x00, 0x00, 0x00, 0x00, 0x00, 0x00, 0x00, 0x00, 0x00, 0x00, 0x00, 0x00, 0x00, 0x00, 0x00,
    0x00, 0x00, 0x00, 0x00, 0x00, 0x00, 0x00, 0x00, 0x00, 0x00, 0x00, 0x00, 0x00, 0x00, 0x00, 0x00,
    0x00, 0x00, 0x00, 0x00, 0x00, 0x00, 0x00, 0x00, 0x00, 0x00, 0x00, 0x00, 0x00, 0x00, 0x00, 0x00,
    0x02, 0x00, 0x00, 0x00, 0x00, 0x00, 0x4F, 0x00, 0x00, 0x00, 0x03, 0x00, 0x00, 0x00, 0x00, 0x00,
    0x00, 0x00, 0x00, 0x00, 0x00, 0x00, 0x03, 0x00, 0x00, 0x00, 0x00, 0x00, 0x00, 0x00, 0x01, 0x00,
    0x00, 0x00, 0x00, 0x00, 0x00, 0x00, 0x00, 0x00, 0x00, 0x00, 0x00, 0x00, 0x00, 0x00, 0x00, 0x00,
    0x00, 0x00, 0x00, 0x00, 0x00, 0x00, 0x00, 0x00, 0x00, 0x00, 0x00, 0x00, 0x00, 0x00, 0x00, 0x00,
    0xB7, 0x00, 0xFA, 0x00, 0xFF, 0x00, 0xFF, 0x00, 0x00, 0x00, 0x2B, 0x00, 0x79, 0x00, 0xB9, 0x00,
    0x03, 0x00, 0x00, 0x00, 0x00, 0x00, 0x7D, 0x00, 0x04, 0x00, 0x00, 0x00, 0x90, 0x00, 0xFF, 0x00,
    0x00, 0x00, 0x00, 0x00, 0x00, 0x00, 0x00, 0x00, 0x00, 0x00, 0x00, 0x00, 0x00, 0x00, 0x00, 0x00,
    0x00, 0x00, 0x00, 0x00, 0x00, 0x00, 0x00, 0x00, 0x00, 0x00, 0x00, 0x00, 0x00, 0x00, 0x00, 0x00,
    0xFF, 0x00, 0xFF, 0x00, 0xFF, 0x00, 0xFF, 0x00, 0xFB, 0x00, 0xFE, 0x00, 0xFF, 0x00, 0xFF, 0x08,
    0xFC, 0x00, 0xFD, 0x01, 0xFF, 0x0E, 0xFF, 0x1C, 0xFD, 0x01, 0xFF, 0x12, 0xFF, 0x24, 0xFF, 0x26,
    0x00, 0x00, 0x00, 0x00, 0x00, 0x00, 0x00, 0x00, 0x00, 0x00, 0x00, 0x00, 0x00, 0x00, 0x08, 0x08,
    0x00, 0x00, 0x01, 0x01, 0x0E, 0x0E, 0x1C, 0x1C, 0x01, 0x01, 0x12, 0x12, 0x24, 0x24, 0x26, 0x26,
    0xFF, 0x03, 0xFF, 0x06, 0xFF, 0x06, 0xFF, 0x02, 0xFF, 0x11, 0xFF, 0x13, 0xFF, 0x0B, 0xFF, 0x03,
    0xFF, 0x1F, 0xFF, 0x16, 0xFF, 0x09, 0xFF, 0x01, 0xFF, 0x1D, 0xFF, 0x0F, 0xFF, 0x05, 0xFF, 0x01,
    0x03, 0x03, 0x06, 0x06, 0x06, 0x06, 0x02, 0x02, 0x11, 0x11, 0x13, 0x13, 0x0B, 0x0B, 0x03, 0x03,
    0x1F, 0x1F, 0x16, 0x16, 0x09, 0x09, 0x01, 0x01, 0x1D, 0x1D, 0x0F, 0x0F, 0x05, 0x05, 0x01, 0x01,
    0xFF, 0x07, 0xFF, 0x16, 0xFF, 0x10, 0xFF, 0x04, 0xFF, 0x01, 0xFF, 0x10, 0xFF, 0x13, 0xFF, 0x06,
    0xFF, 0x00, 0xFF, 0x08, 0xFF, 0x14, 0xFF, 0x0A, 0xFF, 0x00, 0xFF, 0x02, 0xFF, 0x0F, 0xFF, 0x0F,
    0x07, 0x07, 0x16, 0x16, 0x10, 0x10, 0x04, 0x04, 0x01, 0x01, 0x10, 0x10, 0x13, 0x13, 0x06, 0x06,
    0x00, 0x00, 0x08, 0x08, 0x14, 0x14, 0x0A, 0x0A, 0x00, 0x00, 0x02, 0x02, 0x0F, 0x0F, 0x0F, 0x0F,
    0xFF, 0x04, 0xFF, 0x08, 0xFF, 0x09, 0xFF, 0x0D, 0xFF, 0x03, 0xFF, 0x06, 0xFF, 0x0A, 0xFF, 0x14,
    0xFF, 0x03, 0xFF, 0x04, 0xFF, 0x09, 0xFF, 0x16, 0xFF, 0x04, 0xFF, 0x03, 0xFF, 0x09, 0xFF, 0x12,
    0x04, 0x04, 0x08, 0x08, 0x09, 0x09, 0x0D, 0x0D, 0x03, 0x03, 0x06, 0x06, 0x0A, 0x0A, 0x14, 0x14,
    0x03, 0x03, 0x04, 0x04, 0x09, 0x09, 0x16, 0x16, 0x04, 0x04, 0x03, 0x03, 0x09, 0x09, 0x12, 0x12,
    0xFF, 0x16, 0xFF, 0x19, 0xFF, 0x1C, 0xFF, 0x22, 0xFF, 0x19, 0xFF, 0x11, 0xFF, 0x0D, 0xFF, 0x02,
    0xFF, 0x15, 0xFF, 0x07, 0xFF, 0x02, 0xFF, 0x2C, 0xFF, 0x0C, 0xFF, 0x03, 0xFF, 0x67, 0xFF, 0xA6,
    0x16, 0x16, 0x19, 0x19, 0x1C, 0x1C, 0x21, 0x22, 0x19, 0x19, 0x11, 0x11, 0x0D, 0x0D, 0x02, 0x01,
    0x15, 0x15, 0x07, 0x07, 0x02, 0x02, 0x2A, 0x30, 0x0C, 0x0C, 0x03, 0x03, 0x63, 0x6F, 0x9D, 0xB4,
    0xFF, 0x25, 0xFF, 0x25, 0xFF, 0x20, 0xFF, 0x1A, 0xFF, 0x01, 0xFF, 0x0A, 0xFF, 0x18, 0xFF, 0x21,
    0xFF, 0x41, 0xFF, 0x2E, 0xFF, 0x0B, 0xFF, 0x01, 0xFF, 0xA6, 0xFF, 0xA4, 0xFF, 0x92, 0xFF, 0x51,
    0x25, 0x25, 0x25, 0x25, 0x20, 0x1F, 0x19, 0x19, 0x02, 0x00, 0x0A, 0x09, 0x18, 0x17, 0x20, 0x21,
    0x3E, 0x47, 0x2C, 0x32, 0x0B, 0x0B, 0x02, 0x00, 0x9D, 0xB4, 0x9B, 0xB3, 0x8A, 0xA0, 0x4C, 0x58,
    0xFF, 0x12, 0xFF, 0x0D, 0xFF, 0x0F, 0xFF, 0x10, 0xFF, 0x1F, 0xFF, 0x1A, 0xFF, 0x16, 0xFF, 0x12,
    0xFF, 0x12, 0xFF, 0x1A, 0xFF, 0x16, 0xFF, 0x15, 0xFF, 0x0C, 0xFF, 0x00, 0xFF, 0x00, 0xFF, 0x00,
    0x12, 0x12, 0x0D, 0x0D, 0x0F, 0x0F, 0x10, 0x10, 0x1F, 0x1F, 0x1A, 0x1A, 0x16, 0x16, 0x12, 0x12,
    0x12, 0x12, 0x1A, 0x1A, 0x16, 0x17, 0x15, 0x15, 0x0B, 0x0D, 0x00, 0x00, 0x00, 0x00, 0x00, 0x00,
    0xFF, 0x0D, 0xFF, 0x00, 0xFF, 0x3F, 0xFF, 0xBC, 0xFF, 0x0F, 0xFF, 0x00, 0xFF, 0x94, 0xFF, 0xE1,
    0xFF, 0x01, 0xFF, 0x2E, 0xFF, 0xD9, 0xFF, 0xDA, 0xFF, 0x10, 0xFF, 0xA6, 0xFF, 0xD6, 0xFF, 0xD1,
    0x0D, 0x0D, 0x00, 0x00, 0x3D, 0x42, 0xB6, 0xC6, 0x0F, 0x0F, 0x00, 0x00, 0x93, 0x96, 0xE0, 0xE2,
    0x01, 0x00, 0x2E, 0x2E, 0xD9, 0xD9, 0xDA, 0xDA, 0x0F, 0x10, 0xA5, 0xA7, 0xD6, 0xD6, 0xD1, 0xD1,
    0xFF, 0x9E, 0xFF, 0x8F, 0xFF, 0x8B, 0xFF, 0x8C, 0xFF, 0xD5, 0xFF, 0xD8, 0xFF, 0xD7, 0xFF, 0xD6,
    0xFF, 0xDB, 0xFF, 0xDA, 0xFF, 0xD9, 0xFF, 0xD8, 0xFF, 0xD5, 0xFF, 0xD4, 0xFF, 0xD4, 0xFF, 0xD4,
    0x99, 0xA4, 0x8B, 0x92, 0x87, 0x8F, 0x88, 0x90, 0xD4, 0xD6, 0xD7, 0xDA, 0xD5, 0xDA, 0xD4, 0xD9,
    0xDB, 0xDB, 0xDA, 0xDA, 0xD9, 0xD9, 0xD8, 0xD9, 0xD5, 0xD5, 0xD4, 0xD4, 0xD4, 0xD4, 0xD4, 0xD4,
    0xFF, 0x8C, 0xFF, 0x8C, 0xFF, 0x8F, 0xFF, 0xA1, 0xFF, 0xD6, 0xFF, 0xD7, 0xFF, 0xD8, 0xFF, 0xD6,
    0xFF, 0xD8, 0xFF, 0xD9, 0xFF, 0xDA, 0xFF, 0xDB, 0xFF, 0xD4, 0xFF, 0xD4, 0xFF, 0xD4, 0xFF, 0xD5,
    0x88, 0x90, 0x88, 0x8F, 0x8C, 0x93, 0x9C, 0xA7, 0xD4, 0xD9, 0xD5, 0xDA, 0xD6, 0xDA, 0xD5, 0xD8,
    0xD8, 0xD9, 0xD9, 0xD9, 0xDA, 0xDA, 0xDB, 0xDB, 0xD4, 0xD4, 0xD4, 0xD4, 0xD4, 0xD4, 0xD5, 0xD5,
    0xFF, 0xB1, 0xFF, 0xAE, 0xFF, 0xB3, 0xFF, 0xBE, 0xFF, 0xD3, 0xFF, 0xCE, 0xFF, 0xC5, 0xFF, 0xC0,
    0xFF, 0xDA, 0xFF, 0xD6, 0xFF, 0xCF, 0xFF, 0xC6, 0xFF, 0xD3, 0xFF, 0xCE, 0xFF, 0xCB, 0xFF, 0xC8,
    0xAC, 0xBB, 0xA8, 0xB6, 0xAF, 0xB9, 0xBD, 0xC1, 0xD2, 0xD5, 0xCC, 0xD0, 0xC3, 0xC7, 0xBF, 0xC1,
    0xDA, 0xD9, 0xD6, 0xD6, 0xCE, 0xCD, 0xC5, 0xC4, 0xD3, 0xD3, 0xCE, 0xCE, 0xCA, 0xCA, 0xC7, 0xC7,
    0xFF, 0xC3, 0xFF, 0xC1, 0xFF, 0xBE, 0xFF, 0xBB, 0xFF, 0xC3, 0xFF, 0xC4, 0xFF, 0xC4, 0xFF, 0xC2,
    0xFF, 0xC5, 0xFF, 0xC6, 0xFF, 0xC6, 0xFF, 0xC5, 0xFF, 0xC5, 0xFF, 0xC4, 0xFF, 0xC4, 0xFF, 0xC3,
    0xC3, 0xC4, 0xC1, 0xC2, 0xBD, 0xBF, 0xB8, 0xBB, 0xC3, 0xC3, 0xC3, 0xC2, 0xC0, 0xBD, 0xBC, 0xB9,
    0xC3, 0xC0, 0xC3, 0xBF, 0xC2, 0xBF, 0xC2, 0xBF, 0xC5, 0xC4, 0xC4, 0xC3, 0xC4, 0xC3, 0xC3, 0xC2,
    0xFF, 0xB6, 0xFF, 0xB0, 0xFF, 0xAB, 0xFF, 0xA5, 0xFF, 0xBE, 0xFF, 0xB7, 0xFF, 0xB1, 0xFF, 0xAA,
    0xFF, 0xC1, 0xFF, 0xBC, 0xFF, 0xB8, 0xFF, 0xAE, 0xFF, 0xCE, 0xFF, 0xCD, 0xFF, 0xBF, 0xFF, 0xB3,
    0xB1, 0xB7, 0xAC, 0xB7, 0xA5, 0xB4, 0x9E, 0xAF, 0xB8, 0xB7, 0xB4, 0xBB, 0xAD, 0xB8, 0xA4, 0xB3,
    0xBE, 0xBC, 0xBA, 0xBD, 0xB5, 0xBC, 0xAA, 0xB6, 0xCD, 0xCD, 0xCD, 0xCE, 0xBD, 0xC1, 0xAF, 0xB9,
    0xFF, 0x9D, 0xFF, 0x9D, 0xFF, 0x7B, 0xFF, 0x19, 0xFF, 0xA0, 0xFF, 0x9A, 0xFF, 0x88, 0xFF, 0x22,
    0xFF, 0xA4, 0xFF, 0x98, 0xFF, 0x95, 0xFF, 0x3A, 0xFF, 0xA8, 0xFF, 0x9A, 0xFF, 0x9A, 0xFF, 0x67,
    0x95, 0xA7, 0x91, 0xAA, 0x73, 0x84, 0x1A, 0x17, 0x99, 0xAC, 0x90, 0xA9, 0x7F, 0x94, 0x22, 0x21,
    0x9D, 0xAF, 0x8F, 0xA7, 0x8B, 0xA6, 0x38, 0x3B, 0xA2, 0xB2, 0x92, 0xA8, 0x8F, 0xAC, 0x62, 0x70,
    0xFF, 0x49, 0xFF, 0x62, 0xFF, 0x4F, 0xFF, 0x54, 0xFF, 0x38, 0xFF, 0x5E, 0xFF, 0x4E, 0xFF, 0x4C,
    0xFF, 0x21, 0xFF, 0x53, 0xFF, 0x4C, 0xFF, 0x44, 0xFF, 0x15, 0xFF, 0x39, 0xFF, 0x4C, 0xFF, 0x3B,
    0x48, 0x43, 0x60, 0x5F, 0x4C, 0x57, 0x50, 0x61, 0x37, 0x35, 0x5C, 0x5E, 0x4B, 0x55, 0x48, 0x5A,
    0x21, 0x1F, 0x52, 0x57, 0x4A, 0x53, 0x41, 0x51, 0x16, 0x12, 0x38, 0x3B, 0x49, 0x54, 0x38, 0x49,
    0xFF, 0x55, 0xFF, 0x4A, 0xFF, 0x08, 0xFF, 0x00, 0xFF, 0x50, 0xFF, 0x2C, 0xFF, 0x00, 0xFF, 0x01,
    0xFF, 0x42, 0xFF, 0x0B, 0xFF, 0x00, 0xFF, 0x01, 0xFF, 0x23, 0xFF, 0x00, 0xFF, 0x01, 0xFF, 0x00,
    0x51, 0x65, 0x46, 0x59, 0x07, 0x09, 0x00, 0x00, 0x4C, 0x62, 0x2A, 0x36, 0x00, 0x00, 0x01, 0x01,
    0x3E, 0x51, 0x0B, 0x0E, 0x00, 0x00, 0x00, 0x01, 0x21, 0x2C, 0x00, 0x00, 0x01, 0x01, 0x00, 0x00,
    0xFF, 0x04, 0xFF, 0x07, 0xFF, 0x06, 0xFF, 0x03, 0xFF, 0x04, 0xFF, 0x0D, 0xFF, 0x13, 0xFF, 0x11,
    0xFF, 0x01, 0xFF, 0x09, 0xFF, 0x16, 0xFF, 0x1F, 0xFF, 0x00, 0xFF, 0x05, 0xFF, 0x0F, 0xFF, 0x1D,
    0x04, 0x04, 0x07, 0x07, 0x06, 0x06, 0x03, 0x03, 0x04, 0x04, 0x0D, 0x0D, 0x13, 0x13, 0x11, 0x11,
    0x01, 0x01, 0x09, 0x09, 0x16, 0x16, 0x1F, 0x1F, 0x00, 0x00, 0x05, 0x05, 0x0F, 0x0F, 0x1D, 0x1D,
    0xFF, 0x00, 0xFF, 0x00, 0xFF, 0x00, 0xFF, 0x00, 0xFF, 0x08, 0xFF, 0x00, 0xFE, 0x00, 0xFB, 0x00,
    0xFF, 0x1C, 0xFF, 0x0E, 0xFD, 0x01, 0xFC, 0x00, 0xFF, 0x26, 0xFF, 0x24, 0xFF, 0x12, 0xFD, 0x01,
    0x00, 0x00, 0x00, 0x00, 0x00, 0x00, 0x00, 0x00, 0x08, 0x08, 0x00, 0x00, 0x00, 0x00, 0x00, 0x00,
    0x1C, 0x1C, 0x0E, 0x0E, 0x01, 0x01, 0x00, 0x00, 0x26, 0x26, 0x24, 0x24, 0x12, 0x12, 0x01, 0x01,
    0xFF, 0x00, 0xFF, 0x00, 0xFA, 0x00, 0xB7, 0x00, 0xB9, 0x00, 0x79, 0x00, 0x2B, 0x00, 0x00, 0x00,
    0x7D, 0x00, 0x00, 0x00, 0x00, 0x00, 0x03, 0x00, 0xFF, 0x00, 0x90, 0x00, 0x00, 0x00, 0x04, 0x00,
    0x00, 0x00, 0x00, 0x00, 0x00, 0x00, 0x00, 0x00, 0x00, 0x00, 0x00, 0x00, 0x00, 0x00, 0x00, 0x00,
    0x00, 0x00, 0x00, 0x00, 0x00, 0x00, 0x00, 0x00, 0x00, 0x00, 0x00, 0x00, 0x00, 0x00, 0x00, 0x00,
    0x4F, 0x00, 0x00, 0x00, 0x00, 0x00, 0x02, 0x00, 0x00, 0x00, 0x00, 0x00, 0x03, 0x00, 0x00, 0x00,
    0x03, 0x00, 0x00, 0x00, 0x00, 0x00, 0x00, 0x00, 0x01, 0x00, 0x00, 0x00, 0x00, 0x00, 0x00, 0x00,
    0x00, 0x00, 0x00, 0x00, 0x00, 0x00, 0x00, 0x00, 0x00, 0x00, 0x00, 0x00, 0x00, 0x00, 0x00, 0x00,
    0x00, 0x00, 0x00, 0x00, 0x00, 0x00, 0x00, 0x00, 0x00, 0x00, 0x00, 0x00, 0x00, 0x00, 0x00, 0x00,
    0x01, 0x00, 0x00, 0x00, 0x00, 0x00, 0x00, 0x00, 0x00, 0x00, 0x00, 0x00, 0x00, 0x00, 0x00, 0x00,
    0x00, 0x00, 0x00, 0x00, 0x00, 0x00, 0x00, 0x00, 0x00, 0x00, 0x00, 0x00, 0x00, 0x00, 0x00, 0x00,
    0x00, 0x00, 0x00, 0x00, 0x00, 0x00, 0x00, 0x00, 0x00, 0x00, 0x00, 0x00, 0x00, 0x00, 0x00, 0x00,
    0x00, 0x00, 0x00, 0x00, 0x00, 0x00, 0x00, 0x00, 0x00, 0x00, 0x00, 0x00, 0x00, 0x00, 0x00, 0x00,
    0x00, 0x00, 0x00, 0x00, 0x00, 0x00, 0x00, 0x00, 0x00, 0x00, 0x00, 0x00, 0x00, 0x00, 0x00, 0x00,
    0x00, 0x00, 0x00, 0x00, 0x00, 0x00, 0x00, 0x00, 0x00, 0x00, 0x00, 0x00, 0x00, 0x00, 0x00, 0x00,
    0x00, 0x00, 0x00, 0x00, 0x00, 0x00, 0x00, 0x00, 0x00, 0x00, 0x00, 0x00, 0x00, 0x00, 0x00, 0x00,
    0x00, 0x00, 0x00, 0x00, 0x00, 0x00, 0x00, 0x00, 0x00, 0x00, 0x00, 0x00, 0x00, 0x00, 0x00, 0x00,
    0x00, 0x00, 0x00, 0x00, 0x00, 0x00, 0x00, 0x00, 0x00, 0x00, 0x00, 0x00, 0x00, 0x00, 0x00, 0x00,
    0x00, 0x00, 0x00, 0x00, 0x00, 0x00, 0x00, 0x00, 0x00, 0x00, 0x00, 0x00, 0x00, 0x00, 0x00, 0x00,
    0x00, 0x00, 0x00, 0x00, 0x00, 0x00, 0x00, 0x00, 0x00, 0x00, 0x00, 0x00, 0x00, 0x00, 0x00, 0x00,
    0x00, 0x00, 0x00, 0x00, 0x00, 0x00, 0x00, 0x00, 0x00, 0x00, 0x00, 0x00, 0x00, 0x00, 0x00, 0x00,
    0x00, 0x00, 0x00, 0x00, 0x00, 0x00, 0x00, 0x00, 0x00, 0x00, 0x00, 0x00, 0x00, 0x00, 0x00, 0x00,
    0x00, 0x00, 0x00, 0x00, 0x00, 0x00, 0x00, 0x00, 0x00, 0x00, 0x00, 0x00, 0x00, 0x00, 0x00, 0x00,
    0x00, 0x00, 0x00, 0x00, 0x00, 0x00, 0x00, 0x00, 0x00, 0x00, 0x00, 0x00, 0x00, 0x00, 0x00, 0x00,
    0x00, 0x00, 0x00, 0x00, 0x00, 0x00, 0x00, 0x00, 0x00, 0x00, 0x00, 0x00, 0x00, 0x00, 0x00, 0x00,
    0x00, 0x00, 0x00, 0x00, 0x00, 0x00, 0x00, 0x00, 0x00, 0x00, 0x00, 0x00, 0x00, 0x00, 0x00, 0x00,
    0x00, 0x00, 0x00, 0x00, 0x00, 0x00, 0x00, 0x00, 0x00, 0x00, 0x00, 0x00, 0x00, 0x00, 0x00, 0x00,
    0x00, 0x00, 0x00, 0x00, 0x00, 0x00, 0x00, 0x00, 0x00, 0x00, 0x00, 0x00, 0x00, 0x00, 0x00, 0x00,
    0x00, 0x00, 0x00, 0x00, 0x00, 0x00, 0x00, 0x00, 0x00, 0x00, 0x00, 0x00, 0x00, 0x00, 0x00, 0x00,
    0x00, 0x00, 0x00, 0x00, 0x00, 0x00, 0x00, 0x00, 0x00, 0x00, 0x00, 0x00, 0x00, 0x00, 0x00, 0x00,
    0x00, 0x00, 0x00, 0x00, 0x00, 0x00, 0x00, 0x00, 0x00, 0x00, 0x00, 0x00, 0x00, 0x00, 0x00, 0x00,
    0x00, 0x00, 0x00, 0x00, 0x00, 0x00, 0x00, 0x00, 0x00, 0x00, 0x00, 0x00, 0x00, 0x00, 0x00, 0x00,
    0x00, 0x00, 0x00, 0x00, 0x00, 0x00, 0x00, 0x00, 0x00, 0x00, 0x00, 0x00, 0x00, 0x00, 0x00, 0x00,
    0x00, 0x00, 0x00, 0x00, 0x00, 0x00, 0x00, 0x00, 0x00, 0x00, 0x00, 0x00, 0x00, 0x00, 0x00, 0x00,
    0x00, 0x00, 0x00, 0x00, 0x00, 0x00, 0x00, 0x00, 0x00, 0x00, 0x00, 0x00, 0x00, 0x00, 0x00, 0x00,
    0x00, 0x00, 0x00, 0x00, 0x00, 0x00, 0x00, 0x00, 0x00, 0x00, 0x00, 0x00, 0x00, 0x00, 0x00, 0x00,
    0x00, 0x00, 0x00, 0x00, 0x00, 0x00, 0x00, 0x00, 0x00, 0x00, 0x00, 0x00, 0x00, 0x00, 0x00, 0x00,
    0x00, 0x00, 0x00, 0x00, 0x00, 0x00, 0x00, 0x00, 0x00, 0x00, 0x00, 0x00, 0x00, 0x00, 0x00, 0x00,
    0x00, 0x00, 0x00, 0x00, 0x00, 0x00, 0x00, 0x00, 0x00, 0x00, 0x00, 0x00, 0x00, 0x00, 0x00, 0x00,
    0x00, 0x00, 0x00, 0x00, 0x00, 0x00, 0x00, 0x00, 0x00, 0x00, 0x00, 0x00, 0x00, 0x00, 0x00, 0x00,
    0x00, 0x00, 0x00, 0x00, 0x00, 0x00, 0x00, 0x00, 0x00, 0x00, 0x00, 0x00, 0x00, 0x00, 0x00, 0x00,
    0x00, 0x00, 0x00, 0x00, 0x00, 0x00, 0x00, 0x00, 0x00, 0x00, 0x00, 0x00, 0x00, 0x00, 0x00, 0x00,
    0x00, 0x00, 0x00, 0x00, 0x00, 0x00, 0x00, 0x00, 0x00, 0x00, 0x00, 0x00, 0x00, 0x00, 0x00, 0x00,
    0x00, 0x00, 0x00, 0x00, 0x00, 0x00, 0x00, 0x00, 0x00, 0x00, 0x00, 0x00, 0x00, 0x00, 0x00, 0x00,
    0x00, 0x00, 0x00, 0x00, 0x00, 0x00, 0x00, 0x00, 0x00, 0x00, 0x00, 0x00, 0x00, 0x00, 0x00, 0x00,
    0x00, 0x00, 0x00, 0x00, 0x00, 0x00, 0x00, 0x00, 0x00, 0x00, 0x00, 0x00, 0x00, 0x00, 0x00, 0x00,
    0x00, 0x00, 0x00, 0x00, 0x00, 0x00, 0x01, 0x00, 0x00, 0x00, 0x00, 0x00, 0x03, 0x00, 0x00, 0x00,
    0x00, 0x00, 0x00, 0x00, 0x00, 0x00, 0x00, 0x00, 0x00, 0x00, 0x00, 0x00, 0x00, 0x00, 0x00, 0x00,
    0x00, 0x00, 0x00, 0x00, 0x00, 0x00, 0x00, 0x00, 0x00, 0x00, 0x00, 0x00, 0x00, 0x00, 0x00, 0x00,
    0x00, 0x00, 0x00, 0x00, 0x01, 0x00, 0x04, 0x00, 0x00, 0x00, 0x03, 0x00, 0x01, 0x00, 0x00, 0x00,
    0x04, 0x00, 0x00, 0x00, 0x03, 0x00, 0x98, 0x00, 0x00, 0x00, 0x2D, 0x00, 0xC2, 0x00, 0xFF, 0x01,
    0x00, 0x00, 0x00, 0x00, 0x00, 0x00, 0x00, 0x00, 0x00, 0x00, 0x00, 0x00, 0x00, 0x00, 0x00, 0x00,
    0x00, 0x00, 0x00, 0x00, 0x00, 0x00, 0x00, 0x00, 0x00, 0x00, 0x00, 0x00, 0x00, 0x00, 0x01, 0x01,
    0x00, 0x00, 0x87, 0x00, 0xFF, 0x00, 0xFB, 0x01, 0x88, 0x00, 0xFF, 0x00, 0xFB, 0x02, 0xFF, 0x16,
    0xFF, 0x00, 0xFB, 0x05, 0xFF, 0x1B, 0xFF, 0x34, 0xFB, 0x09, 0xFF, 0x1E, 0xFF, 0x33, 0xFF, 0x3C,
    0x00, 0x00, 0x00, 0x00, 0x00, 0x00, 0x01, 0x01, 0x00, 0x00, 0x00, 0x00, 0x02, 0x02, 0x16, 0x16,
    0x00, 0x00, 0x05, 0x05, 0x1B, 0x1B, 0x34, 0x34, 0x09, 0x09, 0x1E, 0x1E, 0x33, 0x33, 0x3C, 0x3C,
    0xFF, 0x14, 0xFF, 0x2A, 0xFF, 0x2D, 0xFF, 0x25, 0xFF, 0x30, 0xFF, 0x36, 0xFF, 0x2E, 0xFF, 0x20,
    0xFF, 0x3C, 0xFF, 0x35, 0xFF, 0x29, 0xFF, 0x19, 0xFF, 0x39, 0xFF, 0x2E, 0xFF, 0x1F, 0xFF, 0x10,
    0x14, 0x14, 0x2A, 0x2A, 0x2D, 0x2D, 0x25, 0x25, 0x30, 0x30, 0x36, 0x36, 0x2E, 0x2E, 0x20, 0x20,
    0x3C, 0x3C, 0x35, 0x35, 0x29, 0x29, 0x19, 0x19, 0x39, 0x39, 0x2E, 0x2E, 0x1F, 0x1F, 0x10, 0x10,
    0xFF, 0x17, 0xFF, 0x0A, 0xFF, 0x03, 0xFF, 0x00, 0xFF, 0x11, 0xFF, 0x06, 0xFF, 0x01, 0xFF, 0x00,
    0xFF, 0x0B, 0xFF, 0x04, 0xFF, 0x00, 0xFF, 0x00, 0xFF, 0x07, 0xFF, 0x02, 0xFF, 0x00, 0xFF, 0x00,
    0x17, 0x17, 0x0A, 0x0A, 0x03, 0x03, 0x00, 0x00, 0x11, 0x11, 0x06, 0x06, 0x01, 0x01, 0x00, 0x00,
    0x0B, 0x0B, 0x04, 0x04, 0x00, 0x00, 0x00, 0x00, 0x07, 0x07, 0x02, 0x02, 0x00, 0x00, 0x00, 0x00,
    0xFF, 0x00, 0xFF, 0x00, 0xFF, 0x08, 0xFF, 0x10, 0xFF, 0x00, 0xFF, 0x00, 0xFF, 0x02, 0xFF, 0x0C,
    0xFF, 0x00, 0xFF, 0x00, 0xFF, 0x00, 0xFF, 0x06, 0xFF, 0x00, 0xFF, 0x00, 0xFF, 0x00, 0xFC, 0x01,
    0x00, 0x00, 0x00, 0x00, 0x08, 0x08, 0x10, 0x10, 0x00, 0x00, 0x00, 0x00, 0x02, 0x02, 0x0C, 0x0C,
    0x00, 0x00, 0x00, 0x00, 0x00, 0x00, 0x06, 0x06, 0x00, 0x00, 0x00, 0x00, 0x00, 0x00, 0x01, 0x01,
    0xFF, 0x08, 0xFF, 0x03, 0xFF, 0x06, 0xFF, 0x0B, 0xFF, 0x0C, 0xFF, 0x03, 0xFF, 0x03, 0xFF, 0x03,
    0xFF, 0x0B, 0xFF, 0x05, 0xFF, 0x04, 0xFF, 0x00, 0xFE, 0x06, 0xFF, 0x06, 0xFF, 0x00, 0xFF, 0x17,
    0x08, 0x08, 0x03, 0x03, 0x06, 0x06, 0x0B, 0x0B, 0x0C, 0x0C, 0x03, 0x03, 0x03, 0x03, 0x03, 0x04,
    0x0B, 0x0B, 0x05, 0x05, 0x04, 0x04, 0x00, 0x00, 0x06, 0x06, 0x06, 0x06, 0x00, 0x00, 0x17, 0x19,
    0xFF, 0x00, 0xFF, 0x4A, 0xFF, 0xBA, 0xFF, 0xA6, 0xFF, 0x09, 0xFF, 0x82, 0xFF, 0x57, 0xFF, 0x58,
    0xFF, 0x45, 0xFF, 0x44, 0xFF, 0x0F, 0xFF, 0x18, 0xFF, 0xA0, 0xFE, 0x22, 0xFF, 0x16, 0xFF, 0x36,
    0x00, 0x00, 0x48, 0x4F, 0xB2, 0xC9, 0x9E, 0xB3, 0x09, 0x0A, 0x7D, 0x8B, 0x53, 0x5E, 0x54, 0x5E,
    0x41, 0x4B, 0x40, 0x4A, 0x11, 0x0E, 0x18, 0x17, 0x98, 0xAE, 0x20, 0x25, 0x16, 0x16, 0x36, 0x37,
    0xFF, 0xA0, 0xFF, 0x99, 0xFF, 0x41, 0xFF, 0x69, 0xFF, 0xA2, 0xFF, 0x9B, 0xFF, 0x00, 0xFF, 0x00,
    0xFF, 0x45, 0xFF, 0xBC, 0xFF, 0x59, 0xFF, 0x00, 0xFF, 0x1B, 0xFF, 0xA4, 0xFF, 0xC4, 0xFF, 0x62,
    0x99, 0xAD, 0x91, 0xA5, 0x3E, 0x47, 0x63, 0x72, 0x9B, 0xAD, 0x94, 0xA5, 0x00, 0x00, 0x00, 0x00,
    0x43, 0x48, 0xB7, 0xC5, 0x57, 0x5D, 0x00, 0x00, 0x1B, 0x1B, 0xA1, 0xA7, 0xC1, 0xC8, 0x61, 0x63,
    0xFF, 0x95, 0xFF, 0x58, 0xFF, 0x41, 0xFF, 0x56, 0xFF, 0x89, 0xFF, 0xC3, 0xFF, 0xBB, 0xFF, 0xCA,
    0xFF, 0x1E, 0xFF, 0xBC, 0xFF, 0xCA, 0xFF, 0xBD, 0xFF, 0x00, 0xFF, 0x28, 0xFF, 0xAA, 0xFF, 0xD2,
    0x8D, 0xA3, 0x53, 0x61, 0x3E, 0x46, 0x53, 0x5A, 0x85, 0x90, 0xBD, 0xCB, 0xB7, 0xC1, 0xC9, 0xCD,
    0x1E, 0x1E, 0xBB, 0xBD, 0xCA, 0xCB, 0xBD, 0xBD, 0x00, 0x00, 0x28, 0x28, 0xA9, 0xAA, 0xD2, 0xD2,
    0xFF, 0xA8, 0xFF, 0xCE, 0xFF, 0xC6, 0xFF, 0xCC, 0xFF, 0xCA, 0xFF, 0xC4, 0xFF, 0xC7, 0xFF, 0xC7,
    0xFF, 0xC0, 0xFF, 0xC4, 0xFF, 0xC5, 0xFF, 0xC5, 0xFF, 0xD0, 0xFF, 0xC7, 0xFF, 0xC2, 0xFF, 0xC1,
    0xA6, 0xAA, 0xCE, 0xCE, 0xC6, 0xC5, 0xCC, 0xCC, 0xCA, 0xCA, 0xC4, 0xC4, 0xC7, 0xC7, 0xC7, 0xC7,
    0xC0, 0xC0, 0xC4, 0xC4, 0xC5, 0xC5, 0xC5, 0xC5, 0xD1, 0xD0, 0xC7, 0xC7, 0xC2, 0xC2, 0xC1, 0xC1,
    0xFF, 0xCD, 0xFF, 0xCE, 0xFF, 0xCE, 0xFF, 0xCE, 0xFF, 0xC8, 0xFF, 0xC8, 0xFF, 0xC9, 0xFF, 0xC9,
    0xFF, 0xC5, 0xFF, 0xC5, 0xFF, 0xC4, 0xFF, 0xC4, 0xFF, 0xC2, 0xFF, 0xC3, 0xFF, 0xC4, 0xFF, 0xC4,
    0xCD, 0xCD, 0xCE, 0xCE, 0xCE, 0xCE, 0xCE, 0xCE, 0xC8, 0xC8, 0xC8, 0xC8, 0xC9, 0xC9, 0xC9, 0xC9,
    0xC5, 0xC5, 0xC5, 0xC5, 0xC4, 0xC4, 0xC4, 0xC4, 0xC2, 0xC2, 0xC3, 0xC3, 0xC4, 0xC4, 0xC4, 0xC4,
    0xFF, 0xCE, 0xFF, 0xCE, 0xFF, 0xCE, 0xFF, 0xCD, 0xFF, 0xC9, 0xFF, 0xC9, 0xFF, 0xC8, 0xFF, 0xC8,
    0xFF, 0xC4, 0xFF, 0xC4, 0xFF, 0xC5, 0xFF, 0xC5, 0xFF, 0xC4, 0xFF, 0xC4, 0xFF, 0xC3, 0xFF, 0xC2,
    0xCE, 0xCE, 0xCE, 0xCE, 0xCE, 0xCE, 0xCD, 0xCD, 0xC9, 0xC9, 0xC9, 0xC9, 0xC8, 0xC8, 0xC8, 0xC8,
    0xC4, 0xC4, 0xC4, 0xC4, 0xC5, 0xC5, 0xC5, 0xC5, 0xC4, 0xC4, 0xC4, 0xC4, 0xC3, 0xC3, 0xC2, 0xC2,
    0xFF, 0xCB, 0xFF, 0xC8, 0xFF, 0xC6, 0xFF, 0xC6, 0xFF, 0xC7, 0xFF, 0xC7, 0xFF, 0xC6, 0xFF, 0xC6,
    0xFF, 0xC5, 0xFF, 0xC5, 0xFF, 0xC4, 0xFF, 0xC2, 0xFF, 0xC1, 0xFF, 0xC2, 0xFF, 0xC7, 0xFF, 0xD0,
    0xCB, 0xCB, 0xC8, 0xC8, 0xC6, 0xC6, 0xC6, 0xC6, 0xC7, 0xC7, 0xC7, 0xC7, 0xC6, 0xC6, 0xC6, 0xC6,
    0xC5, 0xC5, 0xC5, 0xC5, 0xC4, 0xC4, 0xC2, 0xC2, 0xC1, 0xC1, 0xC2, 0xC2, 0xC7, 0xC7, 0xD0, 0xD0,
    0xFF, 0xC5, 0xFF, 0xC4, 0xFF, 0xC1, 0xFF, 0xCE, 0xFF, 0xC5, 0xFF, 0xC0, 0xFF, 0xCE, 0xFF, 0x98,
    0xFF, 0xC0, 0xFF, 0xCE, 0xFF, 0xC1, 0xFF, 0x1F, 0xFF, 0xD3, 0xFF, 0xAB, 0xFF, 0x2C, 0xFF, 0x00,
    0xC5, 0xC5, 0xC4, 0xC4, 0xC2, 0xC2, 0xCE, 0xCE, 0xC5, 0xC5, 0xC0, 0xC0, 0xCE, 0xCE, 0x98, 0x98,
    0xC0, 0xC0, 0xCE, 0xCE, 0xC1, 0xC1, 0x1F, 0x1F, 0xD3, 0xD3, 0xAB, 0xAB, 0x2C, 0x2C, 0x00, 0x00,
    0xFF, 0x76, 0xFF, 0x4C, 0xFF, 0xBC, 0xFF, 0xBA, 0xFF, 0x00, 0xFF, 0x00, 0xFF, 0xB4, 0xFF, 0xC0,
    0xFF, 0x00, 0xFF, 0x66, 0xFF, 0xCD, 0xFF, 0xBD, 0xFF, 0x67, 0xFF, 0xCB, 0xFF, 0xC4, 0xFF, 0xC0,
    0x76, 0x76, 0x4C, 0x4D, 0xBB, 0xBD, 0xB7, 0xBE, 0x00, 0x00, 0x00, 0x00, 0xB3, 0xB5, 0xBF, 0xC3,
    0x00, 0x00, 0x66, 0x66, 0xCD, 0xCD, 0xBC, 0xBF, 0x67, 0x67, 0xCB, 0xCB, 0xC3, 0xC4, 0xC0, 0xC2,
    0xFF, 0xAD, 0xFF, 0xA0, 0xFF, 0x96, 0xFF, 0x94, 0xFF, 0xB2, 0xFF, 0xA7, 0xFF, 0x99, 0xFF, 0x96,
    0xFF, 0xB8, 0xFF, 0xAE, 0xFF, 0xA0, 0xFF, 0x95, 0xFF, 0xBB, 0xFF, 0xB2, 0xFF, 0xA7, 0xFF, 0x9C,
    0xA8, 0xB5, 0x99, 0xAC, 0x8C, 0xA6, 0x8A, 0xA5, 0xAE, 0xB8, 0xA0, 0xB1, 0x90, 0xA8, 0x8C, 0xA8,
    0xB6, 0xBC, 0xA9, 0xB6, 0x99, 0xAD, 0x8B, 0xA5, 0xB9, 0xBE, 0xAF, 0xB9, 0xA1, 0xB1, 0x93, 0xAA,
    0xFF, 0x41, 0xFF, 0x16, 0xFF, 0x2B, 0xFF, 0x26, 0xFF, 0x8E, 0xFF, 0x49, 0xFF, 0x22, 0xFF, 0x10,
    0xFF, 0x96, 0xFF, 0x98, 0xFF, 0x7D, 0xFF, 0x0F, 0xFF, 0x92, 0xFF, 0x9C, 0xFF, 0x45, 0xFE, 0x00,
    0x40, 0x43, 0x17, 0x13, 0x2A, 0x2E, 0x25, 0x2E, 0x85, 0x9D, 0x46, 0x4D, 0x22, 0x20, 0x10, 0x0E,
    0x8C, 0xA7, 0x8D, 0xAB, 0x73, 0x8D, 0x0E, 0x12, 0x89, 0xA3, 0x90, 0xB0, 0x3F, 0x4F, 0x00, 0x00,
    0xFF, 0x07, 0xFF, 0x00, 0xFF, 0x00, 0xFF, 0x00, 0xFF, 0x00, 0xFF, 0x00, 0xFF, 0x00, 0xFF, 0x00,
    0xFF, 0x00, 0xFF, 0x01, 0xFF, 0x00, 0xFF, 0x00, 0xFC, 0x02, 0xFF, 0x00, 0xFF, 0x00, 0xFF, 0x00,
    0x07, 0x09, 0x00, 0x00, 0x00, 0x00, 0x00, 0x00, 0x00, 0x00, 0x00, 0x00, 0x00, 0x00, 0x00, 0x00,
    0x00, 0x00, 0x01, 0x01, 0x00, 0x00, 0x00, 0x00, 0x02, 0x02, 0x00, 0x00, 0x00, 0x00, 0x00, 0x00,
    0xFF, 0x00, 0xFF, 0x03, 0xFF, 0x0A, 0xFF, 0x17, 0xFF, 0x00, 0xFF, 0x01, 0xFF, 0x06, 0xFF, 0x11,
    0xFF, 0x00, 0xFF, 0x00, 0xFF, 0x04, 0xFF, 0x0B, 0xFF, 0x00, 0xFF, 0x00, 0xFF, 0x02, 0xFF, 0x07,
    0x00, 0x00, 0x03, 0x03, 0x0A, 0x0A, 0x17, 0x17, 0x00, 0x00, 0x01, 0x01, 0x06, 0x06, 0x11, 0x11,
    0x00, 0x00, 0x00, 0x00, 0x04, 0x04, 0x0B, 0x0B, 0x00, 0x00, 0x00, 0x00, 0x02, 0x02, 0x07, 0x07,
    0xFF, 0x25, 0xFF, 0x2D, 0xFF, 0x2A, 0xFF, 0x14, 0xFF, 0x20, 0xFF, 0x2E, 0xFF, 0x36, 0xFF, 0x30,
    0xFF, 0x19, 0xFF, 0x29, 0xFF, 0x35, 0xFF, 0x3C, 0xFF, 0x10, 0xFF, 0x1F, 0xFF, 0x2E, 0xFF, 0x39,
    0x25, 0x25, 0x2D, 0x2D, 0x2A, 0x2A, 0x14, 0x14, 0x20, 0x20, 0x2E, 0x2E, 0x36, 0x36, 0x30, 0x30,
    0x19, 0x19, 0x29, 0x29, 0x35, 0x35, 0x3C, 0x3C, 0x10, 0x10, 0x1F, 0x1F, 0x2E, 0x2E, 0x39, 0x39,
    0xFB, 0x01, 0xFF, 0x00, 0x87, 0x00, 0x00, 0x00, 0xFF, 0x16, 0xFB, 0x02, 0xFF, 0x00, 0x88, 0x00,
    0xFF, 0x34, 0xFF, 0x1B, 0xFB, 0x05, 0xFF, 0x00, 0xFF, 0x3C, 0xFF, 0x33, 0xFF, 0x1E, 0xFB, 0x09,
    0x01, 0x01, 0x00, 0x00, 0x00, 0x00, 0x00, 0x00, 0x16, 0x16, 0x02, 0x02, 0x00, 0x00, 0x00, 0x00,
    0x34, 0x34, 0x1B, 0x1B, 0x05, 0x05, 0x00, 0x00, 0x3C, 0x3C, 0x33, 0x33, 0x1E, 0x1E, 0x09, 0x09,
    0x04, 0x00, 0x01, 0x00, 0x00, 0x00, 0x00, 0x00, 0x00, 0x00, 0x01, 0x00, 0x03, 0x00, 0x00, 0x00,
    0x98, 0x00, 0x03, 0x00, 0x00, 0x00, 0x04, 0x00, 0xFF, 0x01, 0xC2, 0x00, 0x2D, 0x00, 0x00, 0x00,
    0x00, 0x00, 0x00, 0x00, 0x00, 0x00, 0x00, 0x00, 0x00, 0x00, 0x00, 0x00, 0x00, 0x00, 0x00, 0x00,
    0x00, 0x00, 0x00, 0x00, 0x00, 0x00, 0x00, 0x00, 0x01, 0x01, 0x00, 0x00, 0x00, 0x00, 0x00, 0x00,
    0x00, 0x00, 0x00, 0x00, 0x00, 0x00, 0x00, 0x00, 0x00, 0x00, 0x00, 0x00, 0x00, 0x00, 0x00, 0x00,
    0x01, 0x00, 0x00, 0x00, 0x00, 0x00, 0x00, 0x00, 0x00, 0x00, 0x03, 0x00, 0x00, 0x00, 0x00, 0x00,
    0x00, 0x00, 0x00, 0x00, 0x00, 0x00, 0x00, 0x00, 0x00, 0x00, 0x00, 0x00, 0x00, 0x00, 0x00, 0x00,
    0x00, 0x00, 0x00, 0x00, 0x00, 0x00, 0x00, 0x00, 0x00, 0x00, 0x00, 0x00, 0x00, 0x00, 0x00, 0x00,
    0x00, 0x00, 0x00, 0x00, 0x00, 0x00, 0x00, 0x00, 0x00, 0x00, 0x00, 0x00, 0x00, 0x00, 0x00, 0x00,
    0x00, 0x00, 0x00, 0x00, 0x00, 0x00, 0x00, 0x00, 0x00, 0x00, 0x00, 0x00, 0x00, 0x00, 0x00, 0x00,
    0x00, 0x00, 0x00, 0x00, 0x00, 0x00, 0x00, 0x00, 0x00, 0x00, 0x00, 0x00, 0x00, 0x00, 0x00, 0x00,
    0x00, 0x00, 0x00, 0x00, 0x00, 0x00, 0x00, 0x00, 0x00, 0x00, 0x00, 0x00, 0x00, 0x00, 0x00, 0x00,
    0x00, 0x00, 0x00, 0x00, 0x00, 0x00, 0x00, 0x00, 0x00, 0x00, 0x00, 0x00, 0x00, 0x00, 0x00, 0x00,
    0x00, 0x00, 0x00, 0x00, 0x00, 0x00, 0x00, 0x00, 0x00, 0x00, 0x00, 0x00, 0x00, 0x00, 0x00, 0x00,
    0x00, 0x00, 0x00, 0x00, 0x00, 0x00, 0x00, 0x00, 0x00, 0x00, 0x00, 0x00, 0x00, 0x00, 0x00, 0x00,
    0x00, 0x00, 0x00, 0x00, 0x00, 0x00, 0x00, 0x00, 0x00, 0x00, 0x00, 0x00, 0x00, 0x00, 0x00, 0x00,
    0x00, 0x00, 0x00, 0x00, 0x00, 0x00, 0x00, 0x00, 0x00, 0x00, 0x00, 0x00, 0x00, 0x00, 0x00, 0x00,
    0x00, 0x00, 0x00, 0x00, 0x00, 0x00, 0x00, 0x00, 0x00, 0x00, 0x00, 0x00, 0x00, 0x00, 0x00, 0x00,
    0x00, 0x00, 0x00, 0x00, 0x00, 0x00, 0x00, 0x00, 0x00, 0x00, 0x00, 0x00, 0x00, 0x00, 0x00, 0x00,
    0x00, 0x00, 0x00, 0x00, 0x00, 0x00, 0x00, 0x00, 0x00, 0x00, 0x00, 0x00, 0x00, 0x00, 0x00, 0x00,
    0x00, 0x00, 0x00, 0x00, 0x00, 0x00, 0x00, 0x00, 0x00, 0x00, 0x00, 0x00, 0x00, 0x00, 0x00, 0x00,
    0x00, 0x00, 0x00, 0x00, 0x00, 0x00, 0x00, 0x00, 0x00, 0x00, 0x00, 0x00, 0x00, 0x00, 0x00, 0x00,
    0x00, 0x00, 0x00, 0x00, 0x00, 0x00, 0x00, 0x00, 0x00, 0x00, 0x00, 0x00, 0x00, 0x00, 0x00, 0x00,
    0x00, 0x00, 0x00, 0x00, 0x00, 0x00, 0x00, 0x00, 0x00, 0x00, 0x00, 0x00, 0x00, 0x00, 0x00, 0x00,
    0x00, 0x00, 0x00, 0x00, 0x00, 0x00, 0x00, 0x00, 0x00, 0x00, 0x00, 0x00, 0x00, 0x00, 0x00, 0x00,
    0x00, 0x00, 0x00, 0x00, 0x00, 0x00, 0x00, 0x00, 0x00, 0x00, 0x00, 0x00, 0x00, 0x00, 0x00, 0x00,
    0x00, 0x00, 0x00, 0x00, 0x00, 0x00, 0x00, 0x00, 0x00, 0x00, 0x00, 0x00, 0x00, 0x00, 0x00, 0x00,
    0x00, 0x00, 0x00, 0x00, 0x00, 0x00, 0x00, 0x00, 0x00, 0x00, 0x00, 0x00, 0x00, 0x00, 0x00, 0x00,
    0x00, 0x00, 0x00, 0x00, 0x00, 0x00, 0x00, 0x00, 0x00, 0x00, 0x00, 0x00, 0x00, 0x00, 0x00, 0x00,
    0x00, 0x00, 0x00, 0x00, 0x00, 0x00, 0x00, 0x00, 0x00, 0x00, 0x00, 0x00, 0x00, 0x00, 0x00, 0x00,
    0x00, 0x00, 0x00, 0x00, 0x00, 0x00, 0x00, 0x00, 0x00, 0x00, 0x00, 0x00, 0x00, 0x00, 0x00, 0x00,
    0x00, 0x00, 0x00, 0x00, 0x00, 0x00, 0x00, 0x00, 0x00, 0x00, 0x00, 0x00, 0x00, 0x00, 0x00, 0x00,
    0x00, 0x00, 0x00, 0x00, 0x00, 0x00, 0x00, 0x00, 0x00, 0x00, 0x00, 0x00, 0x00, 0x00, 0x00, 0x00,
    0x00, 0x00, 0x00, 0x00, 0x00, 0x00, 0x00, 0x00, 0x00, 0x00, 0x00, 0x00, 0x00, 0x00, 0x00, 0x00,
    0x00, 0x00, 0x00, 0x00, 0x00, 0x00, 0x00, 0x00, 0x00, 0x00, 0x00, 0x00, 0x00, 0x00, 0x00, 0x00,
    0x00, 0x00, 0x00, 0x00, 0x00, 0x00, 0x00, 0x00, 0x00, 0x00, 0x00, 0x00, 0x00, 0x00, 0x00, 0x00,
    0x00, 0x00, 0x00, 0x00, 0x00, 0x00, 0x00, 0x00, 0x00, 0x00, 0x00, 0x00, 0x00, 0x00, 0x00, 0x00,
    0x00, 0x00, 0x00, 0x00, 0x00, 0x00, 0x03, 0x00, 0x00, 0x00, 0x00, 0x00, 0x00, 0x00, 0x04, 0x00,
    0x00, 0x00, 0x00, 0x00, 0x00, 0x00, 0x00, 0x00, 0x00, 0x00, 0x00, 0x00, 0x00, 0x00, 0x00, 0x00,
    0x00, 0x00, 0x00, 0x00, 0x00, 0x00, 0x00, 0x00, 0x00, 0x00, 0x00, 0x00, 0x00, 0x00, 0x00, 0x00,
    0x00, 0x00, 0x02, 0x00, 0x00, 0x00, 0x0D, 0x00, 0x02, 0x00, 0x00, 0x00, 0x50, 0x00, 0xDA, 0x00,
    0x00, 0x00, 0x5A, 0x00, 0xFF, 0x00, 0xFF, 0x00, 0x00, 0x00, 0xBA, 0x00, 0xFE, 0x00, 0xF7, 0x03,
    0x00, 0x00, 0x00, 0x00, 0x00, 0x00, 0x00, 0x00, 0x00, 0x00, 0x00, 0x00, 0x00, 0x00, 0x00, 0x00,
    0x00, 0x00, 0x00, 0x00, 0x00, 0x00, 0x00, 0x00, 0x00, 0x00, 0x00, 0x00, 0x00, 0x00, 0x03, 0x03,
    0x83, 0x00, 0xF6, 0x00, 0xFF, 0x02, 0xFC, 0x0B, 0xFF, 0x01, 0xFF, 0x05, 0xFC, 0x0E, 0xFF, 0x19,
    0xFB, 0x07, 0xFE, 0x14, 0xFF, 0x1C, 0xFF, 0x21, 0xFF, 0x0A, 0xFF, 0x13, 0xFF, 0x18, 0xFF, 0x1B,
    0x00, 0x00, 0x00, 0x00, 0x02, 0x02, 0x0B, 0x0B, 0x01, 0x01, 0x05, 0x05, 0x0E, 0x0E, 0x19, 0x19,
    0x07, 0x07, 0x14, 0x14, 0x1C, 0x1C, 0x21, 0x21, 0x0A, 0x0A, 0x13, 0x13, 0x18, 0x18, 0x1B, 0x1B,
    0xFF, 0x1B, 0xFF, 0x2A, 0xFF, 0x33, 0xFF, 0x36, 0xFF, 0x23, 0xFF, 0x2A, 0xFF, 0x2E, 0xFF, 0x2C,
    0xFF, 0x25, 0xFF, 0x27, 0xFF, 0x26, 0xFF, 0x20, 0xFF, 0x1C, 0xFF, 0x1B, 0xFF, 0x17, 0xFF, 0x11,
    0x1B, 0x1B, 0x2A, 0x2A, 0x33, 0x33, 0x36, 0x36, 0x23, 0x23, 0x2A, 0x2A, 0x2E, 0x2E, 0x2C, 0x2C,
    0x25, 0x25, 0x27, 0x27, 0x26, 0x26, 0x20, 0x20, 0x1C, 0x1C, 0x1B, 0x1B, 0x17, 0x17, 0x11, 0x11,
    0xFF, 0x31, 0xFF, 0x24, 0xFF, 0x15, 0xFF, 0x0A, 0xFF, 0x24, 0xFF, 0x17, 0xFF, 0x0B, 0xFF, 0x03,
    0xFF, 0x17, 0xFF, 0x0B, 0xFF, 0x03, 0xFF, 0x00, 0xFF, 0x0A, 0xFF, 0x03, 0xFF, 0x00, 0xFF, 0x00,
    0x31, 0x31, 0x24, 0x24, 0x15, 0x15, 0x0A, 0x0A, 0x24, 0x24, 0x17, 0x17, 0x0B, 0x0B, 0x03, 0x03,
    0x17, 0x17, 0x0B, 0x0B, 0x03, 0x03, 0x00, 0x00, 0x0A, 0x0A, 0x03, 0x03, 0x00, 0x00, 0x00, 0x00,
    0xFF, 0x03, 0xFF, 0x00, 0xFF, 0x00, 0xFF, 0x00, 0xFF, 0x00, 0xFF, 0x00, 0xFF, 0x00, 0xFF, 0x00,
    0xFF, 0x00, 0xFF, 0x00, 0xFF, 0x00, 0xFC, 0x00, 0xFF, 0x00, 0xFD, 0x00, 0xFB, 0x00, 0xFF, 0x00,
    0x03, 0x03, 0x00, 0x00, 0x00, 0x00, 0x00, 0x00, 0x00, 0x00, 0x00, 0x00, 0x00, 0x00, 0x00, 0x00,
    0x00, 0x00, 0x00, 0x00, 0x00, 0x00, 0x00, 0x00, 0x00, 0x00, 0x00, 0x00, 0x00, 0x00, 0x00, 0x00,
    0xFF, 0x00, 0xFF, 0x00, 0xFD, 0x00, 0xFF, 0x00, 0xFE, 0x00, 0xFD, 0x00, 0xFF, 0x00, 0x9F, 0x00,
    0xFD, 0x00, 0xFF, 0x00, 0x86, 0x00, 0x00, 0x00, 0xFE, 0x00, 0x71, 0x00, 0x00, 0x00, 0x06, 0x00,
    0x00, 0x00, 0x00, 0x00, 0x00, 0x00, 0x00, 0x00, 0x00, 0x00, 0x00, 0x00, 0x00, 0x00, 0x00, 0x00,
    0x00, 0x00, 0x00, 0x00, 0x00, 0x00, 0x00, 0x00, 0x00, 0x00, 0x00, 0x00, 0x00, 0x00, 0x00, 0x00,
    0xFF, 0x03, 0xFF, 0x02, 0xFF, 0x28, 0xFF, 0xA0, 0xF9, 0x00, 0xFE, 0x01, 0xFD, 0x0C, 0xFF, 0x69,
    0x68, 0x00, 0xFF, 0x00, 0xFF, 0x00, 0xFC, 0x00, 0x00, 0x00, 0x5F, 0x00, 0xF7, 0x00, 0xFF, 0x01,
    0x03, 0x03, 0x02, 0x01, 0x24, 0x2D, 0x95, 0xB0, 0x00, 0x01, 0x01, 0x01, 0x0B, 0x0E, 0x60, 0x75,
    0x00, 0x00, 0x00, 0x00, 0x00, 0x00, 0x00, 0x00, 0x00, 0x00, 0x00, 0x00, 0x00, 0x01, 0x01, 0x02,
    0xFF, 0xC4, 0xFE, 0x51, 0xFE, 0x00, 0xFF, 0x12, 0xFF, 0xBF, 0xFF, 0xB4, 0xFE, 0x32, 0xFD, 0x03,
    0xFF, 0x4A, 0xFF, 0xB5, 0xFF, 0xC5, 0xFE, 0xA2, 0xFB, 0x00, 0xFE, 0x19, 0xFF, 0x7C, 0xFF, 0xCB,
    0xBB, 0xD1, 0x4E, 0x56, 0x00, 0x00, 0x12, 0x12, 0xB5, 0xCD, 0xAE, 0xBE, 0x30, 0x34, 0x03, 0x04,
    0x47, 0x50, 0xAD, 0xC0, 0xBE, 0xD0, 0x9D, 0xA9, 0x00, 0x00, 0x18, 0x1A, 0x77, 0x83, 0xC6, 0xD4,
    0xFE, 0x0D, 0xFF, 0xA5, 0xFF, 0xC6, 0xFF, 0xCB, 0xFD, 0x44, 0xFF, 0xC2, 0xFF, 0xC3, 0xFF, 0xC1,
    0xFF, 0xBA, 0xFF, 0xC1, 0xFF, 0xC3, 0xFF, 0xC5, 0xFF, 0xCD, 0xFF, 0xC2, 0xFF, 0xC4, 0xFF, 0xC9,
    0x0D, 0x0D, 0xA4, 0xA6, 0xC5, 0xC7, 0xCB, 0xCD, 0x42, 0x45, 0xC1, 0xC4, 0xC2, 0xC3, 0xC1, 0xC1,
    0xB7, 0xBF, 0xC0, 0xC4, 0xC2, 0xC4, 0xC5, 0xC5, 0xC9, 0xD4, 0xBF, 0xC6, 0xC3, 0xC6, 0xC8, 0xC9,
    0xFF, 0xA1, 0xFF, 0x43, 0xFF, 0x12, 0xFF, 0x3D, 0xFF, 0xCB, 0xFF, 0xD1, 0xFF, 0xAE, 0xFF, 0x63,
    0xFF, 0xC2, 0xFF, 0xC1, 0xFF, 0xCA, 0xFF, 0xD4, 0xFF, 0xC8, 0xFF, 0xC5, 0xFF, 0xC3, 0xFF, 0xC1,
    0xA1, 0xA2, 0x43, 0x43, 0x12, 0x12, 0x3D, 0x3D, 0xCB, 0xCB, 0xD1, 0xD1, 0xAE, 0xAE, 0x63, 0x63,
    0xC2, 0xC2, 0xC1, 0xC1, 0xCA, 0xCA, 0xD4, 0xD4, 0xC8, 0xC8, 0xC5, 0xC5, 0xC3, 0xC3, 0xC1, 0xC1,
    0xFF, 0x86, 0xFF, 0xBB, 0xFF, 0xD1, 0xFF, 0xD4, 0xFF, 0x28, 0xFF, 0x1C, 0xFF, 0x38, 0xFF, 0x65,
    0xFF, 0xCB, 0xFF, 0xA6, 0xFF, 0x73, 0xFF, 0x47, 0xFF, 0xC3, 0xFF, 0xCB, 0xFF, 0xD3, 0xFF, 0xD4,
    0x86, 0x86, 0xBB, 0xBB, 0xD1, 0xD1, 0xD4, 0xD4, 0x28, 0x28, 0x1C, 0x1C, 0x38, 0x38, 0x65, 0x65,
    0xCB, 0xCB, 0xA6, 0xA6, 0x73, 0x73, 0x47, 0x47, 0xC3, 0xC3, 0xCB, 0xCB, 0xD3, 0xD3, 0xD4, 0xD4,
    0xFF, 0xCF, 0xFF, 0xC9, 0xFF, 0xC5, 0xFF, 0xC4, 0xFF, 0x91, 0xFF, 0xB0, 0xFF, 0xC0, 0xFF, 0xC8,
    0xFF, 0x2D, 0xFF, 0x26, 0xFF, 0x28, 0xFF, 0x2D, 0xFF, 0xCB, 0xFF, 0xBB, 0xFF, 0xAB, 0xFF, 0x9E,
    0xCF, 0xCF, 0xC9, 0xC9, 0xC5, 0xC5, 0xC4, 0xC4, 0x91, 0x91, 0xB0, 0xB0, 0xC0, 0xC0, 0xC8, 0xC8,
    0x2D, 0x2D, 0x26, 0x26, 0x28, 0x28, 0x2D, 0x2D, 0xCB, 0xCB, 0xBB, 0xBB, 0xAB, 0xAB, 0x9E, 0x9E,
    0xFF, 0xC4, 0xFF, 0xC5, 0xFF, 0xC9, 0xFF, 0xCF, 0xFF, 0xC8, 0xFF, 0xC0, 0xFF, 0xB0, 0xFF, 0x91,
    0xFF, 0x2D, 0xFF, 0x28, 0xFF, 0x26, 0xFF, 0x2D, 0xFF, 0x9E, 0xFF, 0xAB, 0xFF, 0xBB, 0xFF, 0xCB,
    0xC4, 0xC4, 0xC5, 0xC5, 0xC9, 0xC9, 0xCF, 0xCF, 0xC8, 0xC8, 0xC0, 0xC0, 0xB0, 0xB0, 0x91, 0x91,
    0x2D, 0x2D, 0x28, 0x28, 0x26, 0x26, 0x2D, 0x2D, 0x9E, 0x9E, 0xAB, 0xAB, 0xBB, 0xBB, 0xCB, 0xCB,
    0xFF, 0xD4, 0xFF, 0xD1, 0xFF, 0xBB, 0xFF, 0x89, 0xFF, 0x65, 0xFF, 0x38, 0xFF, 0x1B, 0xFF, 0x18,
    0xFF, 0x47, 0xFF, 0x73, 0xFF, 0xA7, 0xFF, 0x93, 0xFF, 0xD4, 0xFF, 0xD2, 0xFF, 0xD0, 0xFF, 0x97,
    0xD4, 0xD4, 0xD1, 0xD1, 0xBB, 0xBB, 0x89, 0x89, 0x65, 0x65, 0x38, 0x38, 0x1B, 0x1B, 0x18, 0x18,
    0x47, 0x47, 0x73, 0x73, 0xA7, 0xA7, 0x93, 0x93, 0xD4, 0xD4, 0xD2, 0xD2, 0xD0, 0xD0, 0x97, 0x97,
    0xFF, 0x3B, 0xFF, 0x11, 0xFF, 0x31, 0xFF, 0xA2, 0xFF, 0x87, 0xFF, 0xBF, 0xFF, 0x97, 0xFF, 0xCE,
    0xFE, 0xFF, 0xFF, 0xC4, 0xFF, 0x90, 0xFF, 0xC9, 0xFE, 0xC7, 0xFF, 0x90, 0xFF, 0xB2, 0xFF, 0xCC,
    0x3B, 0x3B, 0x11, 0x11, 0x31, 0x31, 0xA2, 0xA2, 0x87, 0x87, 0xBF, 0xBF, 0x97, 0x97, 0xCE, 0xCE,
    0xFF, 0xFF, 0xC4, 0xC4, 0x90, 0x90, 0xC9, 0xC9, 0xC7, 0xC7, 0x90, 0x90, 0xB2, 0xB2, 0xCC, 0xCC,
    0xFF, 0xD0, 0xFF, 0xC3, 0xFF, 0xC3, 0xFF, 0xBF, 0xFF, 0xC1, 0xFF, 0xC3, 0xFF, 0xC0, 0xFF, 0xB9,
    0xFF, 0xC4, 0xFF, 0xC3, 0xFF, 0xBE, 0xFF, 0xB6, 0xFF, 0xC8, 0xFF, 0xC4, 0xFF, 0xC1, 0xFF, 0xC8,
    0xD0, 0xD0, 0xC3, 0xC3, 0xC2, 0xC3, 0xBE, 0xC1, 0xC1, 0xC1, 0xC3, 0xC4, 0xBF, 0xC1, 0xB6, 0xBC,
    0xC4, 0xC4, 0xC2, 0xC4, 0xBD, 0xC1, 0xB3, 0xBC, 0xC8, 0xC9, 0xC3, 0xC6, 0xBF, 0xC6, 0xC4, 0xCF,
    0xFF, 0xB8, 0xFF, 0xB2, 0xFF, 0xA9, 0xFF, 0x9E, 0xFF, 0xB3, 0xFF, 0xAA, 0xFF, 0xA6, 0xFF, 0xA7,
    0xFF, 0xAE, 0xFF, 0xAE, 0xFF, 0x99, 0xFF, 0x43, 0xFF, 0xBB, 0xFF, 0x72, 0xFE, 0x18, 0xFB, 0x00,
    0xB5, 0xBC, 0xAE, 0xB9, 0xA4, 0xB3, 0x96, 0xAA, 0xAF, 0xB9, 0xA5, 0xB3, 0x9F, 0xB2, 0x9D, 0xB7,
    0xA8, 0xB7, 0xA6, 0xBC, 0x90, 0xA7, 0x3F, 0x4A, 0xB4, 0xC5, 0x6C, 0x7B, 0x16, 0x1A, 0x00, 0x00,
    0xFF, 0xA1, 0xFF, 0x5F, 0xFF, 0x00, 0xFF, 0x01, 0xFF, 0x5F, 0xFD, 0x03, 0xFE, 0x01, 0xF9, 0x00,
    0xFC, 0x00, 0xFF, 0x00, 0xFF, 0x01, 0x68, 0x00, 0xFF, 0x01, 0xF7, 0x00, 0x5F, 0x00, 0x00, 0x00,
    0x95, 0xB4, 0x57, 0x6C, 0x00, 0x00, 0x01, 0x01, 0x58, 0x6A, 0x03, 0x03, 0x01, 0x01, 0x00, 0x01,
    0x00, 0x00, 0x00, 0x00, 0x01, 0x01, 0x00, 0x00, 0x01, 0x01, 0x00, 0x01, 0x00, 0x00, 0x00, 0x00,
    0xFF, 0x00, 0xFD, 0x00, 0xFF, 0x00, 0xFF, 0x00, 0x9F, 0x00, 0xFF, 0x00, 0xFD, 0x00, 0xFE, 0x00,
    0x00, 0x00, 0x86, 0x00, 0xFF, 0x00, 0xFD, 0x00, 0x06, 0x00, 0x00, 0x00, 0x71, 0x00, 0xFE, 0x00,
    0x00, 0x00, 0x00, 0x00, 0x00, 0x00, 0x00, 0x00, 0x00, 0x00, 0x00, 0x00, 0x00, 0x00, 0x00, 0x00,
    0x00, 0x00, 0x00, 0x00, 0x00, 0x00, 0x00, 0x00, 0x00, 0x00, 0x00, 0x00, 0x00, 0x00, 0x00, 0x00,
    0xFF, 0x00, 0xFF, 0x00, 0xFF, 0x00, 0xFF, 0x03, 0xFF, 0x00, 0xFF, 0x00, 0xFF, 0x00, 0xFF, 0x00,
    0xFC, 0x00, 0xFF, 0x00, 0xFF, 0x00, 0xFF, 0x00, 0xFF, 0x00, 0xFB, 0x00, 0xFD, 0x00, 0xFF, 0x00,
    0x00, 0x00, 0x00, 0x00, 0x00, 0x00, 0x03, 0x03, 0x00, 0x00, 0x00, 0x00, 0x00, 0x00, 0x00, 0x00,
    0x00, 0x00, 0x00, 0x00, 0x00, 0x00, 0x00, 0x00, 0x00, 0x00, 0x00, 0x00, 0x00, 0x00, 0x00, 0x00,
    0xFF, 0x0A, 0xFF, 0x15, 0xFF, 0x24, 0xFF, 0x31, 0xFF, 0x03, 0xFF, 0x0B, 0xFF, 0x17, 0xFF, 0x24,
    0xFF, 0x00, 0xFF, 0x03, 0xFF, 0x0B, 0xFF, 0x17, 0xFF, 0x00, 0xFF, 0x00, 0xFF, 0x03, 0xFF, 0x0A,
    0x0A, 0x0A, 0x15, 0x15, 0x24, 0x24, 0x31, 0x31, 0x03, 0x03, 0x0B, 0x0B, 0x17, 0x17, 0x24, 0x24,
    0x00, 0x00, 0x03, 0x03, 0x0B, 0x0B, 0x17, 0x17, 0x00, 0x00, 0x00, 0x00, 0x03, 0x03, 0x0A, 0x0A,
    0xFF, 0x36, 0xFF, 0x33, 0xFF, 0x2A, 0xFF, 0x1B, 0xFF, 0x2C, 0xFF, 0x2E, 0xFF, 0x2A, 0xFF, 0x23,
    0xFF, 0x20, 0xFF, 0x26, 0xFF, 0x27, 0xFF, 0x25, 0xFF, 0x11, 0xFF, 0x17, 0xFF, 0x1B, 0xFF, 0x1C,
    0x36, 0x36, 0x33, 0x33, 0x2A, 0x2A, 0x1B, 0x1B, 0x2C, 0x2C, 0x2E, 0x2E, 0x2A, 0x2A, 0x23, 0x23,
    0x20, 0x20, 0x26, 0x26, 0x27, 0x27, 0x25, 0x25, 0x11, 0x11, 0x17, 0x17, 0x1B, 0x1B, 0x1C, 0x1C,
    0xFC, 0x0B, 0xFF, 0x02, 0xF6, 0x00, 0x83, 0x00, 0xFF, 0x19, 0xFC, 0x0E, 0xFF, 0x05, 0xFF, 0x01,
    0xFF, 0x21, 0xFF, 0x1C, 0xFE, 0x14, 0xFB, 0x07, 0xFF, 0x1B, 0xFF, 0x18, 0xFF, 0x13, 0xFF, 0x0A,
    0x0B, 0x0B, 0x02, 0x02, 0x00, 0x00, 0x00, 0x00, 0x19, 0x19, 0x0E, 0x0E, 0x05, 0x05, 0x01, 0x01,
    0x21, 0x21, 0x1C, 0x1C, 0x14, 0x14, 0x07, 0x07, 0x1B, 0x1B, 0x18, 0x18, 0x13, 0x13, 0x0A, 0x0A,
    0x0D, 0x00, 0x00, 0x00, 0x02, 0x00, 0x00, 0x00, 0xDA, 0x00, 0x50, 0x00, 0x00, 0x00, 0x02, 0x00,
    0xFF, 0x00, 0xFF, 0x00, 0x5A, 0x00, 0x00, 0x00, 0xF7, 0x03, 0xFE, 0x00, 0xBA, 0x00, 0x00, 0x00,
    0x00, 0x00, 0x00, 0x00, 0x00, 0x00, 0x00, 0x00, 0x00, 0x00, 0x00, 0x00, 0x00, 0x00, 0x00, 0x00,
    0x00, 0x00, 0x00, 0x00, 0x00, 0x00, 0x00, 0x00, 0x03, 0x03, 0x00, 0x00, 0x00, 0x00, 0x00, 0x00,
    0x00, 0x00, 0x00, 0x00, 0x00, 0x00, 0x00, 0x00, 0x00, 0x00, 0x00, 0x00, 0x00, 0x00, 0x00, 0x00,
    0x03, 0x00, 0x00, 0x00, 0x00, 0x00, 0x00, 0x00, 0x04, 0x00, 0x00, 0x00, 0x00, 0x00, 0x00, 0x00,
    0x00, 0x00, 0x00, 0x00, 0x00, 0x00, 0x00, 0x00, 0x00, 0x00, 0x00, 0x00, 0x00, 0x00, 0x00, 0x00,
    0x00, 0x00, 0x00, 0x00, 0x00, 0x00, 0x00, 0x00, 0x00, 0x00, 0x00, 0x00, 0x00, 0x00, 0x00, 0x00,
    0x00, 0x00, 0x00, 0x00, 0x00, 0x00, 0x00, 0x00, 0x00, 0x00, 0x00, 0x00, 0x00, 0x00, 0x00, 0x00,
    0x00, 0x00, 0x00, 0x00, 0x00, 0x00, 0x00, 0x00, 0x00, 0x00, 0x00, 0x00, 0x00, 0x00, 0x00, 0x00,
    0x00, 0x00, 0x00, 0x00, 0x00, 0x00, 0x00, 0x00, 0x00, 0x00, 0x00, 0x00, 0x00, 0x00, 0x00, 0x00,
    0x00, 0x00, 0x00, 0x00, 0x00, 0x00, 0x00, 0x00, 0x00, 0x00, 0x00, 0x00, 0x00, 0x00, 0x00, 0x00,
    0x00, 0x00, 0x00, 0x00, 0x00, 0x00, 0x00, 0x00, 0x00, 0x00, 0x00, 0x00, 0x00, 0x00, 0x00, 0x00,
    0x00, 0x00, 0x00, 0x00, 0x00, 0x00, 0x00, 0x00, 0x00, 0x00, 0x00, 0x00, 0x00, 0x00, 0x00, 0x00,
    0x00, 0x00, 0x00, 0x00, 0x00, 0x00, 0x00, 0x00, 0x00, 0x00, 0x00, 0x00, 0x00, 0x00, 0x00, 0x00,
    0x00, 0x00, 0x00, 0x00, 0x00, 0x00, 0x00, 0x00, 0x00, 0x00, 0x00, 0x00, 0x00, 0x00, 0x00, 0x00,
    0x00, 0x00, 0x00, 0x00, 0x00, 0x00, 0x00, 0x00, 0x00, 0x00, 0x00, 0x00, 0x00, 0x00, 0x00, 0x00,
    0x00, 0x00, 0x00, 0x00, 0x00, 0x00, 0x00, 0x00, 0x00, 0x00, 0x00, 0x00, 0x00, 0x00, 0x00, 0x00,
    0x00, 0x00, 0x00, 0x00, 0x00, 0x00, 0x00, 0x00, 0x00, 0x00, 0x00, 0x00, 0x00, 0x00, 0x00, 0x00,
    0x00, 0x00, 0x00, 0x00, 0x00, 0x00, 0x00, 0x00, 0x00, 0x00, 0x00, 0x00, 0x00, 0x00, 0x00, 0x00,
    0x00, 0x00, 0x00, 0x00, 0x00, 0x00, 0x00, 0x00, 0x00, 0x00, 0x00, 0x00, 0x00, 0x00, 0x00, 0x00,
    0x00, 0x00, 0x00, 0x00, 0x00, 0x00, 0x00, 0x00, 0x00, 0x00, 0x00, 0x00, 0x00, 0x00, 0x00, 0x00,
    0x00, 0x00, 0x00, 0x00, 0x00, 0x00, 0x00, 0x00, 0x00, 0x00, 0x00, 0x00, 0x00, 0x00, 0x00, 0x00,
    0x00, 0x00, 0x00, 0x00, 0x00, 0x00, 0x00, 0x00, 0x00, 0x00, 0x00, 0x00, 0x00, 0x00, 0x00, 0x00,
    0x00, 0x00, 0x00, 0x00, 0x00, 0x00, 0x00, 0x00, 0x00, 0x00, 0x00, 0x00, 0x00, 0x00, 0x00, 0x00,
    0x00, 0x00, 0x00, 0x00, 0x00, 0x00, 0x00, 0x00, 0x00, 0x00, 0x00, 0x00, 0x00, 0x00, 0x00, 0x00,
    0x00, 0x00, 0x00, 0x00, 0x00, 0x00, 0x00, 0x00, 0x00, 0x00, 0x00, 0x00, 0x00, 0x00, 0x00, 0x00,
    0x00, 0x00, 0x00, 0x00, 0x00, 0x00, 0x00, 0x00, 0x00, 0x00, 0x00, 0x00, 0x00, 0x00, 0x00, 0x00,
    0x00, 0x00, 0x00, 0x00, 0x00, 0x00, 0x00, 0x00, 0x00, 0x00, 0x00, 0x00, 0x00, 0x00, 0x00, 0x00,
    0x00, 0x00, 0x00, 0x00, 0x00, 0x00, 0x00, 0x00, 0x00, 0x00, 0x00, 0x00, 0x00, 0x00, 0x00, 0x00,
    0x00, 0x00, 0x00, 0x00, 0x00, 0x00, 0x00, 0x00, 0x00, 0x00, 0x00, 0x00, 0x00, 0x00, 0x00, 0x00,
    0x00, 0x00, 0x00, 0x00, 0x00, 0x00, 0x00, 0x00, 0x00, 0x00, 0x00, 0x00, 0x00, 0x00, 0x00, 0x00,
    0x00, 0x00, 0x00, 0x00, 0x00, 0x00, 0x03, 0x00, 0x00, 0x00, 0x00, 0x00, 0x00, 0x00, 0x00, 0x00,
    0x00, 0x00, 0x00, 0x00, 0x00, 0x00, 0x00, 0x00, 0x00, 0x00, 0x00, 0x00, 0x00, 0x00, 0x00, 0x00,
    0x00, 0x00, 0x00, 0x00, 0x00, 0x00, 0x00, 0x00, 0x00, 0x00, 0x00, 0x00, 0x00, 0x00, 0x00, 0x00,
    0x00, 0x00, 0x00, 0x00, 0x00, 0x00, 0x00, 0x00, 0x00, 0x00, 0x00, 0x00, 0x00, 0x00, 0x00, 0x00,
    0x00, 0x00, 0x51, 0x00, 0xFF, 0x01, 0xFF, 0x03, 0x02, 0x00, 0x00, 0x00, 0x45, 0x00, 0xC7, 0x01,
    0x00, 0x00, 0x02, 0x00, 0x00, 0x00, 0x00, 0x00, 0x00, 0x00, 0x00, 0x00, 0x03, 0x00, 0x00, 0x00,
    0x00, 0x00, 0x00, 0x00, 0x01, 0x01, 0x03, 0x03, 0x00, 0x00, 0x00, 0x00, 0x00, 0x00, 0x01, 0x01,
    0x00, 0x00, 0x00, 0x00, 0x00, 0x00, 0x00, 0x00, 0x00, 0x00, 0x00, 0x00, 0x00, 0x00, 0x00, 0x00,
    0xFD, 0x06, 0xFB, 0x09, 0xFD, 0x0A, 0xFE, 0x0B, 0xFF, 0x01, 0xFF, 0x02, 0xFF, 0x02, 0xFF, 0x01,
    0x3F, 0x00, 0x8E, 0x00, 0xCB, 0x00, 0xF0, 0x00, 0x00, 0x00, 0x00, 0x00, 0x00, 0x00, 0x16, 0x00,
    0x06, 0x06, 0x09, 0x09, 0x0A, 0x0A, 0x0B, 0x0B, 0x01, 0x01, 0x02, 0x02, 0x02, 0x02, 0x01, 0x01,
    0x00, 0x00, 0x00, 0x00, 0x00, 0x00, 0x00, 0x00, 0x00, 0x00, 0x00, 0x00, 0x00, 0x00, 0x00, 0x00,
    0xFF, 0x0B, 0xFF, 0x0A, 0xFF, 0x08, 0xFF, 0x05, 0xFF, 0x01, 0xFD, 0x01, 0xFC, 0x01, 0xFC, 0x01,
    0xFF, 0x00, 0xFF, 0x00, 0xFF, 0x00, 0xFF, 0x00, 0x31, 0x00, 0x46, 0x00, 0x4F, 0x00, 0x4A, 0x00,
    0x0B, 0x0B, 0x0A, 0x0A, 0x08, 0x08, 0x05, 0x05, 0x01, 0x01, 0x01, 0x01, 0x01, 0x01, 0x01, 0x01,
    0x00, 0x00, 0x00, 0x00, 0x00, 0x00, 0x00, 0x00, 0x00, 0x00, 0x00, 0x00, 0x00, 0x00, 0x00, 0x00,
    0xFF, 0x02, 0xFE, 0x00, 0xFD, 0x00, 0xFB, 0x00, 0xFE, 0x00, 0xFF, 0x00, 0xFF, 0x00, 0xFF, 0x00,
    0xFF, 0x00, 0xF7, 0x00, 0xD9, 0x00, 0xA1, 0x00, 0x38, 0x00, 0x1F, 0x00, 0x04, 0x00, 0x00, 0x00,
    0x02, 0x02, 0x00, 0x00, 0x00, 0x00, 0x00, 0x00, 0x00, 0x00, 0x00, 0x00, 0x00, 0x00, 0x00, 0x00,
    0x00, 0x00, 0x00, 0x00, 0x00, 0x00, 0x00, 0x00, 0x00, 0x00, 0x00, 0x00, 0x00, 0x00, 0x00, 0x00,
    0xFC, 0x00, 0xFF, 0x00, 0xFF, 0x00, 0xD1, 0x00, 0xFF, 0x00, 0xDB, 0x00, 0x71, 0x00, 0x08, 0x00,
    0x53, 0x00, 0x0A, 0x00, 0x00, 0x00, 0x00, 0x00, 0x00, 0x00, 0x00, 0x00, 0x03, 0x00, 0x01, 0x00,
    0x00, 0x00, 0x00, 0x00, 0x00, 0x00, 0x00, 0x00, 0x00, 0x00, 0x00, 0x00, 0x00, 0x00, 0x00, 0x00,
    0x00, 0x00, 0x00, 0x00, 0x00, 0x00, 0x00, 0x00, 0x00, 0x00, 0x00, 0x00, 0x00, 0x00, 0x00, 0x00,
    0x40, 0x00, 0x00, 0x00, 0x03, 0x00, 0x00, 0x00, 0x00, 0x00, 0x03, 0x00, 0x00, 0x00, 0x00, 0x00,
    0x03, 0x00, 0x00, 0x00, 0x00, 0x00, 0x00, 0x00, 0x00, 0x00, 0x00, 0x00, 0x00, 0x00, 0x00, 0x00,
    0x00, 0x00, 0x00, 0x00, 0x00, 0x00, 0x00, 0x00, 0x00, 0x00, 0x00, 0x00, 0x00, 0x00, 0x00, 0x00,
    0x00, 0x00, 0x00, 0x00, 0x00, 0x00, 0x00, 0x00, 0x00, 0x00, 0x00, 0x00, 0x00, 0x00, 0x00, 0x00,
    0x03, 0x00, 0x00, 0x00, 0x33, 0x00, 0xC8, 0x00, 0x00, 0x00, 0x03, 0x00, 0x00, 0x00, 0x03, 0x00,
    0x00, 0x00, 0x00, 0x00, 0x02, 0x00, 0x00, 0x00, 0x00, 0x00, 0x00, 0x00, 0x00, 0x00, 0x01, 0x00,
    0x00, 0x00, 0x00, 0x00, 0x00, 0x00, 0x00, 0x00, 0x00, 0x00, 0x00, 0x00, 0x00, 0x00, 0x00, 0x00,
    0x00, 0x00, 0x00, 0x00, 0x00, 0x00, 0x00, 0x00, 0x00, 0x00, 0x00, 0x00, 0x00, 0x00, 0x00, 0x00,
    0xFF, 0x02, 0xFF, 0x00, 0xFB, 0x00, 0xFE, 0x35, 0x6D, 0x00, 0xE2, 0x01, 0xFF, 0x02, 0xFF, 0x00,
    0x00, 0x00, 0x12, 0x00, 0x7C, 0x00, 0xE6, 0x02, 0x03, 0x00, 0x00, 0x00, 0x00, 0x00, 0x15, 0x00,
    0x02, 0x02, 0x00, 0x00, 0x00, 0x00, 0x34, 0x37, 0x00, 0x00, 0x01, 0x01, 0x02, 0x02, 0x00, 0x00,
    0x00, 0x00, 0x00, 0x00, 0x00, 0x00, 0x02, 0x02, 0x00, 0x00, 0x00, 0x00, 0x00, 0x00, 0x00, 0x00,
    0xFF, 0x9B, 0xFF, 0xD5, 0xFF, 0xD7, 0xFF, 0xCD, 0xFB, 0x00, 0xFE, 0x48, 0xFF, 0xAC, 0xFF, 0xE2,
    0xFF, 0x01, 0xFF, 0x00, 0xFC, 0x02, 0xFD, 0x49, 0x7B, 0x00, 0xE1, 0x03, 0xFF, 0x00, 0xFF, 0x00,
    0x99, 0xA0, 0xD3, 0xDA, 0xD5, 0xDA, 0xCD, 0xCE, 0x00, 0x00, 0x47, 0x49, 0xAB, 0xAE, 0xE2, 0xE3,
    0x00, 0x01, 0x00, 0x00, 0x02, 0x02, 0x49, 0x4A, 0x00, 0x00, 0x03, 0x03, 0x00, 0x00, 0x00, 0x00,
    0xFF, 0xCA, 0xFF, 0xC9, 0xFF, 0xC7, 0xFF, 0xC5, 0xFF, 0xE0, 0xFF, 0xD1, 0xFF, 0xCA, 0xFF, 0xC7,
    0xFF, 0xA6, 0xFF, 0xDF, 0xFF, 0xE8, 0xFF, 0xDB, 0xFD, 0x00, 0xFC, 0x30, 0xFE, 0x80, 0xFF, 0xC4,
    0xCA, 0xCA, 0xC9, 0xC9, 0xC7, 0xC7, 0xC5, 0xC5, 0xE0, 0xE1, 0xD1, 0xD1, 0xCA, 0xCA, 0xC7, 0xC7,
    0xA6, 0xA7, 0xDF, 0xDF, 0xE8, 0xE8, 0xDB, 0xDB, 0x00, 0x00, 0x30, 0x30, 0x80, 0x80, 0xC4, 0xC4,
    0xFF, 0xC4, 0xFF, 0xC3, 0xFF, 0xC1, 0xFF, 0xC1, 0xFF, 0xC5, 0xFF, 0xC4, 0xFF, 0xC3, 0xFF, 0xC3,
    0xFF, 0xCF, 0xFF, 0xCA, 0xFF, 0xCB, 0xFF, 0xCB, 0xFF, 0xE5, 0xFF, 0xEC, 0xFF, 0xE7, 0xFF, 0xDF,
    0xC4, 0xC4, 0xC3, 0xC3, 0xC1, 0xC1, 0xC1, 0xC1, 0xC5, 0xC5, 0xC4, 0xC4, 0xC3, 0xC3, 0xC3, 0xC3,
    0xCF, 0xCF, 0xCA, 0xCA, 0xCB, 0xCB, 0xCB, 0xCB, 0xE5, 0xE5, 0xEC, 0xEC, 0xE7, 0xE7, 0xDF, 0xDF,
    0xFF, 0xC3, 0xFF, 0xC7, 0xFF, 0xCA, 0xFF, 0xCD, 0xFF, 0xC3, 0xFF, 0xC3, 0xFF, 0xC2, 0xFF, 0xC2,
    0xFF, 0xCA, 0xFF, 0xC9, 0xFF, 0xC8, 0xFF, 0xC8, 0xFF, 0xD9, 0xFF, 0xD6, 0xFF, 0xD6, 0xFF, 0xD6,
    0xC3, 0xC3, 0xC7, 0xC7, 0xCA, 0xCA, 0xCD, 0xCD, 0xC3, 0xC3, 0xC3, 0xC3, 0xC2, 0xC2, 0xC2, 0xC2,
    0xCA, 0xCA, 0xC9, 0xC9, 0xC8, 0xC8, 0xC8, 0xC8, 0xD9, 0xD9, 0xD6, 0xD6, 0xD6, 0xD6, 0xD6, 0xD6,
    0xFF, 0xCD, 0xFF, 0xCA, 0xFF, 0xC7, 0xFF, 0xC3, 0xFF, 0xC2, 0xFF, 0xC2, 0xFF, 0xC3, 0xFF, 0xC3,
    0xFF, 0xC8, 0xFF, 0xC8, 0xFF, 0xC9, 0xFF, 0xCA, 0xFF, 0xD6, 0xFF, 0xD6, 0xFF, 0xD6, 0xFF, 0xD9,
    0xCD, 0xCD, 0xCA, 0xCA, 0xC7, 0xC7, 0xC3, 0xC3, 0xC2, 0xC2, 0xC2, 0xC2, 0xC3, 0xC3, 0xC3, 0xC3,
    0xC8, 0xC8, 0xC8, 0xC8, 0xC9, 0xC9, 0xCA, 0xCA, 0xD6, 0xD6, 0xD6, 0xD6, 0xD6, 0xD6, 0xD9, 0xD9,
    0xFF, 0xC1, 0xFF, 0xC0, 0xFF, 0xC7, 0xFF, 0xA3, 0xFF, 0xC3, 0xFF, 0xC2, 0xFF, 0xC8, 0xFF, 0xA1,
    0xFF, 0xCB, 0xFF, 0xCB, 0xFF, 0xCB, 0xFF, 0xC6, 0xFF, 0xDF, 0xFF, 0xE7, 0xFF, 0xEB, 0xFF, 0xE7,
    0xC1, 0xC1, 0xC0, 0xC0, 0xC7, 0xC7, 0xA3, 0xA3, 0xC3, 0xC3, 0xC2, 0xC2, 0xC8, 0xC8, 0xA1, 0xA1,
    0xCB, 0xCB, 0xCB, 0xCB, 0xCB, 0xCB, 0xC6, 0xC6, 0xDF, 0xDF, 0xE7, 0xE7, 0xEB, 0xEB, 0xE7, 0xE7,
    0xFF, 0x87, 0xFF, 0x9B, 0xFF, 0xCD, 0xFF, 0xC9, 0xFF, 0x92, 0xFF, 0xC9, 0xFF, 0xD1, 0xFF, 0xE0,
    0xFF, 0xDB, 0xFF, 0xEA, 0xFF, 0xDF, 0xFF, 0xA7, 0xFF, 0xC4, 0xFE, 0x7F, 0xFC, 0x30, 0xFD, 0x00,
    0x87, 0x87, 0x9B, 0x9B, 0xCD, 0xCD, 0xC9, 0xC9, 0x92, 0x92, 0xC9, 0xC9, 0xD1, 0xD1, 0xE0, 0xE1,
    0xDB, 0xDB, 0xEA, 0xEA, 0xDF, 0xDF, 0xA7, 0xA7, 0xC4, 0xC4, 0x7F, 0x7F, 0x30, 0x30, 0x00, 0x00,
    0xFF, 0xCD, 0xFF, 0xD7, 0xFF, 0xD5, 0xFF, 0x9B, 0xFF, 0xE2, 0xFF, 0xAD, 0xFE, 0x47, 0xFB, 0x00,
    0xFD, 0x49, 0xFC, 0x02, 0xFF, 0x00, 0xFF, 0x00, 0xFF, 0x00, 0xFF, 0x00, 0xE1, 0x03, 0x7B, 0x00,
    0xCD, 0xCE, 0xD5, 0xDA, 0xD2, 0xDA, 0x98, 0x9F, 0xE2, 0xE3, 0xAB, 0xAE, 0x47, 0x49, 0x00, 0x00,
    0x49, 0x4A, 0x02, 0x02, 0x00, 0x00, 0x00, 0x00, 0x00, 0x00, 0x00, 0x00, 0x03, 0x03, 0x00, 0x00,
    0xFE, 0x35, 0xFB, 0x00, 0xFF, 0x00, 0xFF, 0x02, 0xFF, 0x00, 0xFF, 0x02, 0xE2, 0x01, 0x6D, 0x00,
    0xE6, 0x02, 0x7C, 0x00, 0x12, 0x00, 0x00, 0x00, 0x15, 0x00, 0x00, 0x00, 0x00, 0x00, 0x03, 0x00,
    0x34, 0x37, 0x00, 0x00, 0x00, 0x00, 0x02, 0x02, 0x00, 0x00, 0x02, 0x02, 0x01, 0x01, 0x00, 0x00,
    0x02, 0x02, 0x00, 0x00, 0x00, 0x00, 0x00, 0x00, 0x00, 0x00, 0x00, 0x00, 0x00, 0x00, 0x00, 0x00,
    0xC8, 0x00, 0x33, 0x00, 0x00, 0x00, 0x03, 0x00, 0x03, 0x00, 0x00, 0x00, 0x03, 0x00, 0x00, 0x00,
    0x00, 0x00, 0x02, 0x00, 0x00, 0x00, 0x00, 0x00, 0x01, 0x00, 0x00, 0x00, 0x00, 0x00, 0x00, 0x00,
    0x00, 0x00, 0x00, 0x00, 0x00, 0x00, 0x00, 0x00, 0x00, 0x00, 0x00, 0x00, 0x00, 0x00, 0x00, 0x00,
    0x00, 0x00, 0x00, 0x00, 0x00, 0x00, 0x00, 0x00, 0x00, 0x00, 0x00, 0x00, 0x00, 0x00, 0x00, 0x00,
    0x00, 0x00, 0x03, 0x00, 0x00, 0x00, 0x40, 0x00, 0x00, 0x00, 0x00, 0x00, 0x03, 0x00, 0x00, 0x00,
    0x00, 0x00, 0x00, 0x00, 0x00, 0x00, 0x03, 0x00, 0x00, 0x00, 0x00, 0x00, 0x00, 0x00, 0x00, 0x00,
    0x00, 0x00, 0x00, 0x00, 0x00, 0x00, 0x00, 0x00, 0x00, 0x00, 0x00, 0x00, 0x00, 0x00, 0x00, 0x00,
    0x00, 0x00, 0x00, 0x00, 0x00, 0x00, 0x00, 0x00, 0x00, 0x00, 0x00, 0x00, 0x00, 0x00, 0x00, 0x00,
    0xD1, 0x00, 0xFF, 0x00, 0xFF, 0x00, 0xFC, 0x00, 0x08, 0x00, 0x71, 0x00, 0xDB, 0x00, 0xFF, 0x00,
    0x00, 0x00, 0x00, 0x00, 0x0A, 0x00, 0x53, 0x00, 0x01, 0x00, 0x03, 0x00, 0x00, 0x00, 0x00, 0x00,
    0x00, 0x00, 0x00, 0x00, 0x00, 0x00, 0x00, 0x00, 0x00, 0x00, 0x00, 0x00, 0x00, 0x00, 0x00, 0x00,
    0x00, 0x00, 0x00, 0x00, 0x00, 0x00, 0x00, 0x00, 0x00, 0x00, 0x00, 0x00, 0x00, 0x00, 0x00, 0x00,
    0xFB, 0x00, 0xFD, 0x00, 0xFE, 0x00, 0xFF, 0x02, 0xFF, 0x00, 0xFF, 0x00, 0xFF, 0x00, 0xFE, 0x00,
    0xA1, 0x00, 0xD9, 0x00, 0xF7, 0x00, 0xFF, 0x00, 0x00, 0x00, 0x04, 0x00, 0x1F, 0x00, 0x38, 0x00,
    0x00, 0x00, 0x00, 0x00, 0x00, 0x00, 0x02, 0x02, 0x00, 0x00, 0x00, 0x00, 0x00, 0x00, 0x00, 0x00,
    0x00, 0x00, 0x00, 0x00, 0x00, 0x00, 0x00, 0x00, 0x00, 0x00, 0x00, 0x00, 0x00, 0x00, 0x00, 0x00,
    0xFF, 0x05, 0xFF, 0x08, 0xFF, 0x0A, 0xFF, 0x0B, 0xFC, 0x01, 0xFC, 0x01, 0xFD, 0x01, 0xFF, 0x01,
    0xFF, 0x00, 0xFF, 0x00, 0xFF, 0x00, 0xFF, 0x00, 0x4A, 0x00, 0x4F, 0x00, 0x46, 0x00, 0x31, 0x00,
    0x05, 0x05, 0x08, 0x08, 0x0A, 0x0A, 0x0B, 0x0B, 0x01, 0x01, 0x01, 0x01, 0x01, 0x01, 0x01, 0x01,
    0x00, 0x00, 0x00, 0x00, 0x00, 0x00, 0x00, 0x00, 0x00, 0x00, 0x00, 0x00, 0x00, 0x00, 0x00, 0x00,
    0xFE, 0x0B, 0xFD, 0x0A, 0xFB, 0x09, 0xFD, 0x06, 0xFF, 0x01, 0xFF, 0x02, 0xFF, 0x02, 0xFF, 0x01,
    0xF0, 0x00, 0xCB, 0x00, 0x8E, 0x00, 0x3F, 0x00, 0x16, 0x00, 0x00, 0x00, 0x00, 0x00, 0x00, 0x00,
    0x0B, 0x0B, 0x0A, 0x0A, 0x09, 0x09, 0x06, 0x06, 0x01, 0x01, 0x02, 0x02, 0x02, 0x02, 0x01, 0x01,
    0x00, 0x00, 0x00, 0x00, 0x00, 0x00, 0x00, 0x00, 0x00, 0x00, 0x00, 0x00, 0x00, 0x00, 0x00, 0x00,
    0xFF, 0x03, 0xFF, 0x01, 0x51, 0x00, 0x00, 0x00, 0xC7, 0x01, 0x45, 0x00, 0x00, 0x00, 0x02, 0x00,
    0x00, 0x00, 0x00, 0x00, 0x02, 0x00, 0x00, 0x00, 0x00, 0x00, 0x03, 0x00, 0x00, 0x00, 0x00, 0x00,
    0x03, 0x03, 0x01, 0x01, 0x00, 0x00, 0x00, 0x00, 0x01, 0x01, 0x00, 0x00, 0x00, 0x00, 0x00, 0x00,
    0x00, 0x00, 0x00, 0x00, 0x00, 0x00, 0x00, 0x00, 0x00, 0x00, 0x00, 0x00, 0x00, 0x00, 0x00, 0x00,
    0x03, 0x00, 0x00, 0x00, 0x00, 0x00, 0x00, 0x00, 0x00, 0x00, 0x00, 0x00, 0x00, 0x00, 0x00, 0x00,
    0x00, 0x00, 0x00, 0x00, 0x00, 0x00, 0x00, 0x00, 0x00, 0x00, 0x00, 0x00, 0x00, 0x00, 0x00, 0x00,
    0x00, 0x00, 0x00, 0x00, 0x00, 0x00, 0x00, 0x00, 0x00, 0x00, 0x00, 0x00, 0x00, 0x00, 0x00, 0x00,
    0x00, 0x00, 0x00, 0x00, 0x00, 0x00, 0x00, 0x00, 0x00, 0x00, 0x00, 0x00, 0x00, 0x00, 0x00, 0x00,
    0x00, 0x00, 0x00, 0x00, 0x00, 0x00, 0x00, 0x00, 0x00, 0x00, 0x00, 0x00, 0x00, 0x00, 0x00, 0x00,
    0x00, 0x00, 0x00, 0x00, 0x00, 0x00, 0x00, 0x00, 0x00, 0x00, 0x00, 0x00, 0x00, 0x00, 0x00, 0x00,
    0x00, 0x00, 0x00, 0x00, 0x00, 0x00, 0x00, 0x00, 0x00, 0x00, 0x00, 0x00, 0x00, 0x00, 0x00, 0x00,
    0x00, 0x00, 0x00, 0x00, 0x00, 0x00, 0x00, 0x00, 0x00, 0x00, 0x00, 0x00, 0x00, 0x00, 0x00, 0x00,
    0x00, 0x00, 0x00, 0x00, 0x00, 0x00, 0x00, 0x00, 0x00, 0x00, 0x00, 0x00, 0x00, 0x00, 0x00, 0x00,
    0x00, 0x00, 0x00, 0x00, 0x00, 0x00, 0x00, 0x00, 0x00, 0x00, 0x00, 0x00, 0x00, 0x00, 0x00, 0x00,
    0x00, 0x00, 0x00, 0x00, 0x00, 0x00, 0x00, 0x00, 0x00, 0x00, 0x00, 0x00, 0x00, 0x00, 0x00, 0x00,
    0x00, 0x00, 0x00, 0x00, 0x00, 0x00, 0x00, 0x00, 0x00, 0x00, 0x00, 0x00, 0x00, 0x00, 0x00, 0x00,
    0x00, 0x00, 0x00, 0x00, 0x00, 0x00, 0x00, 0x00, 0x00, 0x00, 0x00, 0x00, 0x00, 0x00, 0x00, 0x00,
    0x00, 0x00, 0x00, 0x00, 0x00, 0x00, 0x00, 0x00, 0x00, 0x00, 0x00, 0x00, 0x00, 0x00, 0x00, 0x00,
    0x00, 0x00, 0x00, 0x00, 0x00, 0x00, 0x00, 0x00, 0x00, 0x00, 0x00, 0x00, 0x00, 0x00, 0x00, 0x00,
    0x00, 0x00, 0x00, 0x00, 0x00, 0x00, 0x00, 0x00, 0x00, 0x00, 0x00, 0x00, 0x00, 0x00, 0x00, 0x00,
    0x00, 0x00, 0x00, 0x00, 0x00, 0x00, 0x00, 0x00, 0x00, 0x00, 0x00, 0x00, 0x00, 0x00, 0x00, 0x00,
    0x00, 0x00, 0x00, 0x00, 0x00, 0x00, 0x00, 0x00, 0x00, 0x00, 0x00, 0x00, 0x00, 0x00, 0x00, 0x00,
    0x00, 0x00, 0x00, 0x00, 0x00, 0x00, 0x00, 0x00, 0x00, 0x00, 0x00, 0x00, 0x00, 0x00, 0x00, 0x00,
    0x00, 0x00, 0x00, 0x00, 0x00, 0x00, 0x00, 0x00, 0x00, 0x00, 0x00, 0x00, 0x00, 0x00, 0x00, 0x00,
    0x00, 0x00, 0x00, 0x00, 0x00, 0x00, 0x00, 0x00, 0x00, 0x00, 0x00, 0x00, 0x00, 0x00, 0x00, 0x00,
    0x00, 0x00, 0x00, 0x00, 0x00, 0x00, 0x00, 0x00, 0x00, 0x00, 0x00, 0x00, 0x00, 0x00, 0x00, 0x00,
    0x00, 0x00, 0x00, 0x00, 0x00, 0x00, 0x00, 0x00, 0x00, 0x00, 0x00, 0x00, 0x00, 0x00, 0x00, 0x00,
    0x00, 0x00, 0x00, 0x00, 0x00, 0x00, 0x00, 0x00, 0x00, 0x00, 0x00, 0x00, 0x00, 0x00, 0x00, 0x00,
    0x00, 0x00, 0x00, 0x00, 0x00, 0x00, 0x00, 0x00, 0x00, 0x00, 0x00, 0x00, 0x00, 0x00, 0x00, 0x00,
    0x00, 0x00, 0x00, 0x00, 0x00, 0x00, 0x00, 0x00, 0x00, 0x00, 0x00, 0x00, 0x00, 0x00, 0x00, 0x00,
    0x00, 0x00, 0x00, 0x00, 0x00, 0x00, 0x00, 0x00, 0x00, 0x00, 0x00, 0x00, 0x00, 0x00, 0x00, 0x00,
    0x00, 0x00, 0x00, 0x00, 0x00, 0x00, 0x00, 0x00, 0x00, 0x00, 0x00, 0x00, 0x00, 0x00, 0x00, 0x00,
    0x00, 0x00, 0x00, 0x00, 0x00, 0x00, 0x00, 0x00, 0x00, 0x00, 0x00, 0x00, 0x00, 0x00, 0x00, 0x00,
    0x00, 0x00, 0x00, 0x00, 0x00, 0x00, 0x00, 0x00, 0x00, 0x00, 0x00, 0x00, 0x00, 0x00, 0x00, 0x00,
    0x00, 0x00, 0x00, 0x00, 0x00, 0x00, 0x00, 0x00, 0x00, 0x00, 0x00, 0x00, 0x00, 0x00, 0x00, 0x00,
    0x00, 0x00, 0x00, 0x00, 0x00, 0x00, 0x00, 0x00, 0x00, 0x00, 0x00, 0x00, 0x00, 0x00, 0x00, 0x00,
    0x00, 0x00, 0x00, 0x00, 0x00, 0x00, 0x00, 0x00, 0x00, 0x00, 0x00, 0x00, 0x00, 0x00, 0x00, 0x00,
    0x00, 0x00, 0x00, 0x00, 0x00, 0x00, 0x00, 0x00, 0x00, 0x00, 0x00, 0x00, 0x00, 0x00, 0x00, 0x00,
    0x00, 0x00, 0x00, 0x00, 0x00, 0x00, 0x00, 0x00, 0x00, 0x00, 0x00, 0x00, 0x00, 0x00, 0x00, 0x00,
    0x00, 0x00, 0x00, 0x00, 0x00, 0x00, 0x00, 0x00, 0x00, 0x00, 0x00, 0x00, 0x00, 0x00, 0x00, 0x00,
    0x03, 0x00, 0x04, 0x00, 0x00, 0x00, 0x00, 0x00, 0x00, 0x00, 0x00, 0x00, 0x00, 0x00, 0x01, 0x00,
    0x00, 0x00, 0x00, 0x00, 0x00, 0x00, 0x00, 0x00, 0x00, 0x00, 0x00, 0x00, 0x00, 0x00, 0x00, 0x00,
    0x00, 0x00, 0x00, 0x00, 0x00, 0x00, 0x00, 0x00, 0x00, 0x00, 0x00, 0x00, 0x00, 0x00, 0x00, 0x00,
    0x00, 0x00, 0x00, 0x00, 0x00, 0x00, 0x00, 0x00, 0x00, 0x00, 0x00, 0x00, 0x00, 0x00, 0x00, 0x00,
    0x00, 0x00, 0x00, 0x00, 0x00, 0x00, 0x00, 0x00, 0x02, 0x00, 0x03, 0x00, 0x03, 0x00, 0x03, 0x00,
    0x00, 0x00, 0x00, 0x00, 0x00, 0x00, 0x00, 0x00, 0x00, 0x00, 0x00, 0x00, 0x00, 0x00, 0x00, 0x00,
    0x00, 0x00, 0x00, 0x00, 0x00, 0x00, 0x00, 0x00, 0x00, 0x00, 0x00, 0x00, 0x00, 0x00, 0x00, 0x00,
    0x00, 0x00, 0x00, 0x00, 0x00, 0x00, 0x00, 0x00, 0x00, 0x00, 0x00, 0x00, 0x00, 0x00, 0x00, 0x00,
    0x00, 0x00, 0x00, 0x00, 0x00, 0x00, 0x03, 0x00, 0x03, 0x00, 0x02, 0x00, 0x01, 0x00, 0x00, 0x00,
    0x00, 0x00, 0x00, 0x00, 0x00, 0x00, 0x00, 0x00, 0x00, 0x00, 0x00, 0x00, 0x00, 0x00, 0x00, 0x00,
    0x00, 0x00, 0x00, 0x00, 0x00, 0x00, 0x00, 0x00, 0x00, 0x00, 0x00, 0x00, 0x00, 0x00, 0x00, 0x00,
    0x00, 0x00, 0x00, 0x00, 0x00, 0x00, 0x00, 0x00, 0x00, 0x00, 0x00, 0x00, 0x00, 0x00, 0x00, 0x00,
    0x03, 0x00, 0x01, 0x00, 0x00, 0x00, 0x00, 0x00, 0x00, 0x00, 0x00, 0x00, 0x00, 0x00, 0x00, 0x00,
    0x00, 0x00, 0x00, 0x00, 0x00, 0x00, 0x00, 0x00, 0x00, 0x00, 0x00, 0x00, 0x00, 0x00, 0x00, 0x00,
    0x00, 0x00, 0x00, 0x00, 0x00, 0x00, 0x00, 0x00, 0x00, 0x00, 0x00, 0x00, 0x00, 0x00, 0x00, 0x00,
    0x00, 0x00, 0x00, 0x00, 0x00, 0x00, 0x00, 0x00, 0x00, 0x00, 0x00, 0x00, 0x00, 0x00, 0x00, 0x00,
    0x00, 0x00, 0x00, 0x00, 0x00, 0x00, 0x00, 0x00, 0x00, 0x00, 0x00, 0x00, 0x00, 0x00, 0x00, 0x00,
    0x00, 0x00, 0x00, 0x00, 0x00, 0x00, 0x00, 0x00, 0x00, 0x00, 0x00, 0x00, 0x00, 0x00, 0x00, 0x00,
    0x00, 0x00, 0x00, 0x00, 0x00, 0x00, 0x00, 0x00, 0x00, 0x00, 0x00, 0x00, 0x00, 0x00, 0x00, 0x00,
    0x00, 0x00, 0x00, 0x00, 0x00, 0x00, 0x00, 0x00, 0x00, 0x00, 0x00, 0x00, 0x00, 0x00, 0x00, 0x00,
    0x00, 0x00, 0x00, 0x00, 0x00, 0x00, 0x00, 0x00, 0x00, 0x00, 0x00, 0x00, 0x00, 0x00, 0x00, 0x00,
    0x00, 0x00, 0x00, 0x00, 0x00, 0x00, 0x00, 0x00, 0x00, 0x00, 0x00, 0x00, 0x00, 0x00, 0x00, 0x00,
    0x00, 0x00, 0x00, 0x00, 0x00, 0x00, 0x00, 0x00, 0x00, 0x00, 0x00, 0x00, 0x00, 0x00, 0x00, 0x00,
    0x00, 0x00, 0x00, 0x00, 0x00, 0x00, 0x00, 0x00, 0x00, 0x00, 0x00, 0x00, 0x00, 0x00, 0x00, 0x00,
    0x00, 0x00, 0x01, 0x00, 0x04, 0x00, 0x00, 0x00, 0x00, 0x00, 0x00, 0x00, 0x00, 0x00, 0x01, 0x00,
    0x00, 0x00, 0x00, 0x00, 0x00, 0x00, 0x00, 0x00, 0x00, 0x00, 0x00, 0x00, 0x00, 0x00, 0x00, 0x00,
    0x00, 0x00, 0x00, 0x00, 0x00, 0x00, 0x00, 0x00, 0x00, 0x00, 0x00, 0x00, 0x00, 0x00, 0x00, 0x00,
    0x00, 0x00, 0x00, 0x00, 0x00, 0x00, 0x00, 0x00, 0x00, 0x00, 0x00, 0x00, 0x00, 0x00, 0x00, 0x00,
    0x00, 0x00, 0x0F, 0x00, 0x68, 0x00, 0xCD, 0x03, 0x04, 0x00, 0x00, 0x00, 0x00, 0x00, 0x01, 0x00,
    0x00, 0x00, 0x01, 0x00, 0x04, 0x00, 0x00, 0x00, 0x00, 0x00, 0x00, 0x00, 0x00, 0x00, 0x01, 0x00,
    0x00, 0x00, 0x00, 0x00, 0x00, 0x00, 0x03, 0x03, 0x00, 0x00, 0x00, 0x00, 0x00, 0x00, 0x00, 0x00,
    0x00, 0x00, 0x00, 0x00, 0x00, 0x00, 0x00, 0x00, 0x00, 0x00, 0x00, 0x00, 0x00, 0x00, 0x00, 0x00,
    0xFF, 0x01, 0xFF, 0x00, 0xFF, 0x00, 0xFC, 0x09, 0x44, 0x00, 0x9F, 0x03, 0xE8, 0x03, 0xFF, 0x00,
    0x00, 0x00, 0x00, 0x00, 0x12, 0x00, 0x50, 0x03, 0x03, 0x00, 0x03, 0x00, 0x00, 0x00, 0x00, 0x00,
    0x01, 0x01, 0x00, 0x00, 0x00, 0x00, 0x09, 0x09, 0x00, 0x00, 0x03, 0x03, 0x03, 0x03, 0x00, 0x00,
    0x00, 0x00, 0x00, 0x00, 0x00, 0x00, 0x03, 0x03, 0x00, 0x00, 0x00, 0x00, 0x00, 0x00, 0x00, 0x00,
    0xFB, 0x3B, 0xFD, 0x77, 0xFE, 0xAD, 0xFF, 0xD2, 0xFF, 0x00, 0xFF, 0x00, 0xFF, 0x00, 0xFD, 0x15,
    0x97, 0x05, 0xD0, 0x03, 0xF5, 0x01, 0xFF, 0x00, 0x00, 0x00, 0x00, 0x00, 0x1C, 0x00, 0x42, 0x03,
    0x3B, 0x3B, 0x77, 0x77, 0xAD, 0xAD, 0xD2, 0xD2, 0x00, 0x00, 0x00, 0x00, 0x00, 0x00, 0x15, 0x15,
    0x05, 0x05, 0x03, 0x03, 0x01, 0x01, 0x00, 0x00, 0x00, 0x00, 0x00, 0x00, 0x00, 0x00, 0x03, 0x03,
    0xFF, 0xE6, 0xFF, 0xEC, 0xFF, 0xED, 0xFF, 0xEE, 0xFB, 0x3B, 0xFB, 0x5F, 0xFB, 0x72, 0xFC, 0x7B,
    0xFF, 0x00, 0xFF, 0x00, 0xFF, 0x00, 0xFF, 0x00, 0x6A, 0x07, 0x8E, 0x05, 0xAA, 0x06, 0xBC, 0x04,
    0xE6, 0xE6, 0xEC, 0xEC, 0xED, 0xED, 0xEE, 0xEE, 0x3B, 0x3B, 0x5F, 0x5F, 0x72, 0x72, 0x7B, 0x7B,
    0x00, 0x00, 0x00, 0x00, 0x00, 0x00, 0x00, 0x00, 0x07, 0x07, 0x05, 0x05, 0x06, 0x06, 0x04, 0x04,
    0xFF, 0xEE, 0xFF, 0xED, 0xFF, 0xEC, 0xFF, 0xE6, 0xFC, 0x7B, 0xFB, 0x72, 0xFB, 0x5F, 0xFB, 0x3B,
    0xFF, 0x00, 0xFF, 0x00, 0xFF, 0x00, 0xFF, 0x00, 0xBC, 0x04, 0xAA, 0x06, 0x8E, 0x05, 0x6A, 0x07,
    0xEE, 0xEE, 0xED, 0xED, 0xEC, 0xEC, 0xE6, 0xE6, 0x7B, 0x7B, 0x72, 0x72, 0x5F, 0x5F, 0x3B, 0x3B,
    0x00, 0x00, 0x00, 0x00, 0x00, 0x00, 0x00, 0x00, 0x04, 0x04, 0x06, 0x06, 0x05, 0x05, 0x07, 0x07,
    0xFF, 0xD2, 0xFE, 0xAD, 0xFD, 0x77, 0xFB, 0x3A, 0xFD, 0x15, 0xFF, 0x00, 0xFF, 0x00, 0xFF, 0x00,
    0xFF, 0x00, 0xF5, 0x01, 0xD0, 0x03, 0x97, 0x05, 0x42, 0x03, 0x1C, 0x00, 0x00, 0x00, 0x00, 0x00,
    0xD2, 0xD2, 0xAD, 0xAD, 0x77, 0x77, 0x3A, 0x3A, 0x15, 0x15, 0x00, 0x00, 0x00, 0x00, 0x00, 0x00,
    0x00, 0x00, 0x01, 0x01, 0x03, 0x03, 0x05, 0x05, 0x03, 0x03, 0x00, 0x00, 0x00, 0x00, 0x00, 0x00,
    0xFC, 0x09, 0xFF, 0x00, 0xFF, 0x00, 0xFF, 0x01, 0xFF, 0x00, 0xE8, 0x03, 0x9F, 0x03, 0x44, 0x00,
    0x50, 0x03, 0x12, 0x00, 0x00, 0x00, 0x00, 0x00, 0x00, 0x00, 0x00, 0x00, 0x03, 0x00, 0x03, 0x00,
    0x09, 0x09, 0x00, 0x00, 0x00, 0x00, 0x01, 0x01, 0x00, 0x00, 0x03, 0x03, 0x03, 0x03, 0x00, 0x00,
    0x03, 0x03, 0x00, 0x00, 0x00, 0x00, 0x00, 0x00, 0x00, 0x00, 0x00, 0x00, 0x00, 0x00, 0x00, 0x00,
    0xCD, 0x03, 0x68, 0x00, 0x0F, 0x00, 0x00, 0x00, 0x01, 0x00, 0x00, 0x00, 0x00, 0x00, 0x04, 0x00,
    0x00, 0x00, 0x04, 0x00, 0x01, 0x00, 0x00, 0x00, 0x01, 0x00, 0x00, 0x00, 0x00, 0x00, 0x00, 0x00,
    0x03, 0x03, 0x00, 0x00, 0x00, 0x00, 0x00, 0x00, 0x00, 0x00, 0x00, 0x00, 0x00, 0x00, 0x00, 0x00,
    0x00, 0x00, 0x00, 0x00, 0x00, 0x00, 0x00, 0x00, 0x00, 0x00, 0x00, 0x00, 0x00, 0x00, 0x00, 0x00,
    0x00, 0x00, 0x04, 0x00, 0x01, 0x00, 0x00, 0x00, 0x01, 0x00, 0x00, 0x00, 0x00, 0x00, 0x00, 0x00,
    0x00, 0x00, 0x00, 0x00, 0x00, 0x00, 0x00, 0x00, 0x00, 0x00, 0x00, 0x00, 0x00, 0x00, 0x00, 0x00,
    0x00, 0x00, 0x00, 0x00, 0x00, 0x00, 0x00, 0x00, 0x00, 0x00, 0x00, 0x00, 0x00, 0x00, 0x00, 0x00,
    0x00, 0x00, 0x00, 0x00, 0x00, 0x00, 0x00, 0x00, 0x00, 0x00, 0x00, 0x00, 0x00, 0x00, 0x00, 0x00,
    0x00, 0x00, 0x00, 0x00, 0x00, 0x00, 0x00, 0x00, 0x00, 0x00, 0x00, 0x00, 0x00, 0x00, 0x00, 0x00,
    0x00, 0x00, 0x00, 0x00, 0x00, 0x00, 0x00, 0x00, 0x00, 0x00, 0x00, 0x00, 0x00, 0x00, 0x00, 0x00,
    0x00, 0x00, 0x00, 0x00, 0x00, 0x00, 0x00, 0x00, 0x00, 0x00, 0x00, 0x00, 0x00, 0x00, 0x00, 0x00,
    0x00, 0x00, 0x00, 0x00, 0x00, 0x00, 0x00, 0x00, 0x00, 0x00, 0x00, 0x00, 0x00, 0x00, 0x00, 0x00,
    0x00, 0x00, 0x00, 0x00, 0x00, 0x00, 0x00, 0x00, 0x00, 0x00, 0x00, 0x00, 0x00, 0x00, 0x00, 0x00,
    0x00, 0x00, 0x00, 0x00, 0x00, 0x00, 0x00, 0x00, 0x00, 0x00, 0x00, 0x00, 0x00, 0x00, 0x00, 0x00,
    0x00, 0x00, 0x00, 0x00, 0x00, 0x00, 0x00, 0x00, 0x00, 0x00, 0x00, 0x00, 0x00, 0x00, 0x00, 0x00,
    0x00, 0x00, 0x00, 0x00, 0x00, 0x00, 0x00, 0x00, 0x00, 0x00, 0x00, 0x00, 0x00, 0x00, 0x00, 0x00,
    0x00, 0x00, 0x00, 0x00, 0x01, 0x00, 0x03, 0x00, 0x00, 0x00, 0x00, 0x00, 0x00, 0x00, 0x00, 0x00,
    0x00, 0x00, 0x00, 0x00, 0x00, 0x00, 0x00, 0x00, 0x00, 0x00, 0x00, 0x00, 0x00, 0x00, 0x00, 0x00,
    0x00, 0x00, 0x00, 0x00, 0x00, 0x00, 0x00, 0x00, 0x00, 0x00, 0x00, 0x00, 0x00, 0x00, 0x00, 0x00,
    0x00, 0x00, 0x00, 0x00, 0x00, 0x00, 0x00, 0x00, 0x00, 0x00, 0x00, 0x00, 0x00, 0x00, 0x00, 0x00,
    0x03, 0x00, 0x00, 0x00, 0x00, 0x00, 0x00, 0x00, 0x00, 0x00, 0x01, 0x00, 0x02, 0x00, 0x03, 0x00,
    0x00, 0x00, 0x00, 0x00, 0x00, 0x00, 0x00, 0x00, 0x00, 0x00, 0x00, 0x00, 0x00, 0x00, 0x00, 0x00,
    0x00, 0x00, 0x00, 0x00, 0x00, 0x00, 0x00, 0x00, 0x00, 0x00, 0x00, 0x00, 0x00, 0x00, 0x00, 0x00,
    0x00, 0x00, 0x00, 0x00, 0x00, 0x00, 0x00, 0x00, 0x00, 0x00, 0x00, 0x00, 0x00, 0x00, 0x00, 0x00,
    0x00, 0x00, 0x00, 0x00, 0x00, 0x00, 0x00, 0x00, 0x03, 0x00, 0x03, 0x00, 0x03, 0x00, 0x02, 0x00,
    0x00, 0x00, 0x00, 0x00, 0x00, 0x00, 0x00, 0x00, 0x00, 0x00, 0x00, 0x00, 0x00, 0x00, 0x00, 0x00,
    0x00, 0x00, 0x00, 0x00, 0x00, 0x00, 0x00, 0x00, 0x00, 0x00, 0x00, 0x00, 0x00, 0x00, 0x00, 0x00,
    0x00, 0x00, 0x00, 0x00, 0x00, 0x00, 0x00, 0x00, 0x00, 0x00, 0x00, 0x00, 0x00, 0x00, 0x00, 0x00,
    0x00, 0x00, 0x00, 0x00, 0x04, 0x00, 0x03, 0x00, 0x01, 0x00, 0x00, 0x00, 0x00, 0x00, 0x00, 0x00,
    0x00, 0x00, 0x00, 0x00, 0x00, 0x00, 0x00, 0x00, 0x00, 0x00, 0x00, 0x00, 0x00, 0x00, 0x00, 0x00,
    0x00, 0x00, 0x00, 0x00, 0x00, 0x00, 0x00, 0x00, 0x00, 0x00, 0x00, 0x00, 0x00, 0x00, 0x00, 0x00,
    0x00, 0x00, 0x00, 0x00, 0x00, 0x00, 0x00, 0x00, 0x00, 0x00, 0x00, 0x00, 0x00, 0x00, 0x00, 0x00,
    0x00, 0x00, 0x00, 0x00, 0x00, 0x00, 0x00, 0x00, 0x00, 0x00, 0x00, 0x00, 0x00, 0x00, 0x00, 0x00,
    0x00, 0x00, 0x00, 0x00, 0x00, 0x00, 0x00, 0x00, 0x00, 0x00, 0x00, 0x00, 0x00, 0x00, 0x00, 0x00,
    0x00, 0x00, 0x00, 0x00, 0x00, 0x00, 0x00, 0x00, 0x00, 0x00, 0x00, 0x00, 0x00, 0x00, 0x00, 0x00,
    0x00, 0x00, 0x00, 0x00, 0x00, 0x00, 0x00, 0x00, 0x00, 0x00, 0x00, 0x00, 0x00, 0x00, 0x00, 0x00,
    0x00, 0x00, 0x00, 0x00, 0x00, 0x00, 0x00, 0x00, 0x00, 0x00, 0x00, 0x00, 0x00, 0x00, 0x00, 0x00,
    0x00, 0x00, 0x00, 0x00, 0x00, 0x00, 0x00, 0x00, 0x00, 0x00, 0x00, 0x00, 0x00, 0x00, 0x00, 0x00,
    0x00, 0x00, 0x00, 0x00, 0x00, 0x00, 0x00, 0x00, 0x00, 0x00, 0x00, 0x00, 0x00, 0x00, 0x00, 0x00,
    0x00, 0x00, 0x00, 0x00, 0x00, 0x00, 0x00, 0x00, 0x00, 0x00, 0x00, 0x00, 0x00, 0x00, 0x00, 0x00,
    0x00, 0x00, 0x00, 0x00, 0x00, 0x00, 0x00, 0x00, 0x00, 0x00, 0x00, 0x00, 0x00, 0x00, 0x00, 0x00,
    0x00, 0x00, 0x00, 0x00, 0x00, 0x00, 0x00, 0x00, 0x00, 0x00, 0x00, 0x00, 0x00, 0x00, 0x00, 0x00,
    0x00, 0x00, 0x00, 0x00, 0x00, 0x00, 0x00, 0x00, 0x00, 0x00, 0x00, 0x00, 0x00, 0x00, 0x00, 0x00,
    0x00, 0x00, 0x00, 0x00, 0x00, 0x00, 0x00, 0x00, 0x00, 0x00, 0x00, 0x00, 0x00, 0x00, 0x00, 0x00,
    0x00, 0x00, 0x00, 0x00, 0x00, 0x00, 0x00, 0x00, 0x00, 0x00, 0x00, 0x00, 0x00, 0x00, 0x00, 0x00,
    0x00, 0x00, 0x00, 0x00, 0x00, 0x00, 0x00, 0x00, 0x00, 0x00, 0x00, 0x00, 0x00, 0x00, 0x00, 0x00,
    0x00, 0x00, 0x00, 0x00, 0x00, 0x00, 0x00, 0x00, 0x00, 0x00, 0x00, 0x00, 0x00, 0x00, 0x00, 0x00,
    0x00, 0x00, 0x00, 0x00, 0x00, 0x00, 0x00, 0x00, 0x00, 0x00, 0x00, 0x00, 0x00, 0x00, 0x00, 0x00,
    0x00, 0x00, 0x00, 0x00, 0x00, 0x00, 0x00, 0x00, 0x00, 0x00, 0x00, 0x00, 0x00, 0x00, 0x00, 0x00,
    0x00, 0x00, 0x00, 0x00, 0x00, 0x00, 0x00, 0x00, 0x00, 0x00, 0x00, 0x00, 0x00, 0x00, 0x00, 0x00,
    0x00, 0x00, 0x00, 0x00, 0x00, 0x00, 0x00, 0x00, 0x00, 0x00, 0x00, 0x00, 0x00, 0x00, 0x00, 0x00,
    0x00, 0x00, 0x00, 0x00, 0x00, 0x00, 0x00, 0x00, 0x00, 0x00, 0x00, 0x00, 0x00, 0x00, 0x00, 0x00,
    0x00, 0x00, 0x00, 0x00, 0x00, 0x00, 0x00, 0x00, 0x00, 0x00, 0x00, 0x00, 0x00, 0x00, 0x00, 0x00,
    0x00, 0x00, 0x00, 0x00, 0x00, 0x00, 0x00, 0x00, 0x00, 0x00, 0x00, 0x00, 0x00, 0x00, 0x00, 0x00,
    0x00, 0x00, 0x00, 0x00, 0x00, 0x00, 0x00, 0x00, 0x00, 0x00, 0x00, 0x00, 0x00, 0x00, 0x00, 0x00,
    0x00, 0x00, 0x00, 0x00, 0x00, 0x00, 0x00, 0x00, 0x00, 0x00, 0x00, 0x00, 0x00, 0x00, 0x00, 0x00,
    0x00, 0x00, 0x00, 0x00, 0x00, 0x00, 0x00, 0x00, 0x00, 0x00, 0x00, 0x00, 0x00, 0x00, 0x00, 0x00,
    0x00, 0x00, 0x00, 0x00, 0x00, 0x00, 0x00, 0x00, 0x00, 0x00, 0x00, 0x00, 0x00, 0x00, 0x00, 0x00,
    0x00, 0x00, 0x00, 0x00, 0x00, 0x00, 0x00, 0x00, 0x00, 0x00, 0x00, 0x00, 0x00, 0x00, 0x00, 0x00,
    0x00, 0x00, 0x00, 0x00, 0x00, 0x00, 0x00, 0x00, 0x00, 0x00, 0x00, 0x00, 0x00, 0x00, 0x00, 0x00,
    0x00, 0x00, 0x00, 0x00, 0x00, 0x00, 0x00, 0x00, 0x00, 0x00, 0x00, 0x00, 0x00, 0x00, 0x00, 0x00,
    0x00, 0x00, 0x00, 0x00, 0x00, 0x00, 0x00, 0x00, 0x00, 0x00, 0x00, 0x00, 0x00, 0x00, 0x00, 0x00,
    0x00, 0x00, 0x00, 0x00, 0x00, 0x00, 0x00, 0x00, 0x00, 0x00, 0x00, 0x00, 0x00, 0x00, 0x00, 0x00,
    0x00, 0x00, 0x00, 0x00, 0x00, 0x00, 0x00, 0x00, 0x00, 0x00, 0x00, 0x00, 0x00, 0x00, 0x00, 0x00,
    0x00, 0x00, 0x00, 0x00, 0x00, 0x00, 0x00, 0x00, 0x00, 0x00, 0x00, 0x00, 0x00, 0x00, 0x00, 0x00,
    0x00, 0x00, 0x00, 0x00, 0x00, 0x00, 0x00, 0x00, 0x00, 0x00, 0x00, 0x00, 0x00, 0x00, 0x00, 0x00,
    0x00, 0x00, 0x00, 0x00, 0x00, 0x00, 0x00, 0x00, 0x00, 0x00, 0x00, 0x00, 0x00, 0x00, 0x00, 0x00,
    0x00, 0x00, 0x00, 0x00, 0x00, 0x00, 0x00, 0x00, 0x00, 0x00, 0x00, 0x00, 0x00, 0x00, 0x00, 0x00,
    0x00, 0x00, 0x00, 0x00, 0x00, 0x00, 0x00, 0x00, 0x00, 0x00, 0x00, 0x00, 0x00, 0x00, 0x00, 0x00,
    0x00, 0x00, 0x00, 0x00, 0x00, 0x00, 0x00, 0x00, 0x00, 0x00, 0x00, 0x00, 0x00, 0x00, 0x00, 0x00,
    0x00, 0x00, 0x00, 0x00, 0x00, 0x00, 0x00, 0x00, 0x00, 0x00, 0x00, 0x00, 0x00, 0x00, 0x00, 0x00,
    0x00, 0x00, 0x00, 0x00, 0x00, 0x00, 0x00, 0x00, 0x00, 0x00, 0x00, 0x00, 0x00, 0x00, 0x00, 0x00,
    0x00, 0x00, 0x00, 0x00, 0x00, 0x00, 0x00, 0x00, 0x00, 0x00, 0x00, 0x00, 0x00, 0x00, 0x00, 0x00,
    0x00, 0x00, 0x00, 0x00, 0x00, 0x00, 0x00, 0x00, 0x00, 0x00, 0x00, 0x00, 0x00, 0x00, 0x00, 0x00,
    0x00, 0x00, 0x00, 0x00, 0x00, 0x00, 0x00, 0x00, 0x00, 0x00, 0x00, 0x00, 0x00, 0x00, 0x00, 0x00,
    0x00, 0x00, 0x00, 0x00, 0x00, 0x00, 0x00, 0x00, 0x00, 0x00, 0x00, 0x00, 0x00, 0x00, 0x00, 0x00,
    0x00, 0x00, 0x00, 0x00, 0x00, 0x00, 0x00, 0x00, 0x00, 0x00, 0x00, 0x00, 0x00, 0x00, 0x00, 0x00,
    0x00, 0x00, 0x00, 0x00, 0x00, 0x00, 0x00, 0x00, 0x00, 0x00, 0x00, 0x00, 0x00, 0x00, 0x00, 0x00,
    0x00, 0x00, 0x00, 0x00, 0x00, 0x00, 0x00, 0x00, 0x00, 0x00, 0x00, 0x00, 0x00, 0x00, 0x00, 0x00,
    0x00, 0x00, 0x00, 0x00, 0x00, 0x00, 0x00, 0x00, 0x00, 0x00, 0x00, 0x00, 0x00, 0x00, 0x00, 0x00,
    0x00, 0x00, 0x00, 0x00, 0x00, 0x00, 0x00, 0x00, 0x00, 0x00, 0x00, 0x00, 0x00, 0x00, 0x00, 0x00,
    0x00, 0x00, 0x00, 0x00, 0x00, 0x00, 0x00, 0x00, 0x00, 0x00, 0x00, 0x00, 0x00, 0x00, 0x00, 0x00,
    0x00, 0x00, 0x00, 0x00, 0x00, 0x00, 0x00, 0x00, 0x00, 0x00, 0x00, 0x00, 0x00, 0x00, 0x00, 0x00,
    0x00, 0x00, 0x00, 0x00, 0x00, 0x00, 0x00, 0x00, 0x00, 0x00, 0x00, 0x00, 0x00, 0x00, 0x00, 0x00,
    0x00, 0x00, 0x00, 0x00, 0x00, 0x00, 0x00, 0x00, 0x00, 0x00, 0x00, 0x00, 0x00, 0x00, 0x00, 0x00,
    0x00, 0x00, 0x00, 0x00, 0x00, 0x00, 0x00, 0x00, 0x00, 0x00, 0x00, 0x00, 0x00, 0x00, 0x00, 0x00,
    0x00, 0x00, 0x00, 0x00, 0x00, 0x00, 0x00, 0x00, 0x00, 0x00, 0x00, 0x00, 0x00, 0x00, 0x00, 0x00,
    0x00, 0x00, 0x00, 0x00, 0x00, 0x00, 0x00, 0x00, 0x00, 0x00, 0x00, 0x00, 0x00, 0x00, 0x00, 0x00,
    0x00, 0x00, 0x00, 0x00, 0x00, 0x00, 0x00, 0x00, 0x00, 0x00, 0x00, 0x00, 0x00, 0x00, 0x00, 0x00,
    0x00, 0x00, 0x00, 0x00, 0x00, 0x00, 0x00, 0x00, 0x00, 0x00, 0x00, 0x00, 0x00, 0x00, 0x00, 0x00,
    0x00, 0x00, 0x00, 0x00, 0x00, 0x00, 0x00, 0x00, 0x00, 0x00, 0x00, 0x00, 0x00, 0x00, 0x00, 0x00,
    0x00, 0x00, 0x00, 0x00, 0x00, 0x00, 0x00, 0x00, 0x00, 0x00, 0x00, 0x00, 0x00, 0x00, 0x00, 0x00,
    0x00, 0x00, 0x00, 0x00, 0x00, 0x00, 0x00, 0x00, 0x00, 0x00, 0x00, 0x00, 0x00, 0x00, 0x00, 0x00,
    0x00, 0x00, 0x00, 0x00, 0x00, 0x00, 0x00, 0x00, 0x00, 0x00, 0x00, 0x00, 0x00, 0x00, 0x00, 0x00,
    0x00, 0x00, 0x00, 0x00, 0x00, 0x00, 0x00, 0x00, 0x00, 0x00, 0x00, 0x00, 0x00, 0x00, 0x00, 0x00,
    0x00, 0x00, 0x00, 0x00, 0x00, 0x00, 0x00, 0x00, 0x00, 0x00, 0x00, 0x00, 0x00, 0x00, 0x00, 0x00,
    0x00, 0x00, 0x00, 0x00, 0x00, 0x00, 0x00, 0x00, 0x00, 0x00, 0x00, 0x00, 0x00, 0x00, 0x00, 0x00,
    0x00, 0x00, 0x00, 0x00, 0x00, 0x00, 0x00, 0x00, 0x00, 0x00, 0x00, 0x00, 0x00, 0x00, 0x00, 0x00,
    0x00, 0x00, 0x00, 0x00, 0x00, 0x00, 0x00, 0x00, 0x00, 0x00, 0x00, 0x00, 0x00, 0x00, 0x00, 0x00,
    0x00, 0x00, 0x00, 0x00, 0x00, 0x00, 0x00, 0x00, 0x00, 0x00, 0x00, 0x00, 0x00, 0x00, 0x00, 0x00,
    0x00, 0x00, 0x00, 0x00, 0x00, 0x00, 0x00, 0x00, 0x00, 0x00, 0x00, 0x00, 0x00, 0x00, 0x00, 0x00,
    0x00, 0x00, 0x00, 0x00, 0x00, 0x00, 0x00, 0x00, 0x00, 0x00, 0x00, 0x00, 0x00, 0x00, 0x00, 0x00,
    0x00, 0x00, 0x00, 0x00, 0x00, 0x00, 0x00, 0x00, 0x00, 0x00, 0x00, 0x00, 0x00, 0x00, 0x00, 0x00,
    0x00, 0x00, 0x00, 0x00, 0x00, 0x00, 0x00, 0x00, 0x00, 0x00, 0x00, 0x00, 0x00, 0x00, 0x00, 0x00,
    0x00, 0x00, 0x00, 0x00, 0x01, 0x00, 0x03, 0x00, 0x00, 0x00, 0x00, 0x00, 0x00, 0x00, 0x00, 0x00,
    0x00, 0x00, 0x00, 0x00, 0x00, 0x00, 0x00, 0x00, 0x00, 0x00, 0x00, 0x00, 0x00, 0x00, 0x00, 0x00,
    0x00, 0x00, 0x00, 0x00, 0x00, 0x00, 0x00, 0x00, 0x00, 0x00, 0x00, 0x00, 0x00, 0x00, 0x00, 0x00,
    0x00, 0x00, 0x00, 0x00, 0x00, 0x00, 0x00, 0x00, 0x00, 0x00, 0x00, 0x00, 0x00, 0x00, 0x00, 0x00,
    0x04, 0x00, 0x00, 0x00, 0x00, 0x00, 0x00, 0x00, 0x00, 0x00, 0x00, 0x00, 0x02, 0x00, 0x03, 0x00,
    0x00, 0x00, 0x00, 0x00, 0x00, 0x00, 0x00, 0x00, 0x00, 0x00, 0x00, 0x00, 0x00, 0x00, 0x00, 0x00,
    0x00, 0x00, 0x00, 0x00, 0x00, 0x00, 0x00, 0x00, 0x00, 0x00, 0x00, 0x00, 0x00, 0x00, 0x00, 0x00,
    0x00, 0x00, 0x00, 0x00, 0x00, 0x00, 0x00, 0x00, 0x00, 0x00, 0x00, 0x00, 0x00, 0x00, 0x00, 0x00,
    0x00, 0x00, 0x00, 0x00, 0x00, 0x00, 0x00, 0x00, 0x04, 0x00, 0x04, 0x00, 0x03, 0x00, 0x02, 0x00,
    0x00, 0x00, 0x00, 0x00, 0x00, 0x00, 0x00, 0x00, 0x00, 0x00, 0x00, 0x00, 0x00, 0x00, 0x00, 0x00,
    0x00, 0x00, 0x00, 0x00, 0x00, 0x00, 0x00, 0x00, 0x00, 0x00, 0x00, 0x00, 0x00, 0x00, 0x00, 0x00,
    0x00, 0x00, 0x00, 0x00, 0x00, 0x00, 0x00, 0x00, 0x00, 0x00, 0x00, 0x00, 0x00, 0x00, 0x00, 0x00,
    0x00, 0x00, 0x00, 0x00, 0x00, 0x00, 0x00, 0x00, 0x02, 0x00, 0x03, 0x00, 0x04, 0x00, 0x04, 0x00,
    0x00, 0x00, 0x00, 0x00, 0x00, 0x00, 0x00, 0x00, 0x00, 0x00, 0x00, 0x00, 0x00, 0x00, 0x00, 0x00,
    0x00, 0x00, 0x00, 0x00, 0x00, 0x00, 0x00, 0x00, 0x00, 0x00, 0x00, 0x00, 0x00, 0x00, 0x00, 0x00,
    0x00, 0x00, 0x00, 0x00, 0x00, 0x00, 0x00, 0x00, 0x00, 0x00, 0x00, 0x00, 0x00, 0x00, 0x00, 0x00,
    0x00, 0x00, 0x00, 0x00, 0x00, 0x00, 0x04, 0x00, 0x03, 0x00, 0x02, 0x00, 0x00, 0x00, 0x00, 0x00,
    0x00, 0x00, 0x00, 0x00, 0x00, 0x00, 0x00, 0x00, 0x00, 0x00, 0x00, 0x00, 0x00, 0x00, 0x00, 0x00,
    0x00, 0x00, 0x00, 0x00, 0x00, 0x00, 0x00, 0x00, 0x00, 0x00, 0x00, 0x00, 0x00, 0x00, 0x00, 0x00,
    0x00, 0x00, 0x00, 0x00, 0x00, 0x00, 0x00, 0x00, 0x00, 0x00, 0x00, 0x00, 0x00, 0x00, 0x00, 0x00,
    0x03, 0x00, 0x01, 0x00, 0x00, 0x00, 0x00, 0x00, 0x00, 0x00, 0x00, 0x00, 0x00, 0x00, 0x00, 0x00,
    0x00, 0x00, 0x00, 0x00, 0x00, 0x00, 0x00, 0x00, 0x00, 0x00, 0x00, 0x00, 0x00, 0x00, 0x00, 0x00,
    0x00, 0x00, 0x00, 0x00, 0x00, 0x00, 0x00, 0x00, 0x00, 0x00, 0x00, 0x00, 0x00, 0x00, 0x00, 0x00,
    0x00, 0x00, 0x00, 0x00, 0x00, 0x00, 0x00, 0x00, 0x00, 0x00, 0x00, 0x00, 0x00, 0x00, 0x00, 0x00,
    0x00, 0x00, 0x00, 0x00, 0x00, 0x00, 0x00, 0x00, 0x00, 0x00, 0x00, 0x00, 0x00, 0x00, 0x00, 0x00,
    0x00, 0x00, 0x00, 0x00, 0x00, 0x00, 0x00, 0x00, 0x00, 0x00, 0x00, 0x00, 0x00, 0x00, 0x00, 0x00,
    0x00, 0x00, 0x00, 0x00, 0x00, 0x00, 0x00, 0x00, 0x00, 0x00, 0x00, 0x00, 0x00, 0x00, 0x00, 0x00,
    0x00, 0x00, 0x00, 0x00, 0x00, 0x00, 0x00, 0x00, 0x00, 0x00, 0x00, 0x00, 0x00, 0x00, 0x00, 0x00,
    0x00, 0x00, 0x00, 0x00, 0x00, 0x00, 0x00, 0x00, 0x00, 0x00, 0x00, 0x00, 0x00, 0x00, 0x00, 0x00,
    0x00, 0x00, 0x00, 0x00, 0x00, 0x00, 0x00, 0x00, 0x00, 0x00, 0x00, 0x00, 0x00, 0x00, 0x00, 0x00,
    0x00, 0x00, 0x00, 0x00, 0x00, 0x00, 0x00, 0x00, 0x00, 0x00, 0x00, 0x00, 0x00, 0x00, 0x00, 0x00,
    0x00, 0x00, 0x00, 0x00, 0x00, 0x00, 0x00, 0x00, 0x00, 0x00, 0x00, 0x00, 0x00, 0x00, 0x00, 0x00,
    0x00, 0x00, 0x00, 0x00, 0x00, 0x00, 0x00, 0x00, 0x00, 0x00, 0x00, 0x00, 0x00, 0x00, 0x00, 0x00,
    0x00, 0x00, 0x00, 0x00, 0x00, 0x00, 0x00, 0x00, 0x00, 0x00, 0x00, 0x00, 0x00, 0x00, 0x00, 0x00,
    0x00, 0x00, 0x00, 0x00, 0x00, 0x00, 0x00, 0x00, 0x00, 0x00, 0x00, 0x00, 0x00, 0x00, 0x00, 0x00,
    0x00, 0x00, 0x00, 0x00, 0x00, 0x00, 0x00, 0x00, 0x00, 0x00, 0x00, 0x00, 0x00, 0x00, 0x00, 0x00,
    0x00, 0x00, 0x00, 0x00, 0x00, 0x00, 0x00, 0x00, 0x00, 0x00, 0x00, 0x00, 0x00, 0x00, 0x00, 0x00,
    0x00, 0x00, 0x00, 0x00, 0x00, 0x00, 0x00, 0x00, 0x00, 0x00, 0x00, 0x00, 0x00, 0x00, 0x00, 0x00,
    0x00, 0x00, 0x00, 0x00, 0x00, 0x00, 0x00, 0x00, 0x00, 0x00, 0x00, 0x00, 0x00, 0x00, 0x00, 0x00,
    0x00, 0x00, 0x00, 0x00, 0x00, 0x00, 0x00, 0x00, 0x00, 0x00, 0x00, 0x00, 0x00, 0x00, 0x00, 0x00,
    0x00, 0x00, 0x00, 0x00, 0x00, 0x00, 0x00, 0x00, 0x00, 0x00, 0x00, 0x00, 0x00, 0x00, 0x00, 0x00,
    0x00, 0x00, 0x00, 0x00, 0x00, 0x00, 0x00, 0x00, 0x00, 0x00, 0x00, 0x00, 0x00, 0x00, 0x00, 0x00,
    0x00, 0x00, 0x00, 0x00, 0x00, 0x00, 0x00, 0x00, 0x00, 0x00, 0x00, 0x00, 0x00, 0x00, 0x00, 0x00,
    0x00, 0x00, 0x00, 0x00, 0x00, 0x00, 0x00, 0x00, 0x00, 0x00, 0x00, 0x00, 0x00, 0x00, 0x00, 0x00,
    0x00, 0x00, 0x00, 0x00, 0x00, 0x00, 0x00, 0x00, 0x00, 0x00, 0x00, 0x00, 0x00, 0x00, 0x00, 0x00,
    0x00, 0x00, 0x00, 0x00, 0x00, 0x00, 0x00, 0x00, 0x00, 0x00, 0x00, 0x00, 0x00, 0x00, 0x00, 0x00,
    0x00, 0x00, 0x00, 0x00, 0x00, 0x00, 0x00, 0x00, 0x00, 0x00, 0x00, 0x00, 0x00, 0x00, 0x00, 0x00,
    0x00, 0x00, 0x00, 0x00, 0x00, 0x00, 0x00, 0x00, 0x00, 0x00, 0x00, 0x00, 0x00, 0x00, 0x00, 0x00,
    0x00, 0x00, 0x00, 0x00, 0x00, 0x00, 0x00, 0x00, 0x00, 0x00, 0x00, 0x00, 0x00, 0x00, 0x00, 0x00,
    0x00, 0x00, 0x00, 0x00, 0x00, 0x00, 0x00, 0x00, 0x00, 0x00, 0x00, 0x00, 0x00, 0x00, 0x00, 0x00,
    0x00, 0x00, 0x00, 0x00, 0x00, 0x00, 0x00, 0x00, 0x00, 0x00, 0x00, 0x00, 0x00, 0x00, 0x00, 0x00,
    0x00, 0x00, 0x00, 0x00, 0x00, 0x00, 0x00, 0x00, 0x00, 0x00, 0x00, 0x00, 0x00, 0x00, 0x00, 0x00,
    0x00, 0x00, 0x00, 0x00, 0x00, 0x00, 0x00, 0x00, 0x00, 0x00, 0x00, 0x00, 0x00, 0x00, 0x00, 0x00,
    0x00, 0x00, 0x00, 0x00, 0x00, 0x00, 0x00, 0x00, 0x00, 0x00, 0x00, 0x00, 0x00, 0x00, 0x00, 0x00,
    0x00, 0x00, 0x00, 0x00, 0x00, 0x00, 0x00, 0x00, 0x00, 0x00, 0x00, 0x00, 0x00, 0x00, 0x00, 0x00,
    0x00, 0x00, 0x00, 0x00, 0x00, 0x00, 0x00, 0x00, 0x00, 0x00, 0x00, 0x00, 0x00, 0x00, 0x00, 0x00,
    0x00, 0x00, 0x00, 0x00, 0x00, 0x00, 0x00, 0x00, 0x00, 0x00, 0x00, 0x00, 0x00, 0x00, 0x00, 0x00,
    0x00, 0x00, 0x00, 0x00, 0x00, 0x00, 0x00, 0x00, 0x00, 0x00, 0x00, 0x00, 0x00, 0x00, 0x00, 0x00,
    0x00, 0x00, 0x00, 0x00, 0x00, 0x00, 0x00, 0x00, 0x00, 0x00, 0x00, 0x00, 0x00, 0x00, 0x00, 0x00,
    0x00, 0x00, 0x00, 0x00, 0x00, 0x00, 0x00, 0x00, 0x00, 0x00, 0x00, 0x00, 0x00, 0x00, 0x00, 0x00,
    0x00, 0x00, 0x00, 0x00, 0x00, 0x00, 0x00, 0x00, 0x00, 0x00, 0x00, 0x00, 0x00, 0x00, 0x00, 0x00,
    0x00, 0x00, 0x00, 0x00, 0x00, 0x00, 0x00, 0x00, 0x00, 0x00, 0x00, 0x00, 0x00, 0x00, 0x00, 0x00,
    0x00, 0x00, 0x00, 0x00, 0x00, 0x00, 0x00, 0x00, 0x00, 0x00, 0x00, 0x00, 0x00, 0x00, 0x00, 0x00,
    0x00, 0x00, 0x00, 0x00, 0x00, 0x00, 0x00, 0x00, 0x00, 0x00, 0x00, 0x00, 0x00, 0x00, 0x00, 0x00,
    0x00, 0x00, 0x00, 0x00, 0x00, 0x00, 0x00, 0x00, 0x00, 0x00, 0x00, 0x00, 0x00, 0x00, 0x00, 0x00,
    0x00, 0x00, 0x00, 0x00, 0x00, 0x00, 0x00, 0x00, 0x00, 0x00, 0x00, 0x00, 0x00, 0x00, 0x00, 0x00,
    0x00, 0x00, 0x00, 0x00, 0x00, 0x00, 0x00, 0x00, 0x00, 0x00, 0x00, 0x00, 0x00, 0x00, 0x00, 0x00,
    0x00, 0x00, 0x00, 0x00, 0x00, 0x00, 0x00, 0x00, 0x00, 0x00, 0x00, 0x00, 0x00, 0x00, 0x00, 0x00,
    0x00, 0x00, 0x00, 0x00, 0x00, 0x00, 0x00, 0x00, 0x00, 0x00, 0x00, 0x00, 0x00, 0x00, 0x00, 0x00,
    0x00, 0x00, 0x00, 0x00, 0x00, 0x00, 0x00, 0x00, 0x00, 0x00, 0x00, 0x00, 0x00, 0x00, 0x00, 0x00,
    0x00, 0x00, 0x00, 0x00, 0x00, 0x00, 0x00, 0x00, 0x00, 0x00, 0x00, 0x00, 0x00, 0x00, 0x00, 0x00,
    0x00, 0x00, 0x00, 0x00, 0x00, 0x00, 0x00, 0x00, 0x00, 0x00, 0x00, 0x00, 0x00, 0x00, 0x00, 0x00,
    0x00, 0x00, 0x00, 0x00, 0x00, 0x00, 0x00, 0x00, 0x00, 0x00, 0x00, 0x00, 0x00, 0x00, 0x00, 0x00,
    0x00, 0x00, 0x00, 0x00, 0x00, 0x00, 0x00, 0x00, 0x00, 0x00, 0x00, 0x00, 0x00, 0x00, 0x00, 0x00,
    0x00, 0x00, 0x00, 0x00, 0x00, 0x00, 0x00, 0x00, 0x00, 0x00, 0x00, 0x00, 0x00, 0x00, 0x00, 0x00,
    0x00, 0x00, 0x00, 0x00, 0x00, 0x00, 0x00, 0x00, 0x00, 0x00, 0x00, 0x00, 0x00, 0x00, 0x00, 0x00,
};
